"lsoa21_code","lsoa21_name","ltla24_code","ltla24_name","official_rank","weight_fallout_count","weight_fallout_frequency","joint_fallout_count","joint_fallout_frequency"
"E01027518","Northumberland 020C","E06000057","Northumberland",3362,482,0.482,607,0.607
"E01007998","Sheffield 025B","E08000019","Sheffield",3373,524,0.524,588,0.588
"E01029095","Sedgemoor 009B","E06000066","Somerset",3374,520,0.52,581,0.581
"E01001807","Hackney 003D","E09000012","Hackney",3343,487,0.487,576,0.576
"E01033702","Hackney 028C","E09000012","Hackney",3344,484,0.484,575,0.575
"E01013281","North Lincolnshire 016C","E06000013","North Lincolnshire",3356,476,0.476,573,0.573
"E01025236","Preston 009A","E07000123","Preston",3370,495,0.495,564,0.564
"E01006484","Knowsley 011D","E08000011","Knowsley",3355,478,0.478,563,0.563
"E01012362","Darlington 016A","E06000005","Darlington",3367,485,0.485,545,0.545
"E01018108","Fenland 002D","E07000010","Fenland",3318,449,0.449,545,0.545
"E01026328","South Kesteven 003D","E07000141","South Kesteven",3360,505,0.505,537,0.537
"E01004322","Tower Hamlets 017A","E09000030","Tower Hamlets",3313,429,0.429,536,0.536
"E01004304","Tower Hamlets 022C","E09000030","Tower Hamlets",3364,529,0.529,521,0.521
"E01003577","Newham 005C","E09000025","Newham",3327,460,0.46,515,0.515
"E01012949","East Riding of Yorkshire 003E","E06000011","East Riding of Yorkshire",3346,457,0.457,508,0.508
"E01022913","Havant 009A","E07000090","Havant",3361,489,0.489,505,0.505
"E01010802","Bradford 036F","E08000032","Bradford",3363,480,0.48,505,0.505
"E01034047","Stafford 010F","E07000197","Stafford",3292,391,0.391,505,0.505
"E01001361","Ealing 023E","E09000009","Ealing",3336,458,0.458,504,0.504
"E01006762","Liverpool 015E","E08000012","Liverpool",3350,412,0.412,502,0.502
"E01013896","Nottingham 034B","E06000018","Nottingham",3366,480,0.48,501,0.501
"E01015151","Plymouth 033A","E06000026","Plymouth",3354,458,0.458,500,0.5
"E01022458","Tewkesbury 002C","E07000083","Tewkesbury",3337,456,0.456,498,0.498
"E01002720","Islington 016C","E09000019","Islington",3368,517,0.517,495,0.495
"E01014269","Stoke-on-Trent 010A","E06000021","Stoke-on-Trent",3349,447,0.447,494,0.494
"E01001971","Haringey 001B","E09000014","Haringey",3357,509,0.509,483,0.483
"E01013129","North East Lincolnshire 024D","E06000012","North East Lincolnshire",3332,448,0.448,480,0.48
"E01001944","Hammersmith and Fulham 004B","E09000013","Hammersmith and Fulham",3375,545,0.545,478,0.478
"E01006308","Wigan 012B","E08000010","Wigan",3372,506,0.506,475,0.475
"E01003591","Newham 004D","E09000025","Newham",3323,462,0.462,472,0.472
"E01026166","Lincoln 001C","E07000138","Lincoln",3351,448,0.448,465,0.465
"E01035191","Middlesbrough 001J","E06000002","Middlesbrough",3371,483,0.483,460,0.46
"E01024019","Ashford 008B","E07000105","Ashford",3319,404,0.404,460,0.46
"E01002076","Haringey 015B","E09000014","Haringey",3369,524,0.524,458,0.458
"E01033367","Bristol 025F","E06000023","Bristol, City of",3254,304,0.304,458,0.458
"E01015152","Plymouth 027C","E06000026","Plymouth",3334,388,0.388,457,0.457
"E01011816","Wakefield 016D","E08000036","Wakefield",3276,335,0.335,454,0.454
"E01006011","Tameside 018A","E08000008","Tameside",3358,453,0.453,451,0.451
"E01001725","Hackney 004A","E09000012","Hackney",3066,241,0.241,451,0.451
"E01033675","Manchester 058D","E08000003","Manchester",3359,488,0.488,448,0.448
"E01000528","Brent 025F","E09000005","Brent",3308,435,0.435,443,0.443
"E01009342","Birmingham 063D","E08000025","Birmingham",3352,468,0.468,441,0.441
"E01011256","Kirklees 028E","E08000034","Kirklees",3365,516,0.516,435,0.435
"E01001799","Hackney 003A","E09000012","Hackney",3046,227,0.227,432,0.432
"E01033900","Bradford 044G","E08000032","Bradford",3249,330,0.33,423,0.423
"E01026832","Norwich 002E","E07000148","Norwich",3253,285,0.285,421,0.421
"E01034307","Dudley 006I","E08000027","Dudley",3325,381,0.381,414,0.414
"E01027199","West Northamptonshire 014D","E06000062","West Northamptonshire",3353,473,0.473,411,0.411
"E01013908","Nottingham 036B","E06000018","Nottingham",3317,368,0.368,406,0.406
"E01015538","Swindon 016A","E06000030","Swindon",3312,354,0.354,403,0.403
"E01010448","Wolverhampton 018F","E08000031","Wolverhampton",3345,420,0.42,402,0.402
"E01011656","Leeds 035A","E08000035","Leeds",3301,326,0.326,401,0.401
"E01000626","Brent 010E","E09000005","Brent",3303,401,0.401,396,0.396
"E01009101","Birmingham 029D","E08000025","Birmingham",3316,355,0.355,396,0.396
"E01002050","Haringey 029A","E09000014","Haringey",2994,201,0.201,396,0.396
"E01002604","Hounslow 026A","E09000018","Hounslow",3328,430,0.43,395,0.395
"E01004757","Westminster 010C","E09000033","Westminster",3320,432,0.432,392,0.392
"E01019041","Cornwall 039B","E06000052","Cornwall",3340,434,0.434,383,0.383
"E01020929","Eastbourne 003B","E07000061","Eastbourne",3348,404,0.404,383,0.383
"E01015601","Peterborough 012A","E06000031","Peterborough",3278,348,0.348,383,0.383
"E01009877","Dudley 020E","E08000027","Dudley",3315,323,0.323,382,0.382
"E01020733","County Durham 035A","E06000047","County Durham",3305,305,0.305,382,0.382
"E01013473","Derby 025B","E06000015","Derby",3338,387,0.387,372,0.372
"E01031063","Nuneaton and Bedworth 013B","E07000219","Nuneaton and Bedworth",3302,353,0.353,368,0.368
"E01034331","Wyre Forest 004E","E07000239","Wyre Forest",3288,284,0.284,361,0.361
"E01015703","Luton 015A","E06000032","Luton",3311,390,0.39,357,0.357
"E01007856","Sheffield 007A","E08000019","Sheffield",3331,351,0.351,357,0.357
"E01009323","Birmingham 069E","E08000025","Birmingham",3333,374,0.374,356,0.356
"E01020985","Hastings 011D","E07000062","Hastings",3306,414,0.414,355,0.355
"E01005661","Salford 004A","E08000006","Salford",3324,349,0.349,355,0.355
"E01005219","Manchester 031A","E08000003","Manchester",3275,337,0.337,347,0.347
"E01012589","Blackburn with Darwen 014A","E06000008","Blackburn with Darwen",3298,328,0.328,346,0.346
"E01010961","Calderdale 006D","E08000033","Calderdale",3250,280,0.28,346,0.346
"E01024670","Thanet 015D","E07000114","Thanet",3339,421,0.421,343,0.343
"E01004825","Bolton 011B","E08000001","Bolton",3342,415,0.415,343,0.343
"E01014583","Bristol 044B","E06000023","Bristol, City of",3285,309,0.309,341,0.341
"E01005438","Oldham 029E","E08000004","Oldham",3347,440,0.44,335,0.335
"E01015664","Peterborough 009E","E06000031","Peterborough",3309,329,0.329,334,0.334
"E01012746","Blackpool 015E","E06000009","Blackpool",3314,327,0.327,333,0.333
"E01006549","Liverpool 043B","E08000012","Liverpool",3198,203,0.203,332,0.332
"E01031066","Nuneaton and Bedworth 013E","E07000219","Nuneaton and Bedworth",3293,282,0.282,331,0.331
"E01010511","Wolverhampton 017D","E08000031","Wolverhampton",3326,416,0.416,330,0.33
"E01015573","Swindon 016C","E06000030","Swindon",3335,346,0.346,329,0.329
"E01034955","Birmingham 143B","E08000025","Birmingham",3242,282,0.282,327,0.327
"E01003578","Newham 003A","E09000025","Newham",3174,253,0.253,327,0.327
"E01001488","Enfield 024E","E09000010","Enfield",3201,271,0.271,325,0.325
"E01005232","Manchester 020C","E08000003","Manchester",3329,360,0.36,323,0.323
"E01005704","Salford 002B","E08000006","Salford",3322,351,0.351,323,0.323
"E01012848","Kingston upon Hull 020B","E06000010","Kingston upon Hull, City of",3169,190,0.19,323,0.323
"E01024047","Canterbury 014A","E07000106","Canterbury",3209,180,0.18,323,0.323
"E01016744","Milton Keynes 032C","E06000042","Milton Keynes",3295,318,0.318,321,0.321
"E01004302","Tower Hamlets 025C","E09000030","Tower Hamlets",3257,302,0.302,321,0.321
"E01026965","North Northamptonshire 007D","E06000061","North Northamptonshire",3196,177,0.177,321,0.321
"E01006861","St. Helens 015F","E08000013","St. Helens",3273,222,0.222,317,0.317
"E01011791","Wakefield 039C","E08000036","Wakefield",3291,304,0.304,316,0.316
"E01033716","Northumberland 013F","E06000057","Northumberland",3296,263,0.263,313,0.313
"E01004249","Tower Hamlets 018D","E09000030","Tower Hamlets",3256,297,0.297,312,0.312
"E01012608","Blackburn with Darwen 001B","E06000008","Blackburn with Darwen",3341,402,0.402,310,0.31
"E01011015","Kirklees 010A","E08000034","Kirklees",3330,319,0.319,309,0.309
"E01006064","Tameside 008B","E08000008","Tameside",3282,225,0.225,309,0.309
"E01005280","Manchester 026A","E08000003","Manchester",3297,338,0.338,299,0.299
"E01006284","Wigan 027C","E08000010","Wigan",3300,279,0.279,297,0.297
"E01005192","Manchester 021D","E08000003","Manchester",3189,246,0.246,293,0.293
"E01001811","Hackney 002D","E09000012","Hackney",3243,276,0.276,291,0.291
"E01008943","Birmingham 117B","E08000025","Birmingham",3321,358,0.358,290,0.29
"E01034649","North East Derbyshire 012F","E07000038","North East Derbyshire",3259,252,0.252,285,0.285
"E01010476","Wolverhampton 015E","E08000031","Wolverhampton",3246,224,0.224,285,0.285
"E01005431","Oldham 019B","E08000004","Oldham",3310,356,0.356,284,0.284
"E01012749","Blackpool 006D","E06000009","Blackpool",3216,230,0.23,283,0.283
"E01007327","Barnsley 007E","E08000016","Barnsley",3200,151,0.151,282,0.282
"E01004301","Tower Hamlets 025B","E09000030","Tower Hamlets",3192,235,0.235,281,0.281
"E01026868","Norwich 006F","E07000148","Norwich",3081,118,0.118,274,0.274
"E01005874","Stockport 019C","E08000007","Stockport",3272,224,0.224,273,0.273
"E01012249","Stockton-on-Tees 008B","E06000004","Stockton-on-Tees",3265,188,0.188,267,0.267
"E01034257","Derby 013H","E06000015","Derby",3220,205,0.205,262,0.262
"E01024534","Folkestone and Hythe 013C","E07000112","Folkestone and Hythe",3211,232,0.232,261,0.261
"E01005318","Manchester 053E","E08000003","Manchester",3137,153,0.153,260,0.26
"E01001762","Hackney 017D","E09000012","Hackney",2609,52,0.052,250,0.25
"E01004702","Westminster 009E","E09000033","Westminster",3233,241,0.241,247,0.247
"E01005461","Oldham 037A","E08000004","Oldham",3274,286,0.286,246,0.246
"E01003197","Lewisham 029E","E09000023","Lewisham",3284,268,0.268,244,0.244
"E01017474","Bedford 015C","E06000055","Bedford",3307,266,0.266,243,0.243
"E01034792","Gloucester 004H","E07000081","Gloucester",3057,99,0.099,243,0.243
"E01022968","Havant 008C","E07000090","Havant",3128,116,0.116,241,0.241
"E01002842","Kensington and Chelsea 021C","E09000020","Kensington and Chelsea",3190,199,0.199,228,0.228
"E01017169","Southampton 027C","E06000045","Southampton",3299,243,0.243,227,0.227
"E01006573","Liverpool 029C","E08000012","Liverpool",3252,205,0.205,226,0.226
"E01013762","Leicester 022F","E06000016","Leicester",3145,180,0.18,226,0.226
"E01001482","Enfield 023B","E09000010","Enfield",3227,230,0.23,224,0.224
"E01010929","Calderdale 010A","E08000033","Calderdale",3279,274,0.274,220,0.22
"E01003487","Newham 033D","E09000025","Newham",3281,246,0.246,218,0.218
"E01001056","Croydon 030D","E09000008","Croydon",3260,215,0.215,217,0.217
"E01012068","Middlesbrough 001A","E06000002","Middlesbrough",2829,50,0.05,215,0.215
"E01005569","Rochdale 012F","E08000005","Rochdale",3304,196,0.196,209,0.209
"E01014127","Telford and Wrekin 005C","E06000020","Telford and Wrekin",3268,190,0.19,208,0.208
"E01001722","Hackney 029A","E09000012","Hackney",3020,127,0.127,207,0.207
"E01019863","South Derbyshire 008D","E07000039","South Derbyshire",3234,142,0.142,206,0.206
"E01008086","Sheffield 009B","E08000019","Sheffield",3290,217,0.217,205,0.205
"E01003732","Redbridge 032D","E09000026","Redbridge",2922,85,0.085,204,0.204
"E01007323","Barnsley 007A","E08000016","Barnsley",3231,140,0.14,202,0.202
"E01000891","Camden 007C","E09000007","Camden",3270,244,0.244,199,0.199
"E01026375","West Lindsey 006B","E07000142","West Lindsey",3266,198,0.198,197,0.197
"E01018519","Cheshire West and Chester 007A","E06000050","Cheshire West and Chester",3264,214,0.214,195,0.195
"E01018640","Cheshire East 021D","E06000049","Cheshire East",3203,116,0.116,195,0.195
"E01010524","Wolverhampton 013C","E08000031","Wolverhampton",3245,204,0.204,192,0.192
"E01028967","Shropshire 018C","E06000051","Shropshire",3280,167,0.167,192,0.192
"E01011354","Leeds 038A","E08000035","Leeds",3229,129,0.129,191,0.191
"E01000508","Brent 025A","E09000005","Brent",3133,153,0.153,186,0.186
"E01010003","Sandwell 030C","E08000028","Sandwell",3294,10,0.01,185,0.185
"E01022006","Tendring 002C","E07000076","Tendring",3289,200,0.2,184,0.184
"E01026161","Lincoln 010A","E07000138","Lincoln",3283,184,0.184,184,0.184
"E01014799","North Somerset 020A","E06000024","North Somerset",3199,179,0.179,184,0.184
"E01008803","Sunderland 027A","E08000024","Sunderland",3261,184,0.184,182,0.182
"E01007410","Barnsley 010E","E08000016","Barnsley",3047,50,0.05,182,0.182
"E01001825","Hackney 001E","E09000012","Hackney",2725,41,0.041,179,0.179
"E01008776","Sunderland 026B","E08000024","Sunderland",3176,87,0.087,177,0.177
"E01018878","Cornwall 053E","E06000052","Cornwall",3269,202,0.202,172,0.172
"E01026599","Great Yarmouth 004A","E07000145","Great Yarmouth",3213,198,0.198,172,0.172
"E01009395","Birmingham 097F","E08000025","Birmingham",3262,201,0.201,171,0.171
"E01020761","County Durham 034B","E06000047","County Durham",3103,78,0.078,168,0.168
"E01010341","Walsall 034C","E08000030","Walsall",3155,151,0.151,166,0.166
"E01013676","Leicester 036D","E06000016","Leicester",3277,148,0.148,166,0.166
"E01034366","Harlow 007F","E07000073","Harlow",3014,81,0.081,166,0.166
"E01006310","Wigan 012D","E08000010","Wigan",3287,143,0.143,163,0.163
"E01000499","Brent 011B","E09000005","Brent",2823,46,0.046,162,0.162
"E01026666","King's Lynn and West Norfolk 009A","E07000146","King's Lynn and West Norfolk",2992,38,0.038,162,0.162
"E01000627","Brent 014E","E09000005","Brent",3167,157,0.157,161,0.161
"E01008012","Sheffield 039B","E08000019","Sheffield",3248,124,0.124,159,0.159
"E01020885","County Durham 058B","E06000047","County Durham",3038,56,0.056,159,0.159
"E01013859","Nottingham 020A","E06000018","Nottingham",3034,67,0.067,154,0.154
"E01004812","Bolton 022B","E08000001","Bolton",3255,187,0.187,153,0.153
"E01020686","County Durham 038B","E06000047","County Durham",3195,112,0.112,153,0.153
"E01001845","Hackney 022E","E09000012","Hackney",3239,194,0.194,152,0.152
"E01006144","Trafford 011C","E08000009","Trafford",3219,144,0.144,151,0.151
"E01012872","Kingston upon Hull 015E","E06000010","Kingston upon Hull, City of",3058,98,0.098,150,0.15
"E01011324","Leeds 046A","E08000035","Leeds",3232,148,0.148,149,0.149
"E01020838","County Durham 059C","E06000047","County Durham",3228,154,0.154,146,0.146
"E01001487","Enfield 023C","E09000010","Enfield",3182,160,0.16,142,0.142
"E01007633","Doncaster 001B","E08000017","Doncaster",3088,116,0.116,142,0.142
"E01014582","Bristol 045D","E06000023","Bristol, City of",3204,106,0.106,140,0.14
"E01033248","Worcester 011E","E07000237","Worcester",3162,108,0.108,139,0.139
"E01006875","St. Helens 017C","E08000013","St. Helens",3225,123,0.123,138,0.138
"E01006607","Liverpool 008A","E08000012","Liverpool",3191,80,0.08,138,0.138
"E01024886","Burnley 004D","E07000117","Burnley",3164,140,0.14,137,0.137
"E01008625","South Tyneside 013C","E08000023","South Tyneside",3101,77,0.077,137,0.137
"E01010682","Bradford 019C","E08000032","Bradford",3267,142,0.142,136,0.136
"E01033890","Sandwell 040B","E08000028","Sandwell",3206,154,0.154,133,0.133
"E01032602","Leicester 039E","E06000016","Leicester",3286,112,0.112,130,0.13
"E01007120","Wirral 011A","E08000015","Wirral",3236,93,0.093,127,0.127
"E01002588","Hounslow 016B","E09000018","Hounslow",3146,132,0.132,126,0.126
"E01034150","Croydon 046D","E09000008","Croydon",3093,115,0.115,125,0.125
"E01006326","Wigan 033D","E08000010","Wigan",2974,60,0.06,123,0.123
"E01009197","Birmingham 058C","E08000025","Birmingham",3193,134,0.134,122,0.122
"E01007539","Doncaster 035C","E08000017","Doncaster",3244,113,0.113,122,0.122
"E01018521","Cheshire West and Chester 011A","E06000050","Cheshire West and Chester",3149,63,0.063,122,0.122
"E01033630","Birmingham 031H","E08000025","Birmingham",3218,115,0.115,121,0.121
"E01010428","Wolverhampton 035B","E08000031","Wolverhampton",3237,140,0.14,120,0.12
"E01000640","Brent 024B","E09000005","Brent",3064,98,0.098,117,0.117
"E01008989","Birmingham 064D","E08000025","Birmingham",3106,109,0.109,112,0.112
"E01011926","Wakefield 022E","E08000036","Wakefield",3258,109,0.109,112,0.112
"E01019572","Chesterfield 001C","E07000034","Chesterfield",3180,84,0.084,111,0.111
"E01009833","Dudley 032A","E08000027","Dudley",3210,125,0.125,110,0.11
"E01007708","Rotherham 021A","E08000018","Rotherham",3194,71,0.071,110,0.11
"E01007295","Wirral 027D","E08000015","Wirral",3226,99,0.099,109,0.109
"E01011912","Wakefield 017B","E08000036","Wakefield",3036,41,0.041,109,0.109
"E01008482","North Tyneside 023B","E08000022","North Tyneside",3208,73,0.073,108,0.108
"E01005027","Bury 011B","E08000002","Bury",3156,109,0.109,107,0.107
"E01029131","Sedgemoor 005B","E06000066","Somerset",3271,91,0.091,107,0.107
"E01010836","Bradford 044C","E08000032","Bradford",3031,73,0.073,107,0.107
"E01032541","Hartlepool 003H","E06000001","Hartlepool",3085,63,0.063,105,0.105
"E01012409","Halton 015C","E06000006","Halton",3054,43,0.043,104,0.104
"E01008396","Newcastle upon Tyne 022B","E08000021","Newcastle upon Tyne",3114,100,0.1,103,0.103
"E01032607","Leeds 067J","E08000035","Leeds",3130,87,0.087,102,0.102
"E01001728","Hackney 029B","E09000012","Hackney",2472,8,0.00800000000000001,100,0.1
"E01019193","Carlisle 009A","E06000063","Cumberland",3082,26,0.026,97,0.097
"E01011030","Kirklees 006C","E08000034","Kirklees",3247,119,0.119,96,0.096
"E01010749","Bradford 056D","E08000032","Bradford",3144,67,0.067,96,0.096
"E01001509","Enfield 014C","E09000010","Enfield",3151,109,0.109,95,0.095
"E01008966","Birmingham 107E","E08000025","Birmingham",3170,76,0.076,93,0.093
"E01007024","Sefton 024C","E08000014","Sefton",2990,32,0.032,93,0.093
"E01010291","Walsall 009A","E08000030","Walsall",3223,83,0.083,92,0.092
"E01019108","Allerdale 010A","E06000063","Cumberland",3251,75,0.075,92,0.092
"E01028569","Oxford 018C","E07000178","Oxford",3150,74,0.074,92,0.092
"E01010263","Walsall 033B","E08000030","Walsall",3188,102,0.102,91,0.091
"E01026809","Norwich 004G","E07000148","Norwich",3214,95,0.095,90,0.09
"E01035694","Tower Hamlets 024G","E09000030","Tower Hamlets",3134,101,0.101,89,0.089
"E01009028","Birmingham 090D","E08000025","Birmingham",3112,76,0.076,88,0.088
"E01015087","Plymouth 006B","E06000026","Plymouth",3181,62,0.062,88,0.088
"E01028568","Oxford 018B","E07000178","Oxford",3138,66,0.066,87,0.087
"E01002790","Islington 016D","E09000019","Islington",3179,109,0.109,86,0.086
"E01009481","Birmingham 044D","E08000025","Birmingham",3136,101,0.101,86,0.086
"E01014293","Stoke-on-Trent 019A","E06000021","Stoke-on-Trent",2765,16,0.016,84,0.084
"E01019055","Cornwall 024D","E06000052","Cornwall",2999,73,0.073,83,0.083
"E01010019","Sandwell 024B","E08000028","Sandwell",3095,75,0.075,81,0.081
"E01019563","Chesterfield 002A","E07000034","Chesterfield",3212,72,0.072,81,0.081
"E01000604","Brent 021E","E09000005","Brent",2811,22,0.022,81,0.081
"E01033198","County Durham 021E","E06000047","County Durham",3017,21,0.021,81,0.081
"E01009503","Birmingham 101D","E08000025","Birmingham",3222,68,0.068,78,0.078
"E01026172","Lincoln 010C","E07000138","Lincoln",3230,76,0.076,76,0.076
"E01010308","Walsall 002D","E08000030","Walsall",3202,63,0.063,76,0.076
"E01007450","Barnsley 023D","E08000016","Barnsley",3065,39,0.039,76,0.076
"E01015144","Plymouth 009D","E06000026","Plymouth",3263,14,0.014,75,0.075
"E01008703","Sunderland 013B","E08000024","Sunderland",2769,4,0.004,75,0.075
"E01032469","Wyre Forest 009A","E07000239","Wyre Forest",2835,1,0.001,73,0.073
"E01013754","Leicester 018E","E06000016","Leicester",2947,37,0.037,72,0.072
"E01010463","Wolverhampton 020A","E08000031","Wolverhampton",3241,73,0.073,70,0.07
"E01001729","Hackney 019A","E09000012","Hackney",3140,67,0.067,70,0.07
"E01002069","Haringey 024B","E09000014","Haringey",3012,62,0.062,67,0.067
"E01005967","Tameside 019E","E08000008","Tameside",3240,52,0.052,66,0.066
"E01016910","Brighton and Hove 009D","E06000043","Brighton and Hove",3124,51,0.051,63,0.063
"E01010271","Walsall 017A","E08000030","Walsall",2998,20,0.02,63,0.063
"E01001437","Enfield 014A","E09000010","Enfield",3013,42,0.042,62,0.062
"E01006435","Knowsley 005D","E08000011","Knowsley",3026,25,0.025,62,0.062
"E01032799","Gravesham 002F","E07000109","Gravesham",3187,54,0.054,60,0.06
"E01004198","Tower Hamlets 002B","E09000030","Tower Hamlets",3183,70,0.07,59,0.059
"E01002091","Haringey 006A","E09000014","Haringey",3117,60,0.06,59,0.059
"E01007333","Barnsley 006D","E08000016","Barnsley",3109,50,0.05,59,0.059
"E01011342","Leeds 060C","E08000035","Leeds",3099,39,0.039,56,0.056
"E01004857","Bolton 027D","E08000001","Bolton",3205,35,0.035,55,0.055
"E01026030","Boston 002C","E07000136","Boston",3010,15,0.015,55,0.055
"E01001809","Hackney 001B","E09000012","Hackney",2438,4,0.004,55,0.055
"E01012132","Redcar and Cleveland 016A","E06000003","Redcar and Cleveland",3129,81,0.081,54,0.054
"E01014834","North Somerset 025D","E06000024","North Somerset",3217,52,0.052,54,0.054
"E01014042","Herefordshire 002B","E06000019","Herefordshire, County of",3163,47,0.047,54,0.054
"E01009326","Birmingham 066D","E08000025","Birmingham",2979,32,0.032,53,0.053
"E01018551","Cheshire West and Chester 011C","E06000050","Cheshire West and Chester",3055,24,0.024,53,0.053
"E01008253","Gateshead 010C","E08000037","Gateshead",3178,60,0.06,52,0.052
"E01017236","Southampton 012A","E06000045","Southampton",3185,39,0.039,52,0.052
"E01009137","Birmingham 011G","E08000025","Birmingham",3238,50,0.05,49,0.049
"E01009308","Birmingham 046C","E08000025","Birmingham",3172,39,0.039,49,0.049
"E01000523","Brent 031A","E09000005","Brent",2961,45,0.045,48,0.048
"E01010832","Bradford 035E","E08000032","Bradford",3184,35,0.035,48,0.048
"E01012865","Kingston upon Hull 027E","E06000010","Kingston upon Hull, City of",3152,61,0.061,47,0.047
"E01001847","Hackney 018B","E09000012","Hackney",3097,49,0.049,47,0.047
"E01034236","Doncaster 019G","E08000017","Doncaster",2744,6,0.006,46,0.046
"E01017336","Isle of Wight 004B","E06000046","Isle of Wight",3087,55,0.055,45,0.045
"E01002071","Haringey 025C","E09000014","Haringey",3116,14,0.014,45,0.045
"E01025006","Fylde 004B","E07000119","Fylde",3161,40,0.04,44,0.044
"E01013763","Leicester 027D","E06000016","Leicester",2906,22,0.022,44,0.044
"E01009588","Coventry 043A","E08000026","Coventry",3221,10,0.01,44,0.044
"E01011510","Leeds 025D","E08000035","Leeds",2959,15,0.015,43,0.043
"E01027392","Northumberland 022A","E06000057","Northumberland",2855,1,0.001,43,0.043
"E01001885","Hammersmith and Fulham 015A","E09000013","Hammersmith and Fulham",3125,44,0.044,42,0.042
"E01007228","Wirral 012E","E08000015","Wirral",2723,2,0.002,42,0.042
"E01018685","Cheshire West and Chester 002A","E06000050","Cheshire West and Chester",3224,31,0.031,40,0.04
"E01020917","Eastbourne 002A","E07000061","Eastbourne",3177,47,0.047,39,0.039
"E01002904","Kensington and Chelsea 002A","E09000020","Kensington and Chelsea",3092,39,0.039,39,0.039
"E01006759","Liverpool 028D","E08000012","Liverpool",2951,22,0.022,39,0.039
"E01002055","Haringey 029D","E09000014","Haringey",2273,0,0,39,0.039
"E01005149","Manchester 008C","E08000003","Manchester",2958,36,0.036,38,0.038
"E01004861","Bolton 033A","E08000001","Bolton",3197,26,0.026,38,0.038
"E01005065","Manchester 018D","E08000003","Manchester",3104,24,0.024,38,0.038
"E01004256","Tower Hamlets 024C","E09000030","Tower Hamlets",2972,41,0.041,37,0.037
"E01019277","Copeland 004H","E06000063","Cumberland",3168,39,0.039,37,0.037
"E01009637","Coventry 024B","E08000026","Coventry",3135,37,0.037,37,0.037
"E01008348","Newcastle upon Tyne 019F","E08000021","Newcastle upon Tyne",3186,28,0.028,37,0.037
"E01005640","Salford 029B","E08000006","Salford",3215,24,0.024,37,0.037
"E01007016","Sefton 034D","E08000014","Sefton",3083,37,0.037,36,0.036
"E01034122","Manchester 024E","E08000003","Manchester",3049,18,0.018,35,0.035
"E01024616","Swale 002D","E07000113","Swale",3006,13,0.013,35,0.035
"E01017466","Bedford 012A","E06000055","Bedford",3120,40,0.04,33,0.033
"E01006541","Liverpool 015A","E08000012","Liverpool",3071,28,0.028,33,0.033
"E01009445","Birmingham 005A","E08000025","Birmingham",3173,33,0.033,32,0.032
"E01024893","Burnley 002A","E07000117","Burnley",2918,12,0.012,32,0.032
"E01031454","Arun 011C","E07000224","Arun",3096,30,0.03,31,0.031
"E01005230","Manchester 022B","E08000003","Manchester",3042,24,0.024,31,0.031
"E01006919","St. Helens 007F","E08000013","St. Helens",3108,23,0.023,31,0.031
"E01006736","Liverpool 005E","E08000012","Liverpool",3040,13,0.013,31,0.031
"E01001812","Hackney 003E","E09000012","Hackney",2374,0,0,31,0.031
"E01008706","Sunderland 011C","E08000024","Sunderland",2795,7,0.00700000000000001,30,0.03
"E01021288","Basildon 016B","E07000066","Basildon",3079,20,0.02,29,0.029
"E01014199","Telford and Wrekin 021C","E06000020","Telford and Wrekin",3142,17,0.017,29,0.029
"E01014281","Stoke-on-Trent 015A","E06000021","Stoke-on-Trent",3039,26,0.026,28,0.028
"E01024476","Sevenoaks 002A","E07000111","Sevenoaks",3207,19,0.019,28,0.028
"E01007367","Barnsley 025D","E08000016","Barnsley",3023,10,0.01,28,0.028
"E01034991","Maidstone 004H","E07000110","Maidstone",2882,4,0.004,28,0.028
"E01010037","Sandwell 009D","E08000028","Sandwell",3105,21,0.021,27,0.027
"E01007365","Barnsley 025B","E08000016","Barnsley",3072,20,0.02,27,0.027
"E01007271","Wirral 010E","E08000015","Wirral",2761,5,0.005,27,0.027
"E01024661","Thanet 004A","E07000114","Thanet",3158,15,0.015,26,0.026
"E01008191","Gateshead 023C","E08000037","Gateshead",3011,8,0.00800000000000001,26,0.026
"E01001562","Enfield 037D","E09000010","Enfield",3033,31,0.031,25,0.025
"E01009748","Dudley 013A","E08000027","Dudley",3148,17,0.017,25,0.025
"E01007320","Barnsley 018C","E08000016","Barnsley",3166,16,0.016,25,0.025
"E01021953","Rochford 004C","E07000075","Rochford",3132,25,0.025,24,0.024
"E01012193","Stockton-on-Tees 007B","E06000004","Stockton-on-Tees",3127,12,0.012,24,0.024
"E01005614","Salford 031C","E08000006","Salford",2707,6,0.006,24,0.024
"E01000931","Camden 013C","E09000007","Camden",3018,21,0.021,23,0.023
"E01010522","Wolverhampton 013A","E08000031","Wolverhampton",3143,19,0.019,23,0.023
"E01027907","Selby 005C","E06000065","North Yorkshire",2971,3,0.003,23,0.023
"E01001823","Hackney 001D","E09000012","Hackney",2222,0,0,23,0.023
"E01007556","Doncaster 006C","E08000017","Doncaster",3126,23,0.023,22,0.022
"E01015312","Bournemouth, Christchurch and Poole 010C","E06000058","Bournemouth, Christchurch and Poole",3175,21,0.021,22,0.022
"E01007435","Barnsley 001B","E08000016","Barnsley",2913,2,0.002,22,0.022
"E01011838","Wakefield 015C","E08000036","Wakefield",2926,2,0.002,22,0.022
"E01013565","Derby 016D","E06000015","Derby",2711,1,0.001,22,0.022
"E01011686","Leeds 033E","E08000035","Leeds",3171,14,0.014,21,0.021
"E01004858","Bolton 032A","E08000001","Bolton",2977,6,0.006,21,0.021
"E01034336","Hyndburn 006J","E07000120","Hyndburn",3235,0,0,21,0.021
"E01004257","Tower Hamlets 024D","E09000030","Tower Hamlets",2876,20,0.02,20,0.02
"E01001430","Enfield 030E","E09000010","Enfield",2868,14,0.014,20,0.02
"E01001210","Ealing 016A","E09000009","Ealing",2852,12,0.012,20,0.02
"E01006603","Liverpool 011B","E08000012","Liverpool",3001,10,0.01,20,0.02
"E01034473","Barking and Dagenham 015E","E09000002","Barking and Dagenham",2665,7,0.00700000000000001,20,0.02
"E01027519","Northumberland 020D","E06000057","Northumberland",2964,6,0.006,20,0.02
"E01024951","Chorley 001A","E07000118","Chorley",3165,18,0.018,19,0.019
"E01005206","Manchester 006C","E08000003","Manchester",3160,5,0.005,19,0.019
"E01025055","Hyndburn 007A","E07000120","Hyndburn",3075,24,0.024,18,0.018
"E01009272","Birmingham 036B","E08000025","Birmingham",3147,18,0.018,18,0.018
"E01005222","Manchester 031D","E08000003","Manchester",3068,10,0.01,18,0.018
"E01020792","County Durham 040E","E06000047","County Durham",3157,6,0.006,18,0.018
"E01022969","Havant 008D","E07000090","Havant",2985,0,0,18,0.018
"E01026149","Lincoln 001A","E07000138","Lincoln",3086,20,0.02,17,0.017
"E01012951","East Riding of Yorkshire 005D","E06000011","East Riding of Yorkshire",2955,16,0.016,17,0.017
"E01014355","Stoke-on-Trent 005B","E06000021","Stoke-on-Trent",3090,16,0.016,17,0.017
"E01008860","Sunderland 009F","E08000024","Sunderland",3089,7,0.00700000000000001,16,0.016
"E01018910","Cornwall 046C","E06000052","Cornwall",2919,6,0.006,16,0.016
"E01006328","Wigan 030A","E08000010","Wigan",2784,3,0.003,16,0.016
"E01015600","Peterborough 014B","E06000031","Peterborough",2965,14,0.014,15,0.015
"E01034112","Manchester 017H","E08000003","Manchester",3032,14,0.014,15,0.015
"E01006493","Knowsley 001C","E08000011","Knowsley",3051,13,0.013,15,0.015
"E01012952","East Riding of Yorkshire 004D","E06000011","East Riding of Yorkshire",2898,11,0.011,15,0.015
"E01013206","North East Lincolnshire 015A","E06000012","North East Lincolnshire",3024,3,0.003,15,0.015
"E01033300","Warrington 018F","E06000007","Warrington",2887,3,0.003,15,0.015
"E01011370","Leeds 082D","E08000035","Leeds",2938,2,0.002,15,0.015
"E01006769","Liverpool 040B","E08000012","Liverpool",2596,0,0,15,0.015
"E01004959","Bury 008B","E08000002","Bury",3070,17,0.017,14,0.014
"E01033980","Salford 017G","E08000006","Salford",3059,14,0.014,14,0.014
"E01032304","Worcester 002B","E07000237","Worcester",3062,9,0.00900000000000001,14,0.014
"E01031273","Warwick 006A","E07000222","Warwick",3050,8,0.00800000000000001,14,0.014
"E01007119","Wirral 019A","E08000015","Wirral",2792,0,0,14,0.014
"E01020922","Eastbourne 004C","E07000061","Eastbourne",3118,15,0.015,13,0.013
"E01013723","Leicester 012B","E06000016","Leicester",3044,12,0.012,13,0.013
"E01010106","Sandwell 019D","E08000028","Sandwell",3154,0,0,13,0.013
"E01026176","Lincoln 006B","E07000138","Lincoln",2703,0,0,13,0.013
"E01008385","Newcastle upon Tyne 021E","E08000021","Newcastle upon Tyne",3123,10,0.01,12,0.012
"E01004205","Tower Hamlets 013A","E09000030","Tower Hamlets",2820,6,0.006,12,0.012
"E01006677","Liverpool 043D","E08000012","Liverpool",2943,4,0.004,12,0.012
"E01008671","South Tyneside 012C","E08000023","South Tyneside",2745,1,0.001,12,0.012
"E01010930","Calderdale 010B","E08000033","Calderdale",3139,11,0.011,11,0.011
"E01006430","Knowsley 018C","E08000011","Knowsley",2978,10,0.01,11,0.011
"E01003087","Lambeth 031E","E09000022","Lambeth",3061,6,0.006,11,0.011
"E01009570","Coventry 015B","E08000026","Coventry",3067,3,0.003,11,0.011
"E01027422","Northumberland 024B","E06000057","Northumberland",2948,3,0.003,11,0.011
"E01014116","Telford and Wrekin 023B","E06000020","Telford and Wrekin",3022,9,0.00900000000000001,10,0.01
"E01024397","Maidstone 013D","E07000110","Maidstone",3107,4,0.004,10,0.01
"E01008524","North Tyneside 022B","E08000022","North Tyneside",2741,0,0,10,0.01
"E01026704","King's Lynn and West Norfolk 011D","E07000146","King's Lynn and West Norfolk",2683,0,0,10,0.01
"E01026634","Great Yarmouth 007C","E07000145","Great Yarmouth",2793,4,0.004,9,0.00900000000000001
"E01002736","Islington 005C","E09000019","Islington",2854,1,0.001,9,0.00900000000000001
"E01010728","Bradford 007C","E08000032","Bradford",2942,9,0.00900000000000001,8,0.00800000000000001
"E01005314","Manchester 053B","E08000003","Manchester",3030,6,0.006,8,0.00800000000000001
"E01029835","Tamworth 002A","E07000199","Tamworth",3035,6,0.006,8,0.00800000000000001
"E01005733","Salford 019E","E08000006","Salford",3141,1,0.001,8,0.00800000000000001
"E01007048","Sefton 029A","E08000014","Sefton",2787,1,0.001,8,0.00800000000000001
"E01008838","Sunderland 003C","E08000024","Sunderland",2975,1,0.001,8,0.00800000000000001
"E01033146","Enfield 025F","E09000010","Enfield",2617,0,0,8,0.00800000000000001
"E01028227","Mansfield 008A","E07000174","Mansfield",3028,10,0.01,7,0.00700000000000001
"E01003499","Newham 030A","E09000025","Newham",2888,7,0.00700000000000001,7,0.00700000000000001
"E01027956","Ashfield 008C","E07000170","Ashfield",3056,6,0.006,7,0.00700000000000001
"E01017237","Southampton 012B","E06000045","Southampton",3115,5,0.005,7,0.00700000000000001
"E01009414","Birmingham 030E","E08000025","Birmingham",3080,0,0,7,0.00700000000000001
"E01005243","Manchester 024B","E08000003","Manchester",3008,5,0.005,6,0.006
"E01030274","East Suffolk 009B","E07000244","East Suffolk",2912,5,0.005,6,0.006
"E01002092","Haringey 006B","E09000014","Haringey",2747,3,0.003,6,0.006
"E01001330","Ealing 008D","E09000009","Ealing",2685,2,0.002,6,0.006
"E01013237","North Lincolnshire 018B","E06000013","North Lincolnshire",2993,1,0.001,6,0.006
"E01021998","Tendring 001B","E07000076","Tendring",2966,1,0.001,6,0.006
"E01030264","East Suffolk 004E","E07000244","East Suffolk",3159,1,0.001,6,0.006
"E01001814","Hackney 001C","E09000012","Hackney",2200,0,0,6,0.006
"E01015288","Bournemouth, Christchurch and Poole 041A","E06000058","Bournemouth, Christchurch and Poole",3063,0,0,6,0.006
"E01027427","Northumberland 025C","E06000057","Northumberland",2869,0,0,6,0.006
"E01011167","Kirklees 011G","E08000034","Kirklees",2981,9,0.00900000000000001,5,0.005
"E01033473","Redcar and Cleveland 013E","E06000003","Redcar and Cleveland",3069,5,0.005,5,0.005
"E01004300","Tower Hamlets 022B","E09000030","Tower Hamlets",2678,3,0.003,5,0.005
"E01012707","Blackpool 007A","E06000009","Blackpool",2957,3,0.003,5,0.005
"E01005650","Salford 010C","E08000006","Salford",2901,1,0.001,5,0.005
"E01035539","Peterborough 007H","E06000031","Peterborough",2848,1,0.001,5,0.005
"E01002095","Haringey 006D","E09000014","Haringey",2991,0,0,5,0.005
"E01015384","Bournemouth, Christchurch and Poole 022E","E06000058","Bournemouth, Christchurch and Poole",2803,0,0,5,0.005
"E01034680","Boston 002G","E07000136","Boston",2753,0,0,5,0.005
"E01013162","North East Lincolnshire 011C","E06000012","North East Lincolnshire",3002,9,0.00900000000000001,4,0.004
"E01012905","Kingston upon Hull 006C","E06000010","Kingston upon Hull, City of",3131,4,0.004,4,0.004
"E01015938","Thurrock 012F","E06000034","Thurrock",3004,4,0.004,4,0.004
"E01005447","Oldham 003D","E08000004","Oldham",2910,1,0.001,4,0.004
"E01009050","Birmingham 035A","E08000025","Birmingham",2902,1,0.001,4,0.004
"E01004235","Tower Hamlets 008A","E09000030","Tower Hamlets",2295,0,0,4,0.004
"E01004241","Tower Hamlets 012B","E09000030","Tower Hamlets",2576,0,0,4,0.004
"E01033456","Brent 027F","E09000005","Brent",2365,0,0,4,0.004
"E01033690","Bradford 065C","E08000032","Bradford",2494,0,0,4,0.004
"E01011721","Leeds 041A","E08000035","Leeds",3111,6,0.006,3,0.003
"E01020765","County Durham 032F","E06000047","County Durham",2914,4,0.004,3,0.003
"E01027543","Northumberland 009C","E06000057","Northumberland",3091,4,0.004,3,0.003
"E01001838","Hackney 019E","E09000012","Hackney",2817,3,0.003,3,0.003
"E01005470","Rochdale 015A","E08000005","Rochdale",2804,3,0.003,3,0.003
"E01001433","Enfield 007A","E09000010","Enfield",2864,2,0.002,3,0.003
"E01004264","Tower Hamlets 010C","E09000030","Tower Hamlets",2880,2,0.002,3,0.003
"E01008119","Sheffield 009F","E08000019","Sheffield",2905,2,0.002,3,0.003
"E01011865","Wakefield 042D","E08000036","Wakefield",2806,2,0.002,3,0.003
"E01033271","Sheffield 040E","E08000019","Sheffield",3021,2,0.002,3,0.003
"E01008813","Sunderland 014C","E08000024","Sunderland",2861,1,0.001,3,0.003
"E01013571","Derby 023B","E06000015","Derby",3019,1,0.001,3,0.003
"E01013820","Nottingham 013B","E06000018","Nottingham",2973,1,0.001,3,0.003
"E01003783","Redbridge 029A","E09000026","Redbridge",2583,0,0,3,0.003
"E01005580","Rochdale 008A","E08000005","Rochdale",3007,0,0,3,0.003
"E01006167","Trafford 019D","E08000009","Trafford",2767,0,0,3,0.003
"E01007530","Doncaster 022B","E08000017","Doncaster",2681,0,0,3,0.003
"E01013891","Nottingham 004E","E06000018","Nottingham",3073,0,0,3,0.003
"E01029372","Cannock Chase 002A","E07000192","Cannock Chase",2772,0,0,3,0.003
"E01004847","Bolton 025B","E08000001","Bolton",2984,6,0.006,2,0.002
"E01001545","Enfield 002B","E09000010","Enfield",2950,5,0.005,2,0.002
"E01011036","Kirklees 012C","E08000034","Kirklees",3121,2,0.002,2,0.002
"E01016010","Thurrock 018H","E06000034","Thurrock",3094,2,0.002,2,0.002
"E01008157","Sheffield 026D","E08000019","Sheffield",2921,1,0.001,2,0.002
"E01008822","Sunderland 004E","E08000024","Sunderland",2865,1,0.001,2,0.002
"E01009661","Coventry 028D","E08000026","Coventry",2970,1,0.001,2,0.002
"E01024646","Thanet 016A","E07000114","Thanet",2862,1,0.001,2,0.002
"E01005460","Oldham 036C","E08000004","Oldham",2987,0,0,2,0.002
"E01006659","Liverpool 005B","E08000012","Liverpool",2074,0,0,2,0.002
"E01009165","Birmingham 129C","E08000025","Birmingham",3110,0,0,2,0.002
"E01009631","Coventry 020C","E08000026","Coventry",3098,0,0,2,0.002
"E01010052","Sandwell 023F","E08000028","Sandwell",2507,0,0,2,0.002
"E01013882","Nottingham 002D","E06000018","Nottingham",3122,0,0,2,0.002
"E01014331","Stoke-on-Trent 004A","E06000021","Stoke-on-Trent",3078,0,0,2,0.002
"E01019568","Chesterfield 002E","E07000034","Chesterfield",2755,0,0,2,0.002
"E01012305","Darlington 012B","E06000005","Darlington",2923,5,0.005,1,0.001
"E01025151","Lancaster 011C","E07000121","Lancaster",2941,5,0.005,1,0.001
"E01010128","Solihull 008D","E08000029","Solihull",3003,2,0.002,1,0.001
"E01010719","Bradford 007A","E08000032","Bradford",2894,2,0.002,1,0.001
"E01014313","Stoke-on-Trent 027D","E06000021","Stoke-on-Trent",2893,2,0.002,1,0.001
"E01004309","Tower Hamlets 015D","E09000030","Tower Hamlets",2794,0,0,1,0.001
"E01005066","Manchester 018E","E08000003","Manchester",2788,0,0,1,0.001
"E01005145","Manchester 008A","E08000003","Manchester",2805,0,0,1,0.001
"E01005799","Stockport 026D","E08000007","Stockport",3043,0,0,1,0.001
"E01006830","St. Helens 025A","E08000013","St. Helens",2706,0,0,1,0.001
"E01007906","Sheffield 027D","E08000019","Sheffield",2613,0,0,1,0.001
"E01009756","Dudley 006B","E08000027","Dudley",2819,0,0,1,0.001
"E01010335","Walsall 037A","E08000030","Walsall",2940,0,0,1,0.001
"E01010485","Wolverhampton 007D","E08000031","Wolverhampton",2809,0,0,1,0.001
"E01010916","Calderdale 005A","E08000033","Calderdale",2980,0,0,1,0.001
"E01015232","Torbay 014C","E06000027","Torbay",2816,0,0,1,0.001
"E01015542","Swindon 020E","E06000030","Swindon",2453,0,0,1,0.001
"E01020554","Dorset 044B","E06000059","Dorset",2720,0,0,1,0.001
"E01020784","County Durham 017F","E06000047","County Durham",2774,0,0,1,0.001
"E01020874","County Durham 055C","E06000047","County Durham",3053,0,0,1,0.001
"E01023006","New Forest 011D","E07000091","New Forest",2843,0,0,1,0.001
"E01024305","Gravesham 011C","E07000109","Gravesham",2846,0,0,1,0.001
"E01026036","Boston 003D","E07000136","Boston",2409,0,0,1,0.001
"E01027952","Ashfield 008A","E07000170","Ashfield",3153,0,0,1,0.001
"E01028055","Bassetlaw 009A","E07000171","Bassetlaw",2996,0,0,1,0.001
"E01029979","Ipswich 016B","E07000202","Ipswich",2599,0,0,1,0.001
"E01035297","Medway 015G","E06000035","Medway",2577,0,0,1,0.001
"E01035413","North Northamptonshire 018F","E06000061","North Northamptonshire",2830,0,0,1,0.001
"E01000917","Camden 027C","E09000007","Camden",2752,1,0.001,0,0
"E01001485","Enfield 025B","E09000010","Enfield",2734,1,0.001,0,0
"E01013850","Nottingham 038B","E06000018","Nottingham",2896,1,0.001,0,0
"E01026277","South Holland 008D","E07000140","South Holland",2945,1,0.001,0,0
"E01000061","Barking and Dagenham 006C","E09000002","Barking and Dagenham",1545,0,0,0,0
"E01000151","Barnet 026B","E09000003","Barnet",2331,0,0,0,0
"E01000498","Brent 010B","E09000005","Brent",1933,0,0,0,0
"E01000509","Brent 014B","E09000005","Brent",2207,0,0,0,0
"E01000510","Brent 014C","E09000005","Brent",1482,0,0,0,0
"E01000521","Brent 025B","E09000005","Brent",721,0,0,0,0
"E01000524","Brent 031B","E09000005","Brent",799,0,0,0,0
"E01000526","Brent 025D","E09000005","Brent",1995,0,0,0,0
"E01000527","Brent 025E","E09000005","Brent",1822,0,0,0,0
"E01000533","Brent 031E","E09000005","Brent",1629,0,0,0,0
"E01000595","Brent 027A","E09000005","Brent",2078,0,0,0,0
"E01000596","Brent 021A","E09000005","Brent",2189,0,0,0,0
"E01000601","Brent 021B","E09000005","Brent",238,0,0,0,0
"E01000603","Brent 021D","E09000005","Brent",1646,0,0,0,0
"E01000605","Brent 021F","E09000005","Brent",2393,0,0,0,0
"E01000628","Brent 014F","E09000005","Brent",2442,0,0,0,0
"E01000643","Brent 024D","E09000005","Brent",2008,0,0,0,0
"E01000789","Bromley 032B","E09000006","Bromley",2883,0,0,0,0
"E01000890","Camden 007B","E09000007","Camden",2029,0,0,0,0
"E01001013","Croydon 020B","E09000008","Croydon",2742,0,0,0,0
"E01001057","Croydon 030E","E09000008","Croydon",2616,0,0,0,0
"E01001080","Croydon 036C","E09000008","Croydon",944,0,0,0,0
"E01001155","Croydon 010E","E09000008","Croydon",2210,0,0,0,0
"E01001178","Croydon 015D","E09000008","Croydon",284,0,0,0,0
"E01001181","Croydon 015E","E09000008","Croydon",2690,0,0,0,0
"E01001206","Ealing 018C","E09000009","Ealing",1544,0,0,0,0
"E01001340","Ealing 029G","E09000009","Ealing",2563,0,0,0,0
"E01001356","Ealing 033C","E09000009","Ealing",2509,0,0,0,0
"E01001424","Enfield 030A","E09000010","Enfield",1999,0,0,0,0
"E01001425","Enfield 027B","E09000010","Enfield",1038,0,0,0,0
"E01001426","Enfield 030B","E09000010","Enfield",2693,0,0,0,0
"E01001427","Enfield 030C","E09000010","Enfield",2437,0,0,0,0
"E01001429","Enfield 030D","E09000010","Enfield",888,0,0,0,0
"E01001431","Enfield 033A","E09000010","Enfield",2059,0,0,0,0
"E01001432","Enfield 033B","E09000010","Enfield",1947,0,0,0,0
"E01001439","Enfield 006A","E09000010","Enfield",2152,0,0,0,0
"E01001442","Enfield 002A","E09000010","Enfield",1326,0,0,0,0
"E01001447","Enfield 003C","E09000010","Enfield",2436,0,0,0,0
"E01001458","Enfield 037A","E09000010","Enfield",2724,0,0,0,0
"E01001460","Enfield 024B","E09000010","Enfield",2486,0,0,0,0
"E01001461","Enfield 027D","E09000010","Enfield",835,0,0,0,0
"E01001479","Enfield 023A","E09000010","Enfield",2067,0,0,0,0
"E01001483","Enfield 025A","E09000010","Enfield",981,0,0,0,0
"E01001486","Enfield 025C","E09000010","Enfield",2597,0,0,0,0
"E01001517","Enfield 006C","E09000010","Enfield",2449,0,0,0,0
"E01001549","Enfield 006D","E09000010","Enfield",2443,0,0,0,0
"E01001551","Enfield 002E","E09000010","Enfield",2698,0,0,0,0
"E01001554","Enfield 037C","E09000010","Enfield",1140,0,0,0,0
"E01001558","Enfield 033E","E09000010","Enfield",2416,0,0,0,0
"E01001726","Hackney 004B","E09000012","Hackney",2236,0,0,0,0
"E01001800","Hackney 004C","E09000012","Hackney",890,0,0,0,0
"E01001808","Hackney 001A","E09000012","Hackney",1212,0,0,0,0
"E01001822","Hackney 029C","E09000012","Hackney",1166,0,0,0,0
"E01001824","Hackney 004D","E09000012","Hackney",1258,0,0,0,0
"E01001826","Hackney 004E","E09000012","Hackney",1380,0,0,0,0
"E01001827","Hackney 029D","E09000012","Hackney",1523,0,0,0,0
"E01001978","Haringey 011C","E09000014","Haringey",2417,0,0,0,0
"E01001979","Haringey 011D","E09000014","Haringey",2196,0,0,0,0
"E01002026","Haringey 016A","E09000014","Haringey",2373,0,0,0,0
"E01002034","Haringey 037A","E09000014","Haringey",1758,0,0,0,0
"E01002036","Haringey 002A","E09000014","Haringey",565,0,0,0,0
"E01002037","Haringey 002B","E09000014","Haringey",1124,0,0,0,0
"E01002038","Haringey 037B","E09000014","Haringey",879,0,0,0,0
"E01002039","Haringey 002C","E09000014","Haringey",1506,0,0,0,0
"E01002040","Haringey 002D","E09000014","Haringey",2279,0,0,0,0
"E01002041","Haringey 037C","E09000014","Haringey",2304,0,0,0,0
"E01002051","Haringey 029B","E09000014","Haringey",1211,0,0,0,0
"E01002054","Haringey 032B","E09000014","Haringey",1990,0,0,0,0
"E01002074","Haringey 012A","E09000014","Haringey",2721,0,0,0,0
"E01002082","Haringey 013A","E09000014","Haringey",2383,0,0,0,0
"E01002089","Haringey 013D","E09000014","Haringey",1791,0,0,0,0
"E01002093","Haringey 005B","E09000014","Haringey",2225,0,0,0,0
"E01002099","Haringey 008A","E09000014","Haringey",2005,0,0,0,0
"E01002282","Havering 004B","E09000016","Havering",2757,0,0,0,0
"E01002673","Hounslow 020E","E09000018","Hounslow",1815,0,0,0,0
"E01002732","Islington 005A","E09000019","Islington",2952,0,0,0,0
"E01002751","Islington 005E","E09000019","Islington",2455,0,0,0,0
"E01002907","Kensington and Chelsea 002D","E09000020","Kensington and Chelsea",2790,0,0,0,0
"E01003318","Lewisham 020B","E09000023","Lewisham",454,0,0,0,0
"E01003347","Lewisham 030A","E09000023","Lewisham",1633,0,0,0,0
"E01003486","Newham 033C","E09000025","Newham",1781,0,0,0,0
"E01003535","Newham 023A","E09000025","Newham",2420,0,0,0,0
"E01003556","Newham 008A","E09000025","Newham",1710,0,0,0,0
"E01003576","Newham 002A","E09000025","Newham",1824,0,0,0,0
"E01003601","Newham 028A","E09000025","Newham",2605,0,0,0,0
"E01003729","Redbridge 032B","E09000026","Redbridge",2643,0,0,0,0
"E01004088","Sutton 019C","E09000029","Sutton",2364,0,0,0,0
"E01004206","Tower Hamlets 013B","E09000030","Tower Hamlets",2022,0,0,0,0
"E01004209","Tower Hamlets 011B","E09000030","Tower Hamlets",2588,0,0,0,0
"E01004214","Tower Hamlets 030A","E09000030","Tower Hamlets",1919,0,0,0,0
"E01004236","Tower Hamlets 008B","E09000030","Tower Hamlets",2199,0,0,0,0
"E01004248","Tower Hamlets 018C","E09000030","Tower Hamlets",2206,0,0,0,0
"E01004298","Tower Hamlets 022A","E09000030","Tower Hamlets",2338,0,0,0,0
"E01004407","Waltham Forest 013A","E09000031","Waltham Forest",1283,0,0,0,0
"E01004665","Westminster 024A","E09000033","Westminster",2470,0,0,0,0
"E01004670","Westminster 009A","E09000033","Westminster",2194,0,0,0,0
"E01004721","Westminster 004D","E09000033","Westminster",2920,0,0,0,0
"E01004732","Westminster 020B","E09000033","Westminster",1338,0,0,0,0
"E01004787","Bolton 013A","E08000001","Bolton",295,0,0,0,0
"E01004793","Bolton 013B","E08000001","Bolton",1383,0,0,0,0
"E01004794","Bolton 013C","E08000001","Bolton",679,0,0,0,0
"E01004797","Bolton 013E","E08000001","Bolton",2937,0,0,0,0
"E01004801","Bolton 019E","E08000001","Bolton",362,0,0,0,0
"E01004802","Bolton 010A","E08000001","Bolton",1626,0,0,0,0
"E01004811","Bolton 022A","E08000001","Bolton",815,0,0,0,0
"E01004818","Bolton 017A","E08000001","Bolton",1681,0,0,0,0
"E01004820","Bolton 011A","E08000001","Bolton",704,0,0,0,0
"E01004822","Bolton 016B","E08000001","Bolton",2012,0,0,0,0
"E01004823","Bolton 016C","E08000001","Bolton",228,0,0,0,0
"E01004826","Bolton 011C","E08000001","Bolton",1382,0,0,0,0
"E01004827","Bolton 021A","E08000001","Bolton",1723,0,0,0,0
"E01004828","Bolton 023A","E08000001","Bolton",2584,0,0,0,0
"E01004829","Bolton 023B","E08000001","Bolton",2051,0,0,0,0
"E01004830","Bolton 026A","E08000001","Bolton",2285,0,0,0,0
"E01004838","Bolton 018B","E08000001","Bolton",2055,0,0,0,0
"E01004839","Bolton 026D","E08000001","Bolton",1324,0,0,0,0
"E01004841","Bolton 012B","E08000001","Bolton",236,0,0,0,0
"E01004846","Bolton 025A","E08000001","Bolton",1527,0,0,0,0
"E01004848","Bolton 016D","E08000001","Bolton",1778,0,0,0,0
"E01004849","Bolton 021B","E08000001","Bolton",1671,0,0,0,0
"E01004850","Bolton 021C","E08000001","Bolton",1378,0,0,0,0
"E01004851","Bolton 021D","E08000001","Bolton",2221,0,0,0,0
"E01004853","Bolton 021E","E08000001","Bolton",2341,0,0,0,0
"E01004856","Bolton 027C","E08000001","Bolton",1074,0,0,0,0
"E01004859","Bolton 032B","E08000001","Bolton",756,0,0,0,0
"E01004862","Bolton 033B","E08000001","Bolton",1462,0,0,0,0
"E01004863","Bolton 033C","E08000001","Bolton",622,0,0,0,0
"E01004866","Bolton 011E","E08000001","Bolton",1076,0,0,0,0
"E01004869","Bolton 015B","E08000001","Bolton",821,0,0,0,0
"E01004870","Bolton 015C","E08000001","Bolton",2547,0,0,0,0
"E01004871","Bolton 015D","E08000001","Bolton",1568,0,0,0,0
"E01004877","Bolton 025D","E08000001","Bolton",1337,0,0,0,0
"E01004926","Bolton 010B","E08000001","Bolton",1619,0,0,0,0
"E01004927","Bolton 010C","E08000001","Bolton",1865,0,0,0,0
"E01004928","Bolton 017C","E08000001","Bolton",1976,0,0,0,0
"E01004938","Bolton 031D","E08000001","Bolton",2326,0,0,0,0
"E01004942","Bury 021B","E08000002","Bury",2290,0,0,0,0
"E01004946","Bury 021E","E08000002","Bury",1932,0,0,0,0
"E01004957","Bury 007D","E08000002","Bury",1974,0,0,0,0
"E01004958","Bury 008A","E08000002","Bury",1766,0,0,0,0
"E01004960","Bury 007E","E08000002","Bury",82,0,0,0,0
"E01004979","Bury 008C","E08000002","Bury",654,0,0,0,0
"E01004987","Bury 020C","E08000002","Bury",2110,0,0,0,0
"E01004996","Bury 016B","E08000002","Bury",1435,0,0,0,0
"E01005004","Bury 016C","E08000002","Bury",200,0,0,0,0
"E01005008","Bury 016D","E08000002","Bury",1913,0,0,0,0
"E01005009","Bury 016E","E08000002","Bury",2689,0,0,0,0
"E01005061","Manchester 018A","E08000003","Manchester",1719,0,0,0,0
"E01005063","Manchester 018C","E08000003","Manchester",2329,0,0,0,0
"E01005067","Manchester 020A","E08000003","Manchester",2900,0,0,0,0
"E01005074","Manchester 051C","E08000003","Manchester",2758,0,0,0,0
"E01005077","Manchester 042A","E08000003","Manchester",1243,0,0,0,0
"E01005081","Manchester 039C","E08000003","Manchester",2284,0,0,0,0
"E01005085","Manchester 049A","E08000003","Manchester",1150,0,0,0,0
"E01005086","Manchester 049B","E08000003","Manchester",1020,0,0,0,0
"E01005087","Manchester 050A","E08000003","Manchester",1048,0,0,0,0
"E01005088","Manchester 050B","E08000003","Manchester",675,0,0,0,0
"E01005089","Manchester 049C","E08000003","Manchester",845,0,0,0,0
"E01005090","Manchester 050C","E08000003","Manchester",658,0,0,0,0
"E01005091","Manchester 050D","E08000003","Manchester",2324,0,0,0,0
"E01005092","Manchester 015A","E08000003","Manchester",605,0,0,0,0
"E01005093","Manchester 012A","E08000003","Manchester",1574,0,0,0,0
"E01005094","Manchester 012B","E08000003","Manchester",820,0,0,0,0
"E01005097","Manchester 012C","E08000003","Manchester",1191,0,0,0,0
"E01005098","Manchester 001A","E08000003","Manchester",1821,0,0,0,0
"E01005099","Manchester 001B","E08000003","Manchester",348,0,0,0,0
"E01005101","Manchester 002A","E08000003","Manchester",2641,0,0,0,0
"E01005103","Manchester 001E","E08000003","Manchester",1173,0,0,0,0
"E01005106","Manchester 015D","E08000003","Manchester",633,0,0,0,0
"E01005107","Manchester 015E","E08000003","Manchester",1780,0,0,0,0
"E01005113","Manchester 047C","E08000003","Manchester",1439,0,0,0,0
"E01005117","Manchester 048E","E08000003","Manchester",1847,0,0,0,0
"E01005121","Manchester 041B","E08000003","Manchester",2317,0,0,0,0
"E01005123","Manchester 041D","E08000003","Manchester",2842,0,0,0,0
"E01005129","Manchester 061A","E08000003","Manchester",2128,0,0,0,0
"E01005130","Manchester 054A","E08000003","Manchester",1303,0,0,0,0
"E01005132","Manchester 061B","E08000003","Manchester",2522,0,0,0,0
"E01005135","Manchester 002B","E08000003","Manchester",2248,0,0,0,0
"E01005138","Manchester 002D","E08000003","Manchester",2402,0,0,0,0
"E01005141","Manchester 003C","E08000003","Manchester",494,0,0,0,0
"E01005142","Manchester 058A","E08000003","Manchester",294,0,0,0,0
"E01005143","Manchester 056A","E08000003","Manchester",1871,0,0,0,0
"E01005147","Manchester 058B","E08000003","Manchester",2034,0,0,0,0
"E01005164","Manchester 006A","E08000003","Manchester",1863,0,0,0,0
"E01005165","Manchester 008D","E08000003","Manchester",1025,0,0,0,0
"E01005166","Manchester 008E","E08000003","Manchester",1274,0,0,0,0
"E01005167","Manchester 008F","E08000003","Manchester",2777,0,0,0,0
"E01005180","Manchester 030C","E08000003","Manchester",2606,0,0,0,0
"E01005182","Manchester 030E","E08000003","Manchester",2760,0,0,0,0
"E01005183","Manchester 030F","E08000003","Manchester",2177,0,0,0,0
"E01005186","Manchester 020B","E08000003","Manchester",2463,0,0,0,0
"E01005187","Manchester 021A","E08000003","Manchester",777,0,0,0,0
"E01005189","Manchester 017D","E08000003","Manchester",66,0,0,0,0
"E01005190","Manchester 017E","E08000003","Manchester",904,0,0,0,0
"E01005191","Manchester 021C","E08000003","Manchester",559,0,0,0,0
"E01005193","Manchester 021E","E08000003","Manchester",2082,0,0,0,0
"E01005195","Manchester 023A","E08000003","Manchester",1938,0,0,0,0
"E01005197","Manchester 023C","E08000003","Manchester",558,0,0,0,0
"E01005198","Manchester 023D","E08000003","Manchester",1447,0,0,0,0
"E01005201","Manchester 023E","E08000003","Manchester",307,0,0,0,0
"E01005202","Manchester 009A","E08000003","Manchester",285,0,0,0,0
"E01005203","Manchester 009B","E08000003","Manchester",93,0,0,0,0
"E01005205","Manchester 006B","E08000003","Manchester",161,0,0,0,0
"E01005207","Manchester 006D","E08000003","Manchester",2125,0,0,0,0
"E01005213","Manchester 059A","E08000003","Manchester",2812,0,0,0,0
"E01005224","Manchester 007B","E08000003","Manchester",2299,0,0,0,0
"E01005225","Manchester 007C","E08000003","Manchester",1738,0,0,0,0
"E01005226","Manchester 007D","E08000003","Manchester",1205,0,0,0,0
"E01005227","Manchester 009D","E08000003","Manchester",590,0,0,0,0
"E01005228","Manchester 009E","E08000003","Manchester",764,0,0,0,0
"E01005233","Manchester 063B","E08000003","Manchester",1013,0,0,0,0
"E01005234","Manchester 063A","E08000003","Manchester",784,0,0,0,0
"E01005235","Manchester 020D","E08000003","Manchester",739,0,0,0,0
"E01005236","Manchester 022D","E08000003","Manchester",2740,0,0,0,0
"E01005237","Manchester 022E","E08000003","Manchester",1794,0,0,0,0
"E01005238","Manchester 063D","E08000003","Manchester",1747,0,0,0,0
"E01005239","Manchester 020E","E08000003","Manchester",611,0,0,0,0
"E01005245","Manchester 024C","E08000003","Manchester",2647,0,0,0,0
"E01005246","Manchester 024D","E08000003","Manchester",1034,0,0,0,0
"E01005252","Manchester 003E","E08000003","Manchester",2860,0,0,0,0
"E01005255","Manchester 012D","E08000003","Manchester",258,0,0,0,0
"E01005256","Manchester 011A","E08000003","Manchester",2254,0,0,0,0
"E01005257","Manchester 011B","E08000003","Manchester",502,0,0,0,0
"E01005258","Manchester 011C","E08000003","Manchester",1837,0,0,0,0
"E01005259","Manchester 011D","E08000003","Manchester",103,0,0,0,0
"E01005261","Manchester 012E","E08000003","Manchester",624,0,0,0,0
"E01005272","Manchester 035B","E08000003","Manchester",2590,0,0,0,0
"E01005285","Manchester 025D","E08000003","Manchester",1149,0,0,0,0
"E01005287","Manchester 026E","E08000003","Manchester",2105,0,0,0,0
"E01005288","Manchester 025E","E08000003","Manchester",1692,0,0,0,0
"E01005289","Manchester 049D","E08000003","Manchester",854,0,0,0,0
"E01005290","Manchester 052A","E08000003","Manchester",2766,0,0,0,0
"E01005291","Manchester 050E","E08000003","Manchester",557,0,0,0,0
"E01005292","Manchester 052B","E08000003","Manchester",2311,0,0,0,0
"E01005315","Manchester 053C","E08000003","Manchester",2260,0,0,0,0
"E01005320","Oldham 024A","E08000004","Oldham",1509,0,0,0,0
"E01005321","Oldham 022A","E08000004","Oldham",1576,0,0,0,0
"E01005322","Oldham 029A","E08000004","Oldham",169,0,0,0,0
"E01005323","Oldham 029B","E08000004","Oldham",2544,0,0,0,0
"E01005324","Oldham 029C","E08000004","Oldham",2002,0,0,0,0
"E01005325","Oldham 029D","E08000004","Oldham",491,0,0,0,0
"E01005326","Oldham 022B","E08000004","Oldham",2203,0,0,0,0
"E01005328","Oldham 017B","E08000004","Oldham",1736,0,0,0,0
"E01005337","Oldham 010B","E08000004","Oldham",2669,0,0,0,0
"E01005338","Oldham 017E","E08000004","Oldham",2052,0,0,0,0
"E01005340","Oldham 010D","E08000004","Oldham",2510,0,0,0,0
"E01005342","Oldham 027A","E08000004","Oldham",3074,0,0,0,0
"E01005348","Oldham 014A","E08000004","Oldham",2838,0,0,0,0
"E01005349","Oldham 016A","E08000004","Oldham",736,0,0,0,0
"E01005350","Oldham 014B","E08000004","Oldham",140,0,0,0,0
"E01005351","Oldham 016B","E08000004","Oldham",1893,0,0,0,0
"E01005352","Oldham 016C","E08000004","Oldham",1555,0,0,0,0
"E01005353","Oldham 016D","E08000004","Oldham",427,0,0,0,0
"E01005368","Oldham 031C","E08000004","Oldham",2621,0,0,0,0
"E01005370","Oldham 032C","E08000004","Oldham",2168,0,0,0,0
"E01005376","Oldham 031D","E08000004","Oldham",2119,0,0,0,0
"E01005377","Oldham 030A","E08000004","Oldham",2160,0,0,0,0
"E01005379","Oldham 030B","E08000004","Oldham",666,0,0,0,0
"E01005380","Oldham 030C","E08000004","Oldham",2447,0,0,0,0
"E01005381","Oldham 027D","E08000004","Oldham",2877,0,0,0,0
"E01005382","Oldham 030D","E08000004","Oldham",1507,0,0,0,0
"E01005383","Oldham 026A","E08000004","Oldham",2863,0,0,0,0
"E01005386","Oldham 026D","E08000004","Oldham",813,0,0,0,0
"E01005389","Oldham 018C","E08000004","Oldham",2457,0,0,0,0
"E01005392","Oldham 008B","E08000004","Oldham",2892,0,0,0,0
"E01005422","Oldham 011B","E08000004","Oldham",514,0,0,0,0
"E01005427","Oldham 022C","E08000004","Oldham",230,0,0,0,0
"E01005428","Oldham 019A","E08000004","Oldham",964,0,0,0,0
"E01005429","Oldham 022D","E08000004","Oldham",738,0,0,0,0
"E01005430","Oldham 022E","E08000004","Oldham",2188,0,0,0,0
"E01005432","Oldham 014C","E08000004","Oldham",533,0,0,0,0
"E01005433","Oldham 014D","E08000004","Oldham",254,0,0,0,0
"E01005434","Oldham 024B","E08000004","Oldham",39,0,0,0,0
"E01005435","Oldham 037B","E08000004","Oldham",2276,0,0,0,0
"E01005448","Oldham 012A","E08000004","Oldham",196,0,0,0,0
"E01005450","Oldham 019C","E08000004","Oldham",1088,0,0,0,0
"E01005456","Oldham 012E","E08000004","Oldham",499,0,0,0,0
"E01005459","Oldham 024D","E08000004","Oldham",448,0,0,0,0
"E01005463","Oldham 036D","E08000004","Oldham",1782,0,0,0,0
"E01005464","Rochdale 016A","E08000005","Rochdale",2496,0,0,0,0
"E01005466","Rochdale 016C","E08000005","Rochdale",498,0,0,0,0
"E01005467","Rochdale 016D","E08000005","Rochdale",2932,0,0,0,0
"E01005471","Rochdale 015B","E08000005","Rochdale",2684,0,0,0,0
"E01005472","Rochdale 010A","E08000005","Rochdale",1926,0,0,0,0
"E01005475","Rochdale 015C","E08000005","Rochdale",3000,0,0,0,0
"E01005477","Rochdale 017B","E08000005","Rochdale",2564,0,0,0,0
"E01005482","Rochdale 010C","E08000005","Rochdale",24,0,0,0,0
"E01005483","Rochdale 010D","E08000005","Rochdale",1187,0,0,0,0
"E01005484","Rochdale 010E","E08000005","Rochdale",175,0,0,0,0
"E01005485","Rochdale 015D","E08000005","Rochdale",2358,0,0,0,0
"E01005486","Rochdale 010F","E08000005","Rochdale",1455,0,0,0,0
"E01005487","Rochdale 010G","E08000005","Rochdale",2904,0,0,0,0
"E01005496","Rochdale 009A","E08000005","Rochdale",828,0,0,0,0
"E01005497","Rochdale 018A","E08000005","Rochdale",1953,0,0,0,0
"E01005501","Rochdale 018B","E08000005","Rochdale",2151,0,0,0,0
"E01005509","Rochdale 018F","E08000005","Rochdale",1400,0,0,0,0
"E01005513","Rochdale 019D","E08000005","Rochdale",1214,0,0,0,0
"E01005515","Rochdale 019F","E08000005","Rochdale",699,0,0,0,0
"E01005525","Rochdale 021B","E08000005","Rochdale",2739,0,0,0,0
"E01005529","Rochdale 022B","E08000005","Rochdale",2149,0,0,0,0
"E01005539","Rochdale 024B","E08000005","Rochdale",1345,0,0,0,0
"E01005551","Rochdale 022C","E08000005","Rochdale",1640,0,0,0,0
"E01005552","Rochdale 022D","E08000005","Rochdale",858,0,0,0,0
"E01005559","Rochdale 013B","E08000005","Rochdale",1207,0,0,0,0
"E01005563","Rochdale 012B","E08000005","Rochdale",2611,0,0,0,0
"E01005564","Rochdale 015E","E08000005","Rochdale",1410,0,0,0,0
"E01005565","Rochdale 012C","E08000005","Rochdale",3084,0,0,0,0
"E01005568","Rochdale 012E","E08000005","Rochdale",242,0,0,0,0
"E01005578","Rochdale 004A","E08000005","Rochdale",1256,0,0,0,0
"E01005579","Rochdale 004B","E08000005","Rochdale",939,0,0,0,0
"E01005581","Rochdale 008B","E08000005","Rochdale",1084,0,0,0,0
"E01005583","Rochdale 008D","E08000005","Rochdale",1037,0,0,0,0
"E01005585","Rochdale 008F","E08000005","Rochdale",2785,0,0,0,0
"E01005586","Rochdale 004C","E08000005","Rochdale",543,0,0,0,0
"E01005592","Rochdale 009E","E08000005","Rochdale",3119,0,0,0,0
"E01005595","Rochdale 004E","E08000005","Rochdale",635,0,0,0,0
"E01005599","Salford 026A","E08000006","Salford",3060,0,0,0,0
"E01005601","Salford 026C","E08000006","Salford",2487,0,0,0,0
"E01005602","Salford 026D","E08000006","Salford",1623,0,0,0,0
"E01005612","Salford 031B","E08000006","Salford",563,0,0,0,0
"E01005613","Salford 031A","E08000006","Salford",657,0,0,0,0
"E01005615","Salford 032D","E08000006","Salford",286,0,0,0,0
"E01005624","Salford 017A","E08000006","Salford",2175,0,0,0,0
"E01005631","Salford 020A","E08000006","Salford",371,0,0,0,0
"E01005639","Salford 029A","E08000006","Salford",163,0,0,0,0
"E01005653","Salford 011D","E08000006","Salford",442,0,0,0,0
"E01005659","Salford 001A","E08000006","Salford",2044,0,0,0,0
"E01005660","Salford 001B","E08000006","Salford",130,0,0,0,0
"E01005662","Salford 004B","E08000006","Salford",467,0,0,0,0
"E01005664","Salford 001D","E08000006","Salford",1007,0,0,0,0
"E01005665","Salford 001E","E08000006","Salford",625,0,0,0,0
"E01005678","Salford 008C","E08000006","Salford",3016,0,0,0,0
"E01005679","Salford 008D","E08000006","Salford",1493,0,0,0,0
"E01005680","Salford 017B","E08000006","Salford",421,0,0,0,0
"E01005681","Salford 024C","E08000006","Salford",1963,0,0,0,0
"E01005682","Salford 024D","E08000006","Salford",28,0,0,0,0
"E01005683","Salford 017C","E08000006","Salford",1111,0,0,0,0
"E01005689","Salford 009B","E08000006","Salford",2037,0,0,0,0
"E01005692","Salford 006D","E08000006","Salford",1520,0,0,0,0
"E01005698","Salford 012E","E08000006","Salford",1530,0,0,0,0
"E01005703","Salford 002A","E08000006","Salford",687,0,0,0,0
"E01005706","Salford 002C","E08000006","Salford",2208,0,0,0,0
"E01005707","Salford 003C","E08000006","Salford",1803,0,0,0,0
"E01005709","Salford 004C","E08000006","Salford",681,0,0,0,0
"E01005723","Salford 021F","E08000006","Salford",2542,0,0,0,0
"E01005725","Salford 019A","E08000006","Salford",1654,0,0,0,0
"E01005729","Salford 025A","E08000006","Salford",278,0,0,0,0
"E01005731","Salford 025C","E08000006","Salford",2477,0,0,0,0
"E01005746","Stockport 005B","E08000007","Stockport",1612,0,0,0,0
"E01005753","Stockport 004A","E08000007","Stockport",1351,0,0,0,0
"E01005754","Stockport 004B","E08000007","Stockport",92,0,0,0,0
"E01005755","Stockport 004C","E08000007","Stockport",1675,0,0,0,0
"E01005756","Stockport 004D","E08000007","Stockport",1318,0,0,0,0
"E01005762","Stockport 026B","E08000007","Stockport",2773,0,0,0,0
"E01005822","Stockport 016D","E08000007","Stockport",2366,0,0,0,0
"E01005826","Stockport 024B","E08000007","Stockport",2346,0,0,0,0
"E01005828","Stockport 024D","E08000007","Stockport",257,0,0,0,0
"E01005905","Stockport 012E","E08000007","Stockport",2288,0,0,0,0
"E01005918","Stockport 014D","E08000007","Stockport",21,0,0,0,0
"E01005933","Tameside 006A","E08000008","Tameside",2135,0,0,0,0
"E01005935","Tameside 006C","E08000008","Tameside",507,0,0,0,0
"E01005941","Tameside 007A","E08000008","Tameside",2047,0,0,0,0
"E01005945","Tameside 004C","E08000008","Tameside",2859,0,0,0,0
"E01005947","Tameside 004E","E08000008","Tameside",1685,0,0,0,0
"E01005948","Tameside 013A","E08000008","Tameside",337,0,0,0,0
"E01005950","Tameside 013B","E08000008","Tameside",1595,0,0,0,0
"E01005953","Tameside 013E","E08000008","Tameside",1394,0,0,0,0
"E01006005","Tameside 011E","E08000008","Tameside",2335,0,0,0,0
"E01006010","Tameside 017B","E08000008","Tameside",2045,0,0,0,0
"E01006016","Tameside 017E","E08000008","Tameside",1636,0,0,0,0
"E01006019","Tameside 018D","E08000008","Tameside",2224,0,0,0,0
"E01006025","Tameside 027A","E08000008","Tameside",2891,0,0,0,0
"E01006028","Tameside 028A","E08000008","Tameside",1826,0,0,0,0
"E01006040","Tameside 028E","E08000008","Tameside",2362,0,0,0,0
"E01006050","Tameside 027C","E08000008","Tameside",669,0,0,0,0
"E01006052","Tameside 027D","E08000008","Tameside",1064,0,0,0,0
"E01006056","Tameside 003A","E08000008","Tameside",2077,0,0,0,0
"E01006060","Tameside 008A","E08000008","Tameside",2944,0,0,0,0
"E01006065","Tameside 008C","E08000008","Tameside",2339,0,0,0,0
"E01006105","Trafford 017B","E08000009","Trafford",895,0,0,0,0
"E01006108","Trafford 017E","E08000009","Trafford",382,0,0,0,0
"E01006109","Trafford 001A","E08000009","Trafford",1026,0,0,0,0
"E01006168","Trafford 019E","E08000009","Trafford",1543,0,0,0,0
"E01006213","Wigan 024A","E08000010","Wigan",1176,0,0,0,0
"E01006215","Wigan 024B","E08000010","Wigan",966,0,0,0,0
"E01006239","Wigan 017A","E08000010","Wigan",1562,0,0,0,0
"E01006240","Wigan 017B","E08000010","Wigan",650,0,0,0,0
"E01006248","Wigan 031A","E08000010","Wigan",1765,0,0,0,0
"E01006270","Wigan 016A","E08000010","Wigan",2779,0,0,0,0
"E01006275","Wigan 016C","E08000010","Wigan",1904,0,0,0,0
"E01006283","Wigan 027B","E08000010","Wigan",2833,0,0,0,0
"E01006288","Wigan 025A","E08000010","Wigan",2567,0,0,0,0
"E01006289","Wigan 017E","E08000010","Wigan",1070,0,0,0,0
"E01006296","Wigan 037A","E08000010","Wigan",1584,0,0,0,0
"E01006297","Wigan 034D","E08000010","Wigan",2581,0,0,0,0
"E01006305","Wigan 012A","E08000010","Wigan",2144,0,0,0,0
"E01006306","Wigan 009A","E08000010","Wigan",1129,0,0,0,0
"E01006334","Wigan 030C","E08000010","Wigan",2382,0,0,0,0
"E01006336","Wigan 027D","E08000010","Wigan",260,0,0,0,0
"E01006350","Wigan 010A","E08000010","Wigan",1225,0,0,0,0
"E01006351","Wigan 010B","E08000010","Wigan",539,0,0,0,0
"E01006357","Wigan 010C","E08000010","Wigan",510,0,0,0,0
"E01006360","Wigan 010D","E08000010","Wigan",758,0,0,0,0
"E01006361","Wigan 010E","E08000010","Wigan",1437,0,0,0,0
"E01006369","Wigan 008C","E08000010","Wigan",2043,0,0,0,0
"E01006386","Wigan 009C","E08000010","Wigan",32,0,0,0,0
"E01006392","Wigan 009E","E08000010","Wigan",1117,0,0,0,0
"E01006397","Wigan 011C","E08000010","Wigan",2783,0,0,0,0
"E01006411","Wigan 015E","E08000010","Wigan",512,0,0,0,0
"E01006412","Knowsley 006A","E08000011","Knowsley",509,0,0,0,0
"E01006413","Knowsley 006B","E08000011","Knowsley",83,0,0,0,0
"E01006414","Knowsley 006C","E08000011","Knowsley",782,0,0,0,0
"E01006416","Knowsley 005A","E08000011","Knowsley",1454,0,0,0,0
"E01006417","Knowsley 003B","E08000011","Knowsley",1921,0,0,0,0
"E01006418","Knowsley 005B","E08000011","Knowsley",2064,0,0,0,0
"E01006426","Knowsley 020A","E08000011","Knowsley",1119,0,0,0,0
"E01006429","Knowsley 020C","E08000011","Knowsley",1777,0,0,0,0
"E01006432","Knowsley 020E","E08000011","Knowsley",2303,0,0,0,0
"E01006434","Knowsley 005C","E08000011","Knowsley",1360,0,0,0,0
"E01006436","Knowsley 003C","E08000011","Knowsley",384,0,0,0,0
"E01006437","Knowsley 003D","E08000011","Knowsley",843,0,0,0,0
"E01006440","Knowsley 010A","E08000011","Knowsley",1281,0,0,0,0
"E01006442","Knowsley 010B","E08000011","Knowsley",369,0,0,0,0
"E01006443","Knowsley 010C","E08000011","Knowsley",760,0,0,0,0
"E01006444","Knowsley 010D","E08000011","Knowsley",969,0,0,0,0
"E01006445","Knowsley 010E","E08000011","Knowsley",1172,0,0,0,0
"E01006446","Knowsley 005G","E08000011","Knowsley",1224,0,0,0,0
"E01006447","Knowsley 003E","E08000011","Knowsley",751,0,0,0,0
"E01006448","Knowsley 001A","E08000011","Knowsley",536,0,0,0,0
"E01006453","Knowsley 008A","E08000011","Knowsley",841,0,0,0,0
"E01006455","Knowsley 004A","E08000011","Knowsley",863,0,0,0,0
"E01006460","Knowsley 007A","E08000011","Knowsley",173,0,0,0,0
"E01006461","Knowsley 007B","E08000011","Knowsley",1073,0,0,0,0
"E01006467","Knowsley 008B","E08000011","Knowsley",388,0,0,0,0
"E01006470","Knowsley 008E","E08000011","Knowsley",1457,0,0,0,0
"E01006480","Knowsley 015D","E08000011","Knowsley",2247,0,0,0,0
"E01006481","Knowsley 015E","E08000011","Knowsley",2213,0,0,0,0
"E01006494","Knowsley 001D","E08000011","Knowsley",379,0,0,0,0
"E01006500","Knowsley 013B","E08000011","Knowsley",2836,0,0,0,0
"E01006504","Knowsley 013D","E08000011","Knowsley",2215,0,0,0,0
"E01006505","Knowsley 013E","E08000011","Knowsley",1823,0,0,0,0
"E01006507","Knowsley 004C","E08000011","Knowsley",2712,0,0,0,0
"E01006509","Knowsley 004E","E08000011","Knowsley",1104,0,0,0,0
"E01006518","Liverpool 044A","E08000012","Liverpool",1102,0,0,0,0
"E01006540","Liverpool 024A","E08000012","Liverpool",204,0,0,0,0
"E01006542","Liverpool 018A","E08000012","Liverpool",1841,0,0,0,0
"E01006544","Liverpool 015C","E08000012","Liverpool",246,0,0,0,0
"E01006545","Liverpool 019A","E08000012","Liverpool",1869,0,0,0,0
"E01006546","Liverpool 019B","E08000012","Liverpool",837,0,0,0,0
"E01006547","Liverpool 019C","E08000012","Liverpool",143,0,0,0,0
"E01006548","Liverpool 019D","E08000012","Liverpool",1202,0,0,0,0
"E01006552","Liverpool 039A","E08000012","Liverpool",889,0,0,0,0
"E01006556","Liverpool 039B","E08000012","Liverpool",111,0,0,0,0
"E01006558","Liverpool 018B","E08000012","Liverpool",67,0,0,0,0
"E01006560","Liverpool 023A","E08000012","Liverpool",234,0,0,0,0
"E01006562","Liverpool 018E","E08000012","Liverpool",299,0,0,0,0
"E01006563","Liverpool 024B","E08000012","Liverpool",120,0,0,0,0
"E01006571","Liverpool 026D","E08000012","Liverpool",2714,0,0,0,0
"E01006572","Liverpool 025A","E08000012","Liverpool",746,0,0,0,0
"E01006585","Liverpool 032B","E08000012","Liverpool",2204,0,0,0,0
"E01006598","Liverpool 010A","E08000012","Liverpool",1109,0,0,0,0
"E01006609","Liverpool 009B","E08000012","Liverpool",2089,0,0,0,0
"E01006610","Liverpool 009C","E08000012","Liverpool",215,0,0,0,0
"E01006611","Liverpool 012A","E08000012","Liverpool",46,0,0,0,0
"E01006612","Liverpool 008B","E08000012","Liverpool",668,0,0,0,0
"E01006614","Liverpool 012B","E08000012","Liverpool",370,0,0,0,0
"E01006615","Liverpool 012C","E08000012","Liverpool",849,0,0,0,0
"E01006632","Liverpool 044C","E08000012","Liverpool",1711,0,0,0,0
"E01006633","Liverpool 050B","E08000012","Liverpool",468,0,0,0,0
"E01006637","Liverpool 017A","E08000012","Liverpool",1524,0,0,0,0
"E01006638","Liverpool 017B","E08000012","Liverpool",214,0,0,0,0
"E01006642","Liverpool 025D","E08000012","Liverpool",1018,0,0,0,0
"E01006643","Liverpool 025E","E08000012","Liverpool",1845,0,0,0,0
"E01006645","Liverpool 017E","E08000012","Liverpool",970,0,0,0,0
"E01006646","Liverpool 023C","E08000012","Liverpool",1762,0,0,0,0
"E01006647","Liverpool 024C","E08000012","Liverpool",906,0,0,0,0
"E01006658","Liverpool 001D","E08000012","Liverpool",1305,0,0,0,0
"E01006660","Liverpool 001E","E08000012","Liverpool",2656,0,0,0,0
"E01006661","Liverpool 004A","E08000012","Liverpool",1328,0,0,0,0
"E01006662","Liverpool 004B","E08000012","Liverpool",598,0,0,0,0
"E01006664","Liverpool 004D","E08000012","Liverpool",1560,0,0,0,0
"E01006672","Liverpool 010E","E08000012","Liverpool",1567,0,0,0,0
"E01006673","Liverpool 037D","E08000012","Liverpool",1918,0,0,0,0
"E01006674","Liverpool 039C","E08000012","Liverpool",776,0,0,0,0
"E01006675","Liverpool 043C","E08000012","Liverpool",2053,0,0,0,0
"E01006676","Liverpool 044D","E08000012","Liverpool",796,0,0,0,0
"E01006678","Liverpool 044E","E08000012","Liverpool",1179,0,0,0,0
"E01006679","Liverpool 039D","E08000012","Liverpool",1504,0,0,0,0
"E01006690","Liverpool 028A","E08000012","Liverpool",1371,0,0,0,0
"E01006691","Liverpool 030A","E08000012","Liverpool",2756,0,0,0,0
"E01006692","Liverpool 028B","E08000012","Liverpool",2562,0,0,0,0
"E01006693","Liverpool 024D","E08000012","Liverpool",789,0,0,0,0
"E01006694","Liverpool 030B","E08000012","Liverpool",1210,0,0,0,0
"E01006695","Liverpool 028C","E08000012","Liverpool",162,0,0,0,0
"E01006697","Liverpool 030D","E08000012","Liverpool",1517,0,0,0,0
"E01006698","Liverpool 012D","E08000012","Liverpool",1167,0,0,0,0
"E01006699","Liverpool 014A","E08000012","Liverpool",394,0,0,0,0
"E01006700","Liverpool 012E","E08000012","Liverpool",490,0,0,0,0
"E01006701","Liverpool 014B","E08000012","Liverpool",2357,0,0,0,0
"E01006702","Liverpool 014C","E08000012","Liverpool",648,0,0,0,0
"E01006703","Liverpool 014D","E08000012","Liverpool",328,0,0,0,0
"E01006705","Liverpool 009E","E08000012","Liverpool",374,0,0,0,0
"E01006706","Liverpool 045A","E08000012","Liverpool",822,0,0,0,0
"E01006707","Liverpool 045B","E08000012","Liverpool",1486,0,0,0,0
"E01006711","Liverpool 027A","E08000012","Liverpool",1724,0,0,0,0
"E01006716","Liverpool 032E","E08000012","Liverpool",1900,0,0,0,0
"E01006721","Liverpool 038C","E08000012","Liverpool",300,0,0,0,0
"E01006728","Liverpool 035E","E08000012","Liverpool",535,0,0,0,0
"E01006729","Liverpool 008C","E08000012","Liverpool",2094,0,0,0,0
"E01006730","Liverpool 011C","E08000012","Liverpool",2837,0,0,0,0
"E01006731","Liverpool 011D","E08000012","Liverpool",1734,0,0,0,0
"E01006732","Liverpool 011E","E08000012","Liverpool",1131,0,0,0,0
"E01006734","Liverpool 005C","E08000012","Liverpool",707,0,0,0,0
"E01006735","Liverpool 005D","E08000012","Liverpool",603,0,0,0,0
"E01006737","Liverpool 005F","E08000012","Liverpool",1813,0,0,0,0
"E01006738","Liverpool 058A","E08000012","Liverpool",1516,0,0,0,0
"E01006740","Liverpool 057A","E08000012","Liverpool",2183,0,0,0,0
"E01006753","Liverpool 059A","E08000012","Liverpool",2722,0,0,0,0
"E01006754","Liverpool 059B","E08000012","Liverpool",752,0,0,0,0
"E01006755","Liverpool 059C","E08000012","Liverpool",593,0,0,0,0
"E01006756","Liverpool 059D","E08000012","Liverpool",1334,0,0,0,0
"E01006757","Liverpool 059E","E08000012","Liverpool",861,0,0,0,0
"E01006758","Liverpool 059F","E08000012","Liverpool",2081,0,0,0,0
"E01006760","Liverpool 028E","E08000012","Liverpool",65,0,0,0,0
"E01006761","Liverpool 020B","E08000012","Liverpool",1134,0,0,0,0
"E01006764","Liverpool 020D","E08000012","Liverpool",1490,0,0,0,0
"E01006766","Liverpool 019E","E08000012","Liverpool",357,0,0,0,0
"E01006767","Liverpool 019F","E08000012","Liverpool",2104,0,0,0,0
"E01006771","Liverpool 040D","E08000012","Liverpool",528,0,0,0,0
"E01006775","Liverpool 040F","E08000012","Liverpool",2359,0,0,0,0
"E01006778","Liverpool 014E","E08000012","Liverpool",323,0,0,0,0
"E01006779","Liverpool 022D","E08000012","Liverpool",465,0,0,0,0
"E01006787","Liverpool 006A","E08000012","Liverpool",2184,0,0,0,0
"E01006790","Liverpool 006C","E08000012","Liverpool",275,0,0,0,0
"E01006791","Liverpool 006D","E08000012","Liverpool",296,0,0,0,0
"E01006812","St. Helens 008C","E08000013","St. Helens",2106,0,0,0,0
"E01006816","St. Helens 017A","E08000013","St. Helens",552,0,0,0,0
"E01006817","St. Helens 017B","E08000013","St. Helens",125,0,0,0,0
"E01006820","St. Helens 011B","E08000013","St. Helens",1563,0,0,0,0
"E01006821","St. Helens 011C","E08000013","St. Helens",483,0,0,0,0
"E01006834","St. Helens 012B","E08000013","St. Helens",2264,0,0,0,0
"E01006844","St. Helens 020A","E08000013","St. Helens",1250,0,0,0,0
"E01006847","St. Helens 020C","E08000013","St. Helens",2186,0,0,0,0
"E01006849","St. Helens 004A","E08000013","St. Helens",2107,0,0,0,0
"E01006850","St. Helens 004B","E08000013","St. Helens",2301,0,0,0,0
"E01006863","St. Helens 013A","E08000013","St. Helens",1532,0,0,0,0
"E01006871","St. Helens 011D","E08000013","St. Helens",999,0,0,0,0
"E01006872","St. Helens 014C","E08000013","St. Helens",403,0,0,0,0
"E01006873","St. Helens 014D","E08000013","St. Helens",151,0,0,0,0
"E01006874","St. Helens 014E","E08000013","St. Helens",138,0,0,0,0
"E01006877","St. Helens 012C","E08000013","St. Helens",961,0,0,0,0
"E01006880","St. Helens 012D","E08000013","St. Helens",195,0,0,0,0
"E01006881","St. Helens 012E","E08000013","St. Helens",929,0,0,0,0
"E01006903","St. Helens 024A","E08000013","St. Helens",1519,0,0,0,0
"E01006905","St. Helens 024B","E08000013","St. Helens",1638,0,0,0,0
"E01006908","St. Helens 022C","E08000013","St. Helens",1103,0,0,0,0
"E01006909","St. Helens 022D","E08000013","St. Helens",100,0,0,0,0
"E01006913","St. Helens 024D","E08000013","St. Helens",2770,0,0,0,0
"E01006950","Sefton 004B","E08000014","Sefton",2378,0,0,0,0
"E01006952","Sefton 032A","E08000014","Sefton",816,0,0,0,0
"E01006961","Sefton 038B","E08000014","Sefton",1962,0,0,0,0
"E01006963","Sefton 038D","E08000014","Sefton",646,0,0,0,0
"E01006964","Sefton 036A","E08000014","Sefton",1184,0,0,0,0
"E01006967","Sefton 037A","E08000014","Sefton",1031,0,0,0,0
"E01006979","Sefton 024A","E08000014","Sefton",804,0,0,0,0
"E01006980","Sefton 024B","E08000014","Sefton",864,0,0,0,0
"E01006981","Sefton 031B","E08000014","Sefton",1812,0,0,0,0
"E01006984","Sefton 031E","E08000014","Sefton",1814,0,0,0,0
"E01007003","Sefton 036B","E08000014","Sefton",174,0,0,0,0
"E01007004","Sefton 034A","E08000014","Sefton",920,0,0,0,0
"E01007005","Sefton 034B","E08000014","Sefton",399,0,0,0,0
"E01007006","Sefton 036C","E08000014","Sefton",231,0,0,0,0
"E01007007","Sefton 037B","E08000014","Sefton",233,0,0,0,0
"E01007008","Sefton 037C","E08000014","Sefton",193,0,0,0,0
"E01007009","Sefton 037D","E08000014","Sefton",800,0,0,0,0
"E01007010","Sefton 037E","E08000014","Sefton",1312,0,0,0,0
"E01007011","Sefton 034C","E08000014","Sefton",342,0,0,0,0
"E01007013","Sefton 036E","E08000014","Sefton",409,0,0,0,0
"E01007017","Sefton 034E","E08000014","Sefton",2039,0,0,0,0
"E01007019","Sefton 035A","E08000014","Sefton",690,0,0,0,0
"E01007051","Sefton 035D","E08000014","Sefton",2079,0,0,0,0
"E01007055","Sefton 005A","E08000014","Sefton",1811,0,0,0,0
"E01007085","Sefton 023B","E08000014","Sefton",2087,0,0,0,0
"E01007086","Sefton 023C","E08000014","Sefton",818,0,0,0,0
"E01007087","Sefton 029C","E08000014","Sefton",1872,0,0,0,0
"E01007089","Sefton 024E","E08000014","Sefton",1937,0,0,0,0
"E01007090","Sefton 029E","E08000014","Sefton",2146,0,0,0,0
"E01007092","Sefton 023E","E08000014","Sefton",1467,0,0,0,0
"E01007121","Wirral 011B","E08000015","Wirral",217,0,0,0,0
"E01007122","Wirral 011C","E08000015","Wirral",78,0,0,0,0
"E01007123","Wirral 011D","E08000015","Wirral",880,0,0,0,0
"E01007124","Wirral 011E","E08000015","Wirral",222,0,0,0,0
"E01007125","Wirral 015A","E08000015","Wirral",2427,0,0,0,0
"E01007127","Wirral 016B","E08000015","Wirral",94,0,0,0,0
"E01007128","Wirral 016C","E08000015","Wirral",107,0,0,0,0
"E01007129","Wirral 016D","E08000015","Wirral",207,0,0,0,0
"E01007130","Wirral 021A","E08000015","Wirral",1366,0,0,0,0
"E01007131","Wirral 021B","E08000015","Wirral",474,0,0,0,0
"E01007133","Wirral 016E","E08000015","Wirral",75,0,0,0,0
"E01007138","Wirral 031B","E08000015","Wirral",1497,0,0,0,0
"E01007155","Wirral 020A","E08000015","Wirral",2063,0,0,0,0
"E01007162","Wirral 019C","E08000015","Wirral",1451,0,0,0,0
"E01007175","Wirral 027A","E08000015","Wirral",2271,0,0,0,0
"E01007179","Wirral 021C","E08000015","Wirral",1615,0,0,0,0
"E01007204","Wirral 009A","E08000015","Wirral",240,0,0,0,0
"E01007207","Wirral 009C","E08000015","Wirral",671,0,0,0,0
"E01007209","Wirral 009D","E08000015","Wirral",1866,0,0,0,0
"E01007215","Wirral 005A","E08000015","Wirral",651,0,0,0,0
"E01007220","Wirral 005D","E08000015","Wirral",602,0,0,0,0
"E01007238","Wirral 001E","E08000015","Wirral",2350,0,0,0,0
"E01007257","Wirral 025C","E08000015","Wirral",1727,0,0,0,0
"E01007269","Wirral 010C","E08000015","Wirral",1100,0,0,0,0
"E01007270","Wirral 010D","E08000015","Wirral",1065,0,0,0,0
"E01007272","Wirral 008A","E08000015","Wirral",280,0,0,0,0
"E01007273","Wirral 008B","E08000015","Wirral",52,0,0,0,0
"E01007274","Wirral 008C","E08000015","Wirral",127,0,0,0,0
"E01007275","Wirral 005E","E08000015","Wirral",1716,0,0,0,0
"E01007277","Wirral 008D","E08000015","Wirral",1475,0,0,0,0
"E01007278","Wirral 008E","E08000015","Wirral",460,0,0,0,0
"E01007289","Wirral 031E","E08000015","Wirral",110,0,0,0,0
"E01007290","Wirral 027B","E08000015","Wirral",444,0,0,0,0
"E01007291","Wirral 021D","E08000015","Wirral",262,0,0,0,0
"E01007292","Wirral 021E","E08000015","Wirral",717,0,0,0,0
"E01007293","Wirral 027C","E08000015","Wirral",183,0,0,0,0
"E01007294","Wirral 021F","E08000015","Wirral",1908,0,0,0,0
"E01007296","Wirral 027E","E08000015","Wirral",1849,0,0,0,0
"E01007303","Wirral 025D","E08000015","Wirral",1373,0,0,0,0
"E01007304","Wirral 025E","E08000015","Wirral",1678,0,0,0,0
"E01007317","Barnsley 018A","E08000016","Barnsley",1805,0,0,0,0
"E01007325","Barnsley 007C","E08000016","Barnsley",1386,0,0,0,0
"E01007332","Barnsley 006C","E08000016","Barnsley",2658,0,0,0,0
"E01007338","Barnsley 017A","E08000016","Barnsley",749,0,0,0,0
"E01007339","Barnsley 017B","E08000016","Barnsley",1456,0,0,0,0
"E01007341","Barnsley 008A","E08000016","Barnsley",475,0,0,0,0
"E01007352","Barnsley 020E","E08000016","Barnsley",1687,0,0,0,0
"E01007369","Barnsley 022A","E08000016","Barnsley",2548,0,0,0,0
"E01007372","Barnsley 014A","E08000016","Barnsley",2137,0,0,0,0
"E01007373","Barnsley 014B","E08000016","Barnsley",1540,0,0,0,0
"E01007376","Barnsley 022D","E08000016","Barnsley",1858,0,0,0,0
"E01007377","Barnsley 014E","E08000016","Barnsley",2016,0,0,0,0
"E01007378","Barnsley 014F","E08000016","Barnsley",573,0,0,0,0
"E01007402","Barnsley 011B","E08000016","Barnsley",1647,0,0,0,0
"E01007403","Barnsley 011C","E08000016","Barnsley",459,0,0,0,0
"E01007406","Barnsley 009E","E08000016","Barnsley",1280,0,0,0,0
"E01007411","Barnsley 007F","E08000016","Barnsley",953,0,0,0,0
"E01007413","Barnsley 017C","E08000016","Barnsley",2459,0,0,0,0
"E01007416","Barnsley 018D","E08000016","Barnsley",1968,0,0,0,0
"E01007440","Barnsley 002D","E08000016","Barnsley",2622,0,0,0,0
"E01007453","Barnsley 026C","E08000016","Barnsley",1143,0,0,0,0
"E01007462","Barnsley 021E","E08000016","Barnsley",2585,0,0,0,0
"E01007463","Barnsley 021F","E08000016","Barnsley",481,0,0,0,0
"E01007466","Doncaster 009C","E08000017","Doncaster",2322,0,0,0,0
"E01007472","Doncaster 005D","E08000017","Doncaster",1080,0,0,0,0
"E01007474","Doncaster 005F","E08000017","Doncaster",874,0,0,0,0
"E01007491","Doncaster 002E","E08000017","Doncaster",1817,0,0,0,0
"E01007492","Doncaster 002F","E08000017","Doncaster",793,0,0,0,0
"E01007496","Doncaster 029A","E08000017","Doncaster",1279,0,0,0,0
"E01007499","Doncaster 029D","E08000017","Doncaster",1097,0,0,0,0
"E01007500","Doncaster 028B","E08000017","Doncaster",2519,0,0,0,0
"E01007507","Doncaster 009G","E08000017","Doncaster",915,0,0,0,0
"E01007508","Doncaster 010B","E08000017","Doncaster",808,0,0,0,0
"E01007509","Doncaster 010C","E08000017","Doncaster",1578,0,0,0,0
"E01007511","Doncaster 010E","E08000017","Doncaster",637,0,0,0,0
"E01007529","Doncaster 022A","E08000017","Doncaster",203,0,0,0,0
"E01007531","Doncaster 022C","E08000017","Doncaster",156,0,0,0,0
"E01007532","Doncaster 023B","E08000017","Doncaster",17,0,0,0,0
"E01007534","Doncaster 028D","E08000017","Doncaster",1966,0,0,0,0
"E01007535","Doncaster 023D","E08000017","Doncaster",2228,0,0,0,0
"E01007542","Doncaster 032B","E08000017","Doncaster",2159,0,0,0,0
"E01007543","Doncaster 032C","E08000017","Doncaster",912,0,0,0,0
"E01007544","Doncaster 032D","E08000017","Doncaster",62,0,0,0,0
"E01007547","Doncaster 034B","E08000017","Doncaster",1601,0,0,0,0
"E01007555","Doncaster 006B","E08000017","Doncaster",2666,0,0,0,0
"E01007563","Doncaster 006F","E08000017","Doncaster",2704,0,0,0,0
"E01007566","Doncaster 018C","E08000017","Doncaster",1501,0,0,0,0
"E01007568","Doncaster 018E","E08000017","Doncaster",2495,0,0,0,0
"E01007573","Doncaster 031C","E08000017","Doncaster",1008,0,0,0,0
"E01007574","Doncaster 031D","E08000017","Doncaster",1622,0,0,0,0
"E01007575","Doncaster 030A","E08000017","Doncaster",437,0,0,0,0
"E01007577","Doncaster 031F","E08000017","Doncaster",373,0,0,0,0
"E01007592","Doncaster 037B","E08000017","Doncaster",2889,0,0,0,0
"E01007597","Doncaster 037E","E08000017","Doncaster",1980,0,0,0,0
"E01007626","Doncaster 004B","E08000017","Doncaster",2062,0,0,0,0
"E01007627","Doncaster 004C","E08000017","Doncaster",1735,0,0,0,0
"E01007628","Doncaster 004D","E08000017","Doncaster",694,0,0,0,0
"E01007629","Doncaster 004E","E08000017","Doncaster",213,0,0,0,0
"E01007634","Doncaster 001C","E08000017","Doncaster",2736,0,0,0,0
"E01007643","Doncaster 022D","E08000017","Doncaster",1276,0,0,0,0
"E01007655","Doncaster 022F","E08000017","Doncaster",1306,0,0,0,0
"E01007662","Rotherham 032D","E08000018","Rotherham",1941,0,0,0,0
"E01007668","Rotherham 030B","E08000018","Rotherham",243,0,0,0,0
"E01007677","Rotherham 017A","E08000018","Rotherham",434,0,0,0,0
"E01007714","Rotherham 017B","E08000018","Rotherham",154,0,0,0,0
"E01007715","Rotherham 016A","E08000018","Rotherham",15,0,0,0,0
"E01007716","Rotherham 016B","E08000018","Rotherham",274,0,0,0,0
"E01007718","Rotherham 016D","E08000018","Rotherham",2193,0,0,0,0
"E01007719","Rotherham 010A","E08000018","Rotherham",412,0,0,0,0
"E01007721","Rotherham 010C","E08000018","Rotherham",1657,0,0,0,0
"E01007723","Rotherham 013A","E08000018","Rotherham",2529,0,0,0,0
"E01007726","Rotherham 019F","E08000018","Rotherham",2376,0,0,0,0
"E01007727","Rotherham 010D","E08000018","Rotherham",1171,0,0,0,0
"E01007729","Rotherham 009B","E08000018","Rotherham",938,0,0,0,0
"E01007730","Rotherham 009C","E08000018","Rotherham",2345,0,0,0,0
"E01007732","Rotherham 009E","E08000018","Rotherham",1749,0,0,0,0
"E01007734","Rotherham 021F","E08000018","Rotherham",1261,0,0,0,0
"E01007735","Rotherham 013B","E08000018","Rotherham",547,0,0,0,0
"E01007736","Rotherham 014A","E08000018","Rotherham",349,0,0,0,0
"E01007737","Rotherham 013C","E08000018","Rotherham",229,0,0,0,0
"E01007738","Rotherham 013D","E08000018","Rotherham",684,0,0,0,0
"E01007739","Rotherham 013E","E08000018","Rotherham",407,0,0,0,0
"E01007760","Rotherham 020D","E08000018","Rotherham",632,0,0,0,0
"E01007763","Rotherham 020E","E08000018","Rotherham",1748,0,0,0,0
"E01007764","Rotherham 020F","E08000018","Rotherham",466,0,0,0,0
"E01007766","Rotherham 014C","E08000018","Rotherham",2536,0,0,0,0
"E01007768","Rotherham 014D","E08000018","Rotherham",389,0,0,0,0
"E01007769","Rotherham 017D","E08000018","Rotherham",10,0,0,0,0
"E01007775","Rotherham 008A","E08000018","Rotherham",405,0,0,0,0
"E01007790","Rotherham 029E","E08000018","Rotherham",311,0,0,0,0
"E01007791","Rotherham 029F","E08000018","Rotherham",2136,0,0,0,0
"E01007794","Rotherham 004C","E08000018","Rotherham",3025,0,0,0,0
"E01007796","Rotherham 003A","E08000018","Rotherham",1996,0,0,0,0
"E01007804","Rotherham 011B","E08000018","Rotherham",2782,0,0,0,0
"E01007809","Rotherham 026B","E08000018","Rotherham",1244,0,0,0,0
"E01007822","Rotherham 002F","E08000018","Rotherham",1891,0,0,0,0
"E01007848","Sheffield 013A","E08000019","Sheffield",1911,0,0,0,0
"E01007851","Sheffield 013B","E08000019","Sheffield",2377,0,0,0,0
"E01007855","Sheffield 014F","E08000019","Sheffield",2661,0,0,0,0
"E01007869","Sheffield 020A","E08000019","Sheffield",2471,0,0,0,0
"E01007870","Sheffield 019A","E08000019","Sheffield",1940,0,0,0,0
"E01007873","Sheffield 020C","E08000019","Sheffield",2006,0,0,0,0
"E01007874","Sheffield 022A","E08000019","Sheffield",1452,0,0,0,0
"E01007875","Sheffield 022B","E08000019","Sheffield",415,0,0,0,0
"E01007878","Sheffield 075A","E08000019","Sheffield",2454,0,0,0,0
"E01007883","Sheffield 027A","E08000019","Sheffield",1126,0,0,0,0
"E01007885","Sheffield 075E","E08000019","Sheffield",1108,0,0,0,0
"E01007886","Sheffield 075F","E08000019","Sheffield",967,0,0,0,0
"E01007892","Sheffield 003B","E08000019","Sheffield",1046,0,0,0,0
"E01007901","Sheffield 003G","E08000019","Sheffield",2223,0,0,0,0
"E01007902","Sheffield 027B","E08000019","Sheffield",592,0,0,0,0
"E01007904","Sheffield 018B","E08000019","Sheffield",417,0,0,0,0
"E01007905","Sheffield 027C","E08000019","Sheffield",1581,0,0,0,0
"E01007913","Sheffield 018C","E08000019","Sheffield",551,0,0,0,0
"E01007914","Sheffield 018D","E08000019","Sheffield",1259,0,0,0,0
"E01007916","Sheffield 069B","E08000019","Sheffield",1339,0,0,0,0
"E01007919","Sheffield 069C","E08000019","Sheffield",847,0,0,0,0
"E01007940","Sheffield 022E","E08000019","Sheffield",104,0,0,0,0
"E01007942","Sheffield 020D","E08000019","Sheffield",960,0,0,0,0
"E01007943","Sheffield 019C","E08000019","Sheffield",950,0,0,0,0
"E01007945","Sheffield 015B","E08000019","Sheffield",1471,0,0,0,0
"E01007946","Sheffield 015C","E08000019","Sheffield",1751,0,0,0,0
"E01007947","Sheffield 013C","E08000019","Sheffield",178,0,0,0,0
"E01007948","Sheffield 013D","E08000019","Sheffield",949,0,0,0,0
"E01007949","Sheffield 020E","E08000019","Sheffield",77,0,0,0,0
"E01007970","Sheffield 049D","E08000019","Sheffield",73,0,0,0,0
"E01007977","Sheffield 051C","E08000019","Sheffield",991,0,0,0,0
"E01007979","Sheffield 051D","E08000019","Sheffield",245,0,0,0,0
"E01008007","Sheffield 060A","E08000019","Sheffield",1151,0,0,0,0
"E01008009","Sheffield 045E","E08000019","Sheffield",934,0,0,0,0
"E01008011","Sheffield 039A","E08000019","Sheffield",1316,0,0,0,0
"E01008015","Sheffield 039D","E08000019","Sheffield",1806,0,0,0,0
"E01008017","Sheffield 039E","E08000019","Sheffield",698,0,0,0,0
"E01008018","Sheffield 039F","E08000019","Sheffield",2238,0,0,0,0
"E01008022","Sheffield 065C","E08000019","Sheffield",433,0,0,0,0
"E01008055","Sheffield 007C","E08000019","Sheffield",2400,0,0,0,0
"E01008060","Sheffield 010D","E08000019","Sheffield",2699,0,0,0,0
"E01008062","Sheffield 013E","E08000019","Sheffield",893,0,0,0,0
"E01008065","Sheffield 026A","E08000019","Sheffield",1535,0,0,0,0
"E01008075","Sheffield 060B","E08000019","Sheffield",936,0,0,0,0
"E01008076","Sheffield 060C","E08000019","Sheffield",842,0,0,0,0
"E01008081","Sheffield 070A","E08000019","Sheffield",1558,0,0,0,0
"E01008082","Sheffield 070B","E08000019","Sheffield",1343,0,0,0,0
"E01008083","Sheffield 070C","E08000019","Sheffield",767,0,0,0,0
"E01008084","Sheffield 070D","E08000019","Sheffield",297,0,0,0,0
"E01008085","Sheffield 009A","E08000019","Sheffield",2174,0,0,0,0
"E01008090","Sheffield 012C","E08000019","Sheffield",1309,0,0,0,0
"E01008092","Sheffield 012D","E08000019","Sheffield",697,0,0,0,0
"E01008094","Sheffield 019D","E08000019","Sheffield",2117,0,0,0,0
"E01008097","Sheffield 043C","E08000019","Sheffield",2124,0,0,0,0
"E01008098","Sheffield 048A","E08000019","Sheffield",1914,0,0,0,0
"E01008100","Sheffield 048B","E08000019","Sheffield",1744,0,0,0,0
"E01008102","Sheffield 048C","E08000019","Sheffield",354,0,0,0,0
"E01008103","Sheffield 048D","E08000019","Sheffield",256,0,0,0,0
"E01008116","Sheffield 009C","E08000019","Sheffield",1127,0,0,0,0
"E01008118","Sheffield 009E","E08000019","Sheffield",1828,0,0,0,0
"E01008122","Sheffield 012E","E08000019","Sheffield",1916,0,0,0,0
"E01008123","Sheffield 015E","E08000019","Sheffield",2035,0,0,0,0
"E01008124","Sheffield 012F","E08000019","Sheffield",268,0,0,0,0
"E01008164","Gateshead 027B","E08000037","Gateshead",2237,0,0,0,0
"E01008165","Gateshead 011A","E08000037","Gateshead",2672,0,0,0,0
"E01008170","Gateshead 008C","E08000037","Gateshead",1862,0,0,0,0
"E01008180","Gateshead 004B","E08000037","Gateshead",2251,0,0,0,0
"E01008186","Gateshead 029C","E08000037","Gateshead",2066,0,0,0,0
"E01008189","Gateshead 023A","E08000037","Gateshead",1375,0,0,0,0
"E01008201","Gateshead 011B","E08000037","Gateshead",1035,0,0,0,0
"E01008203","Gateshead 028B","E08000037","Gateshead",1704,0,0,0,0
"E01008204","Gateshead 011D","E08000037","Gateshead",1230,0,0,0,0
"E01008212","Gateshead 012A","E08000037","Gateshead",894,0,0,0,0
"E01008214","Gateshead 003A","E08000037","Gateshead",644,0,0,0,0
"E01008215","Gateshead 003B","E08000037","Gateshead",1986,0,0,0,0
"E01008216","Gateshead 012C","E08000037","Gateshead",2797,0,0,0,0
"E01008218","Gateshead 021A","E08000037","Gateshead",1487,0,0,0,0
"E01008220","Gateshead 021B","E08000037","Gateshead",253,0,0,0,0
"E01008223","Gateshead 025B","E08000037","Gateshead",1641,0,0,0,0
"E01008227","Gateshead 021E","E08000037","Gateshead",353,0,0,0,0
"E01008252","Gateshead 010B","E08000037","Gateshead",2572,0,0,0,0
"E01008257","Gateshead 008E","E08000037","Gateshead",2118,0,0,0,0
"E01008285","Gateshead 018E","E08000037","Gateshead",1459,0,0,0,0
"E01008289","Newcastle upon Tyne 027B","E08000021","Newcastle upon Tyne",1408,0,0,0,0
"E01008291","Newcastle upon Tyne 027D","E08000021","Newcastle upon Tyne",53,0,0,0,0
"E01008295","Newcastle upon Tyne 008A","E08000021","Newcastle upon Tyne",1870,0,0,0,0
"E01008297","Newcastle upon Tyne 011B","E08000021","Newcastle upon Tyne",2327,0,0,0,0
"E01008299","Newcastle upon Tyne 011D","E08000021","Newcastle upon Tyne",2651,0,0,0,0
"E01008302","Newcastle upon Tyne 035D","E08000021","Newcastle upon Tyne",747,0,0,0,0
"E01008303","Newcastle upon Tyne 018A","E08000021","Newcastle upon Tyne",689,0,0,0,0
"E01008305","Newcastle upon Tyne 040C","E08000021","Newcastle upon Tyne",470,0,0,0,0
"E01008324","Newcastle upon Tyne 015A","E08000021","Newcastle upon Tyne",2839,0,0,0,0
"E01008325","Newcastle upon Tyne 015B","E08000021","Newcastle upon Tyne",2429,0,0,0,0
"E01008327","Newcastle upon Tyne 015D","E08000021","Newcastle upon Tyne",1314,0,0,0,0
"E01008331","Newcastle upon Tyne 041A","E08000021","Newcastle upon Tyne",868,0,0,0,0
"E01008333","Newcastle upon Tyne 038E","E08000021","Newcastle upon Tyne",1667,0,0,0,0
"E01008334","Newcastle upon Tyne 038A","E08000021","Newcastle upon Tyne",2694,0,0,0,0
"E01008335","Newcastle upon Tyne 038D","E08000021","Newcastle upon Tyne",2867,0,0,0,0
"E01008337","Newcastle upon Tyne 003B","E08000021","Newcastle upon Tyne",2982,0,0,0,0
"E01008340","Newcastle upon Tyne 003E","E08000021","Newcastle upon Tyne",1323,0,0,0,0
"E01008345","Newcastle upon Tyne 019C","E08000021","Newcastle upon Tyne",1946,0,0,0,0
"E01008380","Newcastle upon Tyne 008G","E08000021","Newcastle upon Tyne",376,0,0,0,0
"E01008382","Newcastle upon Tyne 021B","E08000021","Newcastle upon Tyne",1185,0,0,0,0
"E01008388","Newcastle upon Tyne 028A","E08000021","Newcastle upon Tyne",636,0,0,0,0
"E01008389","Newcastle upon Tyne 028B","E08000021","Newcastle upon Tyne",1160,0,0,0,0
"E01008390","Newcastle upon Tyne 030A","E08000021","Newcastle upon Tyne",606,0,0,0,0
"E01008391","Newcastle upon Tyne 035C","E08000021","Newcastle upon Tyne",965,0,0,0,0
"E01008398","Newcastle upon Tyne 022C","E08000021","Newcastle upon Tyne",1081,0,0,0,0
"E01008399","Newcastle upon Tyne 039A","E08000021","Newcastle upon Tyne",2201,0,0,0,0
"E01008425","Newcastle upon Tyne 030B","E08000021","Newcastle upon Tyne",423,0,0,0,0
"E01008426","Newcastle upon Tyne 028C","E08000021","Newcastle upon Tyne",522,0,0,0,0
"E01008427","Newcastle upon Tyne 030C","E08000021","Newcastle upon Tyne",359,0,0,0,0
"E01008428","Newcastle upon Tyne 030D","E08000021","Newcastle upon Tyne",2281,0,0,0,0
"E01008429","Newcastle upon Tyne 028D","E08000021","Newcastle upon Tyne",716,0,0,0,0
"E01008436","Newcastle upon Tyne 020F","E08000021","Newcastle upon Tyne",1772,0,0,0,0
"E01008437","Newcastle upon Tyne 041C","E08000021","Newcastle upon Tyne",548,0,0,0,0
"E01008438","Newcastle upon Tyne 041B","E08000021","Newcastle upon Tyne",791,0,0,0,0
"E01008439","Newcastle upon Tyne 039D","E08000021","Newcastle upon Tyne",341,0,0,0,0
"E01008456","Newcastle upon Tyne 004B","E08000021","Newcastle upon Tyne",2533,0,0,0,0
"E01008457","Newcastle upon Tyne 004C","E08000021","Newcastle upon Tyne",1006,0,0,0,0
"E01008459","Newcastle upon Tyne 004E","E08000021","Newcastle upon Tyne",201,0,0,0,0
"E01008460","Newcastle upon Tyne 004F","E08000021","Newcastle upon Tyne",2849,0,0,0,0
"E01008484","North Tyneside 023C","E08000022","North Tyneside",3005,0,0,0,0
"E01008485","North Tyneside 023D","E08000022","North Tyneside",141,0,0,0,0
"E01008512","North Tyneside 026D","E08000022","North Tyneside",2754,0,0,0,0
"E01008540","North Tyneside 027B","E08000022","North Tyneside",631,0,0,0,0
"E01008542","North Tyneside 028B","E08000022","North Tyneside",2441,0,0,0,0
"E01008544","North Tyneside 027D","E08000022","North Tyneside",700,0,0,0,0
"E01008545","North Tyneside 027E","E08000022","North Tyneside",754,0,0,0,0
"E01008573","North Tyneside 029B","E08000022","North Tyneside",1469,0,0,0,0
"E01008575","North Tyneside 030E","E08000022","North Tyneside",1416,0,0,0,0
"E01008591","South Tyneside 011B","E08000023","South Tyneside",1971,0,0,0,0
"E01008593","South Tyneside 016A","E08000023","South Tyneside",1631,0,0,0,0
"E01008596","South Tyneside 001B","E08000023","South Tyneside",1095,0,0,0,0
"E01008600","South Tyneside 007A","E08000023","South Tyneside",1242,0,0,0,0
"E01008604","South Tyneside 007B","E08000023","South Tyneside",1634,0,0,0,0
"E01008607","South Tyneside 016D","E08000023","South Tyneside",996,0,0,0,0
"E01008608","South Tyneside 014C","E08000023","South Tyneside",2555,0,0,0,0
"E01008609","South Tyneside 016E","E08000023","South Tyneside",2493,0,0,0,0
"E01008610","South Tyneside 021A","E08000023","South Tyneside",2523,0,0,0,0
"E01008613","South Tyneside 021D","E08000023","South Tyneside",2700,0,0,0,0
"E01008651","South Tyneside 004D","E08000023","South Tyneside",779,0,0,0,0
"E01008658","South Tyneside 015F","E08000023","South Tyneside",2696,0,0,0,0
"E01008664","South Tyneside 002A","E08000023","South Tyneside",515,0,0,0,0
"E01008665","South Tyneside 002B","E08000023","South Tyneside",1417,0,0,0,0
"E01008666","South Tyneside 002C","E08000023","South Tyneside",1300,0,0,0,0
"E01008667","South Tyneside 002D","E08000023","South Tyneside",2508,0,0,0,0
"E01008668","South Tyneside 002E","E08000023","South Tyneside",1902,0,0,0,0
"E01008669","South Tyneside 012B","E08000023","South Tyneside",1249,0,0,0,0
"E01008682","South Tyneside 005C","E08000023","South Tyneside",1302,0,0,0,0
"E01008689","South Tyneside 019B","E08000023","South Tyneside",1876,0,0,0,0
"E01008699","Sunderland 008F","E08000024","Sunderland",3100,0,0,0,0
"E01008702","Sunderland 016A","E08000024","Sunderland",160,0,0,0,0
"E01008705","Sunderland 013C","E08000024","Sunderland",2445,0,0,0,0
"E01008709","Sunderland 005B","E08000024","Sunderland",282,0,0,0,0
"E01008712","Sunderland 004A","E08000024","Sunderland",1721,0,0,0,0
"E01008714","Sunderland 034A","E08000024","Sunderland",2013,0,0,0,0
"E01008719","Sunderland 035B","E08000024","Sunderland",2003,0,0,0,0
"E01008730","Sunderland 021B","E08000024","Sunderland",827,0,0,0,0
"E01008733","Sunderland 021E","E08000024","Sunderland",1000,0,0,0,0
"E01008736","Sunderland 016C","E08000024","Sunderland",18,0,0,0,0
"E01008737","Sunderland 016D","E08000024","Sunderland",709,0,0,0,0
"E01008738","Sunderland 016E","E08000024","Sunderland",450,0,0,0,0
"E01008743","Sunderland 036A","E08000024","Sunderland",677,0,0,0,0
"E01008755","Sunderland 033E","E08000024","Sunderland",2995,0,0,0,0
"E01008762","Sunderland 012B","E08000024","Sunderland",1024,0,0,0,0
"E01008773","Sunderland 026A","E08000024","Sunderland",1411,0,0,0,0
"E01008777","Sunderland 026C","E08000024","Sunderland",1049,0,0,0,0
"E01008791","Sunderland 006F","E08000024","Sunderland",2598,0,0,0,0
"E01008793","Sunderland 030A","E08000024","Sunderland",994,0,0,0,0
"E01008800","Sunderland 030D","E08000024","Sunderland",1928,0,0,0,0
"E01008810","Sunderland 014A","E08000024","Sunderland",2625,0,0,0,0
"E01008812","Sunderland 012C","E08000024","Sunderland",2458,0,0,0,0
"E01008817","Sunderland 004B","E08000024","Sunderland",270,0,0,0,0
"E01008821","Sunderland 004D","E08000024","Sunderland",891,0,0,0,0
"E01008823","Sunderland 023A","E08000024","Sunderland",1546,0,0,0,0
"E01008824","Sunderland 023B","E08000024","Sunderland",771,0,0,0,0
"E01008827","Sunderland 023E","E08000024","Sunderland",1590,0,0,0,0
"E01008828","Sunderland 023F","E08000024","Sunderland",1620,0,0,0,0
"E01008829","Sunderland 023G","E08000024","Sunderland",718,0,0,0,0
"E01008836","Sunderland 016F","E08000024","Sunderland",109,0,0,0,0
"E01008837","Sunderland 003B","E08000024","Sunderland",1665,0,0,0,0
"E01008839","Sunderland 003D","E08000024","Sunderland",235,0,0,0,0
"E01008841","Sunderland 003F","E08000024","Sunderland",1499,0,0,0,0
"E01008846","Sunderland 017B","E08000024","Sunderland",1364,0,0,0,0
"E01008847","Sunderland 017C","E08000024","Sunderland",2432,0,0,0,0
"E01008849","Sunderland 019D","E08000024","Sunderland",2351,0,0,0,0
"E01008853","Sunderland 009A","E08000024","Sunderland",1402,0,0,0,0
"E01008854","Sunderland 009B","E08000024","Sunderland",1237,0,0,0,0
"E01008858","Sunderland 009D","E08000024","Sunderland",1068,0,0,0,0
"E01008859","Sunderland 009E","E08000024","Sunderland",1526,0,0,0,0
"E01008867","Sunderland 020A","E08000024","Sunderland",1138,0,0,0,0
"E01008882","Birmingham 066A","E08000025","Birmingham",1607,0,0,0,0
"E01008883","Birmingham 078A","E08000025","Birmingham",1650,0,0,0,0
"E01008884","Birmingham 078B","E08000025","Birmingham",1403,0,0,0,0
"E01008886","Birmingham 076B","E08000025","Birmingham",1892,0,0,0,0
"E01008887","Birmingham 078C","E08000025","Birmingham",2390,0,0,0,0
"E01008889","Birmingham 078D","E08000025","Birmingham",2481,0,0,0,0
"E01008892","Birmingham 089C","E08000025","Birmingham",1879,0,0,0,0
"E01008896","Birmingham 066B","E08000025","Birmingham",1894,0,0,0,0
"E01008898","Birmingham 066C","E08000025","Birmingham",1600,0,0,0,0
"E01008899","Birmingham 037A","E08000025","Birmingham",591,0,0,0,0
"E01008901","Birmingham 037C","E08000025","Birmingham",851,0,0,0,0
"E01008905","Birmingham 040A","E08000025","Birmingham",909,0,0,0,0
"E01008906","Birmingham 049A","E08000025","Birmingham",1118,0,0,0,0
"E01008907","Birmingham 040B","E08000025","Birmingham",329,0,0,0,0
"E01008909","Birmingham 041D","E08000025","Birmingham",1978,0,0,0,0
"E01008910","Birmingham 050A","E08000025","Birmingham",396,0,0,0,0
"E01008911","Birmingham 049B","E08000025","Birmingham",1239,0,0,0,0
"E01008913","Birmingham 050B","E08000025","Birmingham",862,0,0,0,0
"E01008915","Birmingham 030A","E08000025","Birmingham",1197,0,0,0,0
"E01008916","Birmingham 037E","E08000025","Birmingham",136,0,0,0,0
"E01008918","Birmingham 094A","E08000025","Birmingham",2075,0,0,0,0
"E01008923","Birmingham 102B","E08000025","Birmingham",2239,0,0,0,0
"E01008927","Birmingham 102D","E08000025","Birmingham",580,0,0,0,0
"E01008928","Birmingham 102E","E08000025","Birmingham",1027,0,0,0,0
"E01008929","Birmingham 106C","E08000025","Birmingham",883,0,0,0,0
"E01008935","Birmingham 111B","E08000025","Birmingham",1367,0,0,0,0
"E01008940","Birmingham 115B","E08000025","Birmingham",1466,0,0,0,0
"E01008962","Birmingham 116D","E08000025","Birmingham",1175,0,0,0,0
"E01008976","Birmingham 121A","E08000025","Birmingham",1770,0,0,0,0
"E01008978","Birmingham 121B","E08000025","Birmingham",81,0,0,0,0
"E01008979","Birmingham 121C","E08000025","Birmingham",1188,0,0,0,0
"E01008980","Birmingham 121D","E08000025","Birmingham",665,0,0,0,0
"E01008984","Birmingham 074A","E08000025","Birmingham",2976,0,0,0,0
"E01008995","Birmingham 134A","E08000025","Birmingham",2650,0,0,0,0
"E01008998","Birmingham 031A","E08000025","Birmingham",1423,0,0,0,0
"E01009000","Birmingham 031C","E08000025","Birmingham",2150,0,0,0,0
"E01009002","Birmingham 023A","E08000025","Birmingham",761,0,0,0,0
"E01009007","Birmingham 023D","E08000025","Birmingham",2018,0,0,0,0
"E01009013","Birmingham 031D","E08000025","Birmingham",2275,0,0,0,0
"E01009016","Birmingham 098A","E08000025","Birmingham",1771,0,0,0,0
"E01009019","Birmingham 103A","E08000025","Birmingham",2060,0,0,0,0
"E01009021","Birmingham 103C","E08000025","Birmingham",2565,0,0,0,0
"E01009024","Birmingham 103D","E08000025","Birmingham",2956,0,0,0,0
"E01009025","Birmingham 103E","E08000025","Birmingham",2343,0,0,0,0
"E01009026","Birmingham 090C","E08000025","Birmingham",2778,0,0,0,0
"E01009029","Birmingham 090E","E08000025","Birmingham",2569,0,0,0,0
"E01009043","Birmingham 097B","E08000025","Birmingham",2692,0,0,0,0
"E01009044","Birmingham 097C","E08000025","Birmingham",2198,0,0,0,0
"E01009047","Birmingham 040C","E08000025","Birmingham",500,0,0,0,0
"E01009048","Birmingham 040D","E08000025","Birmingham",588,0,0,0,0
"E01009051","Birmingham 033A","E08000025","Birmingham",584,0,0,0,0
"E01009053","Birmingham 033B","E08000025","Birmingham",227,0,0,0,0
"E01009056","Birmingham 032B","E08000025","Birmingham",1725,0,0,0,0
"E01009057","Birmingham 035D","E08000025","Birmingham",1019,0,0,0,0
"E01009058","Birmingham 033D","E08000025","Birmingham",1832,0,0,0,0
"E01009059","Birmingham 035E","E08000025","Birmingham",850,0,0,0,0
"E01009060","Birmingham 035F","E08000025","Birmingham",1752,0,0,0,0
"E01009061","Birmingham 033E","E08000025","Birmingham",1531,0,0,0,0
"E01009062","Birmingham 040E","E08000025","Birmingham",1110,0,0,0,0
"E01009073","Birmingham 085A","E08000025","Birmingham",441,0,0,0,0
"E01009074","Birmingham 085B","E08000025","Birmingham",1970,0,0,0,0
"E01009075","Birmingham 087C","E08000025","Birmingham",1867,0,0,0,0
"E01009079","Birmingham 141G","E08000025","Birmingham",1975,0,0,0,0
"E01009080","Birmingham 141F","E08000025","Birmingham",1036,0,0,0,0
"E01009081","Birmingham 141H","E08000025","Birmingham",962,0,0,0,0
"E01009083","Birmingham 141I","E08000025","Birmingham",1784,0,0,0,0
"E01009092","Birmingham 054A","E08000025","Birmingham",881,0,0,0,0
"E01009093","Birmingham 054B","E08000025","Birmingham",1063,0,0,0,0
"E01009094","Birmingham 054C","E08000025","Birmingham",2049,0,0,0,0
"E01009096","Birmingham 029A","E08000025","Birmingham",1950,0,0,0,0
"E01009097","Birmingham 029B","E08000025","Birmingham",680,0,0,0,0
"E01009099","Birmingham 029C","E08000025","Birmingham",326,0,0,0,0
"E01009102","Birmingham 141E","E08000025","Birmingham",2100,0,0,0,0
"E01009103","Birmingham 029E","E08000025","Birmingham",809,0,0,0,0
"E01009104","Birmingham 141D","E08000025","Birmingham",2771,0,0,0,0
"E01009107","Birmingham 128A","E08000025","Birmingham",2218,0,0,0,0
"E01009109","Birmingham 123B","E08000025","Birmingham",2394,0,0,0,0
"E01009113","Birmingham 128C","E08000025","Birmingham",309,0,0,0,0
"E01009114","Birmingham 128D","E08000025","Birmingham",2278,0,0,0,0
"E01009115","Birmingham 128E","E08000025","Birmingham",2163,0,0,0,0
"E01009117","Birmingham 126A","E08000025","Birmingham",928,0,0,0,0
"E01009122","Birmingham 014B","E08000025","Birmingham",2114,0,0,0,0
"E01009124","Birmingham 022B","E08000025","Birmingham",978,0,0,0,0
"E01009127","Birmingham 011A","E08000025","Birmingham",1158,0,0,0,0
"E01009128","Birmingham 011B","E08000025","Birmingham",794,0,0,0,0
"E01009129","Birmingham 014C","E08000025","Birmingham",1266,0,0,0,0
"E01009130","Birmingham 011C","E08000025","Birmingham",1754,0,0,0,0
"E01009131","Birmingham 011D","E08000025","Birmingham",1608,0,0,0,0
"E01009132","Birmingham 014D","E08000025","Birmingham",1683,0,0,0,0
"E01009133","Birmingham 011E","E08000025","Birmingham",1347,0,0,0,0
"E01009134","Birmingham 011F","E08000025","Birmingham",2286,0,0,0,0
"E01009136","Birmingham 014E","E08000025","Birmingham",2729,0,0,0,0
"E01009141","Birmingham 137A","E08000025","Birmingham",1053,0,0,0,0
"E01009143","Birmingham 136A","E08000025","Birmingham",1325,0,0,0,0
"E01009151","Birmingham 053A","E08000025","Birmingham",2158,0,0,0,0
"E01009152","Birmingham 053B","E08000025","Birmingham",943,0,0,0,0
"E01009153","Birmingham 053C","E08000025","Birmingham",1920,0,0,0,0
"E01009155","Birmingham 125B","E08000025","Birmingham",418,0,0,0,0
"E01009157","Birmingham 125D","E08000025","Birmingham",933,0,0,0,0
"E01009160","Birmingham 125E","E08000025","Birmingham",114,0,0,0,0
"E01009161","Birmingham 125F","E08000025","Birmingham",2379,0,0,0,0
"E01009172","Birmingham 119A","E08000025","Birmingham",1877,0,0,0,0
"E01009173","Birmingham 119B","E08000025","Birmingham",1463,0,0,0,0
"E01009174","Birmingham 119C","E08000025","Birmingham",2360,0,0,0,0
"E01009182","Birmingham 092A","E08000025","Birmingham",1290,0,0,0,0
"E01009192","Birmingham 052B","E08000025","Birmingham",1910,0,0,0,0
"E01009195","Birmingham 058A","E08000025","Birmingham",1551,0,0,0,0
"E01009200","Birmingham 139A","E08000025","Birmingham",1424,0,0,0,0
"E01009201","Birmingham 043A","E08000025","Birmingham",1311,0,0,0,0
"E01009202","Birmingham 043B","E08000025","Birmingham",985,0,0,0,0
"E01009204","Birmingham 052E","E08000025","Birmingham",1331,0,0,0,0
"E01009212","Birmingham 126C","E08000025","Birmingham",2713,0,0,0,0
"E01009214","Birmingham 126D","E08000025","Birmingham",1420,0,0,0,0
"E01009215","Birmingham 126E","E08000025","Birmingham",695,0,0,0,0
"E01009239","Birmingham 033F","E08000025","Birmingham",511,0,0,0,0
"E01009258","Birmingham 085E","E08000025","Birmingham",2451,0,0,0,0
"E01009259","Birmingham 094E","E08000025","Birmingham",2176,0,0,0,0
"E01009266","Birmingham 034A","E08000025","Birmingham",826,0,0,0,0
"E01009269","Birmingham 034B","E08000025","Birmingham",676,0,0,0,0
"E01009270","Birmingham 034C","E08000025","Birmingham",642,0,0,0,0
"E01009271","Birmingham 034D","E08000025","Birmingham",1564,0,0,0,0
"E01009273","Birmingham 034E","E08000025","Birmingham",1468,0,0,0,0
"E01009274","Birmingham 036C","E08000025","Birmingham",2444,0,0,0,0
"E01009275","Birmingham 039A","E08000025","Birmingham",628,0,0,0,0
"E01009297","Birmingham 057A","E08000025","Birmingham",3077,0,0,0,0
"E01009298","Birmingham 054D","E08000025","Birmingham",1644,0,0,0,0
"E01009299","Birmingham 057B","E08000025","Birmingham",2591,0,0,0,0
"E01009300","Birmingham 057C","E08000025","Birmingham",1215,0,0,0,0
"E01009301","Birmingham 057D","E08000025","Birmingham",763,0,0,0,0
"E01009303","Birmingham 057E","E08000025","Birmingham",2226,0,0,0,0
"E01009305","Birmingham 045C","E08000025","Birmingham",314,0,0,0,0
"E01009307","Birmingham 045D","E08000025","Birmingham",1643,0,0,0,0
"E01009309","Birmingham 045E","E08000025","Birmingham",1860,0,0,0,0
"E01009310","Birmingham 046D","E08000025","Birmingham",2916,0,0,0,0
"E01009311","Birmingham 054E","E08000025","Birmingham",1071,0,0,0,0
"E01009321","Birmingham 069C","E08000025","Birmingham",516,0,0,0,0
"E01009322","Birmingham 069D","E08000025","Birmingham",1289,0,0,0,0
"E01009325","Birmingham 063A","E08000025","Birmingham",1964,0,0,0,0
"E01009327","Birmingham 139B","E08000025","Birmingham",1603,0,0,0,0
"E01009328","Birmingham 139C","E08000025","Birmingham",1395,0,0,0,0
"E01009329","Birmingham 070A","E08000025","Birmingham",1122,0,0,0,0
"E01009331","Birmingham 139D","E08000025","Birmingham",2289,0,0,0,0
"E01009332","Birmingham 139E","E08000025","Birmingham",570,0,0,0,0
"E01009333","Birmingham 139F","E08000025","Birmingham",501,0,0,0,0
"E01009334","Birmingham 070B","E08000025","Birmingham",2397,0,0,0,0
"E01009335","Birmingham 139G","E08000025","Birmingham",2556,0,0,0,0
"E01009337","Birmingham 070C","E08000025","Birmingham",1128,0,0,0,0
"E01009338","Birmingham 070D","E08000025","Birmingham",1350,0,0,0,0
"E01009339","Birmingham 142A","E08000025","Birmingham",1427,0,0,0,0
"E01009341","Birmingham 066E","E08000025","Birmingham",1476,0,0,0,0
"E01009343","Birmingham 063E","E08000025","Birmingham",464,0,0,0,0
"E01009344","Birmingham 139H","E08000025","Birmingham",1199,0,0,0,0
"E01009345","Birmingham 053D","E08000025","Birmingham",202,0,0,0,0
"E01009346","Birmingham 053E","E08000025","Birmingham",1534,0,0,0,0
"E01009347","Birmingham 049D","E08000025","Birmingham",1409,0,0,0,0
"E01009349","Birmingham 036D","E08000025","Birmingham",322,0,0,0,0
"E01009350","Birmingham 039B","E08000025","Birmingham",857,0,0,0,0
"E01009351","Birmingham 036E","E08000025","Birmingham",1101,0,0,0,0
"E01009352","Birmingham 039C","E08000025","Birmingham",831,0,0,0,0
"E01009353","Birmingham 039D","E08000025","Birmingham",975,0,0,0,0
"E01009354","Birmingham 036F","E08000025","Birmingham",487,0,0,0,0
"E01009355","Birmingham 039E","E08000025","Birmingham",135,0,0,0,0
"E01009358","Birmingham 047B","E08000025","Birmingham",873,0,0,0,0
"E01009359","Birmingham 047C","E08000025","Birmingham",386,0,0,0,0
"E01009360","Birmingham 047D","E08000025","Birmingham",1659,0,0,0,0
"E01009361","Birmingham 047E","E08000025","Birmingham",117,0,0,0,0
"E01009362","Birmingham 071A","E08000025","Birmingham",696,0,0,0,0
"E01009363","Birmingham 071B","E08000025","Birmingham",913,0,0,0,0
"E01009364","Birmingham 071C","E08000025","Birmingham",310,0,0,0,0
"E01009365","Birmingham 071D","E08000025","Birmingham",157,0,0,0,0
"E01009366","Birmingham 084A","E08000025","Birmingham",2268,0,0,0,0
"E01009367","Birmingham 083A","E08000025","Birmingham",336,0,0,0,0
"E01009368","Birmingham 077A","E08000025","Birmingham",325,0,0,0,0
"E01009371","Birmingham 077D","E08000025","Birmingham",524,0,0,0,0
"E01009372","Birmingham 082A","E08000025","Birmingham",723,0,0,0,0
"E01009373","Birmingham 082B","E08000025","Birmingham",585,0,0,0,0
"E01009374","Birmingham 084B","E08000025","Birmingham",1549,0,0,0,0
"E01009375","Birmingham 083B","E08000025","Birmingham",1169,0,0,0,0
"E01009376","Birmingham 084C","E08000025","Birmingham",774,0,0,0,0
"E01009377","Birmingham 083C","E08000025","Birmingham",194,0,0,0,0
"E01009379","Birmingham 071E","E08000025","Birmingham",345,0,0,0,0
"E01009380","Birmingham 070E","E08000025","Birmingham",1180,0,0,0,0
"E01009382","Birmingham 142D","E08000025","Birmingham",1627,0,0,0,0
"E01009383","Birmingham 083D","E08000025","Birmingham",2603,0,0,0,0
"E01009384","Birmingham 092E","E08000025","Birmingham",2705,0,0,0,0
"E01009391","Birmingham 143C","E08000025","Birmingham",653,0,0,0,0
"E01009392","Birmingham 142E","E08000025","Birmingham",2413,0,0,0,0
"E01009393","Birmingham 143D","E08000025","Birmingham",1220,0,0,0,0
"E01009396","Birmingham 082D","E08000025","Birmingham",941,0,0,0,0
"E01009397","Birmingham 077E","E08000025","Birmingham",1453,0,0,0,0
"E01009399","Birmingham 083E","E08000025","Birmingham",363,0,0,0,0
"E01009400","Birmingham 031E","E08000025","Birmingham",1253,0,0,0,0
"E01009401","Birmingham 031F","E08000025","Birmingham",1009,0,0,0,0
"E01009404","Birmingham 020B","E08000025","Birmingham",2456,0,0,0,0
"E01009408","Birmingham 026B","E08000025","Birmingham",2629,0,0,0,0
"E01009409","Birmingham 026C","E08000025","Birmingham",1694,0,0,0,0
"E01009410","Birmingham 026D","E08000025","Birmingham",1981,0,0,0,0
"E01009412","Birmingham 030C","E08000025","Birmingham",177,0,0,0,0
"E01009413","Birmingham 030D","E08000025","Birmingham",1052,0,0,0,0
"E01009475","Birmingham 055A","E08000025","Birmingham",1691,0,0,0,0
"E01009476","Birmingham 055B","E08000025","Birmingham",1406,0,0,0,0
"E01009477","Birmingham 055C","E08000025","Birmingham",783,0,0,0,0
"E01009478","Birmingham 048A","E08000025","Birmingham",781,0,0,0,0
"E01009479","Birmingham 048B","E08000025","Birmingham",728,0,0,0,0
"E01009480","Birmingham 044C","E08000025","Birmingham",1630,0,0,0,0
"E01009482","Birmingham 048C","E08000025","Birmingham",334,0,0,0,0
"E01009483","Birmingham 051B","E08000025","Birmingham",431,0,0,0,0
"E01009484","Birmingham 048D","E08000025","Birmingham",503,0,0,0,0
"E01009485","Birmingham 048E","E08000025","Birmingham",1594,0,0,0,0
"E01009486","Birmingham 044E","E08000025","Birmingham",597,0,0,0,0
"E01009487","Birmingham 044F","E08000025","Birmingham",2318,0,0,0,0
"E01009488","Birmingham 051C","E08000025","Birmingham",725,0,0,0,0
"E01009489","Birmingham 051D","E08000025","Birmingham",663,0,0,0,0
"E01009490","Birmingham 055D","E08000025","Birmingham",1233,0,0,0,0
"E01009491","Birmingham 051E","E08000025","Birmingham",1273,0,0,0,0
"E01009492","Birmingham 055E","E08000025","Birmingham",788,0,0,0,0
"E01009494","Birmingham 109A","E08000025","Birmingham",1268,0,0,0,0
"E01009495","Birmingham 106E","E08000025","Birmingham",2241,0,0,0,0
"E01009498","Birmingham 119D","E08000025","Birmingham",1496,0,0,0,0
"E01009500","Birmingham 095E","E08000025","Birmingham",2504,0,0,0,0
"E01009501","Birmingham 101B","E08000025","Birmingham",2195,0,0,0,0
"E01009502","Birmingham 101C","E08000025","Birmingham",2897,0,0,0,0
"E01009507","Birmingham 056B","E08000025","Birmingham",315,0,0,0,0
"E01009509","Birmingham 056D","E08000025","Birmingham",2738,0,0,0,0
"E01009510","Birmingham 056E","E08000025","Birmingham",742,0,0,0,0
"E01009511","Birmingham 054F","E08000025","Birmingham",1321,0,0,0,0
"E01009513","Birmingham 066F","E08000025","Birmingham",1994,0,0,0,0
"E01009514","Birmingham 062B","E08000025","Birmingham",2875,0,0,0,0
"E01009539","Coventry 039A","E08000026","Coventry",1099,0,0,0,0
"E01009540","Coventry 039B","E08000026","Coventry",1572,0,0,0,0
"E01009541","Coventry 039C","E08000026","Coventry",2014,0,0,0,0
"E01009542","Coventry 039D","E08000026","Coventry",1756,0,0,0,0
"E01009564","Coventry 005A","E08000026","Coventry",2659,0,0,0,0
"E01009566","Coventry 009B","E08000026","Coventry",2498,0,0,0,0
"E01009567","Coventry 009C","E08000026","Coventry",482,0,0,0,0
"E01009569","Coventry 015A","E08000026","Coventry",1295,0,0,0,0
"E01009571","Coventry 015C","E08000026","Coventry",398,0,0,0,0
"E01009573","Coventry 015E","E08000026","Coventry",1513,0,0,0,0
"E01009574","Coventry 015F","E08000026","Coventry",305,0,0,0,0
"E01009575","Coventry 005B","E08000026","Coventry",2600,0,0,0,0
"E01009577","Coventry 007A","E08000026","Coventry",1686,0,0,0,0
"E01009579","Coventry 007B","E08000026","Coventry",1407,0,0,0,0
"E01009581","Coventry 007C","E08000026","Coventry",2997,0,0,0,0
"E01009585","Coventry 007E","E08000026","Coventry",2821,0,0,0,0
"E01009605","Coventry 004B","E08000026","Coventry",911,0,0,0,0
"E01009607","Coventry 004C","E08000026","Coventry",102,0,0,0,0
"E01009612","Coventry 035F","E08000026","Coventry",1491,0,0,0,0
"E01009632","Coventry 020D","E08000026","Coventry",2267,0,0,0,0
"E01009638","Coventry 024C","E08000026","Coventry",261,0,0,0,0
"E01009640","Coventry 024E","E08000026","Coventry",1039,0,0,0,0
"E01009651","Coventry 031D","E08000026","Coventry",1288,0,0,0,0
"E01009659","Coventry 016C","E08000026","Coventry",1434,0,0,0,0
"E01009700","Coventry 029C","E08000026","Coventry",1319,0,0,0,0
"E01009702","Coventry 029E","E08000026","Coventry",1712,0,0,0,0
"E01009709","Coventry 007F","E08000026","Coventry",206,0,0,0,0
"E01009718","Coventry 019E","E08000026","Coventry",2775,0,0,0,0
"E01009733","Dudley 039B","E08000027","Dudley",1480,0,0,0,0
"E01009741","Dudley 022A","E08000027","Dudley",1859,0,0,0,0
"E01009753","Dudley 017C","E08000027","Dudley",2649,0,0,0,0
"E01009762","Dudley 006F","E08000027","Dudley",1340,0,0,0,0
"E01009769","Dudley 001D","E08000027","Dudley",2506,0,0,0,0
"E01009786","Dudley 007B","E08000027","Dudley",2167,0,0,0,0
"E01009836","Dudley 037B","E08000027","Dudley",1001,0,0,0,0
"E01009840","Dudley 018A","E08000027","Dudley",2282,0,0,0,0
"E01009841","Dudley 017E","E08000027","Dudley",1385,0,0,0,0
"E01009842","Dudley 018B","E08000027","Dudley",2677,0,0,0,0
"E01009844","Dudley 011A","E08000027","Dudley",2735,0,0,0,0
"E01009886","Dudley 013E","E08000027","Dudley",1838,0,0,0,0
"E01009892","Dudley 010B","E08000027","Dudley",1137,0,0,0,0
"E01009893","Dudley 010C","E08000027","Dudley",1668,0,0,0,0
"E01009932","Sandwell 033D","E08000028","Sandwell",2934,0,0,0,0
"E01009951","Sandwell 039E","E08000028","Sandwell",2296,0,0,0,0
"E01009952","Sandwell 035B","E08000028","Sandwell",2827,0,0,0,0
"E01009957","Sandwell 038C","E08000028","Sandwell",2623,0,0,0,0
"E01009962","Sandwell 004A","E08000028","Sandwell",2822,0,0,0,0
"E01009963","Sandwell 004B","E08000028","Sandwell",1942,0,0,0,0
"E01009964","Sandwell 004C","E08000028","Sandwell",1246,0,0,0,0
"E01009965","Sandwell 004D","E08000028","Sandwell",1381,0,0,0,0
"E01009979","Sandwell 016C","E08000028","Sandwell",1391,0,0,0,0
"E01009987","Sandwell 019B","E08000028","Sandwell",610,0,0,0,0
"E01009993","Sandwell 017C","E08000028","Sandwell",2988,0,0,0,0
"E01010017","Sandwell 024A","E08000028","Sandwell",2579,0,0,0,0
"E01010029","Sandwell 009C","E08000028","Sandwell",587,0,0,0,0
"E01010030","Sandwell 007A","E08000028","Sandwell",1082,0,0,0,0
"E01010031","Sandwell 014B","E08000028","Sandwell",937,0,0,0,0
"E01010032","Sandwell 014C","E08000028","Sandwell",172,0,0,0,0
"E01010033","Sandwell 014D","E08000028","Sandwell",1358,0,0,0,0
"E01010053","Sandwell 023G","E08000028","Sandwell",2796,0,0,0,0
"E01010054","Sandwell 028A","E08000028","Sandwell",1651,0,0,0,0
"E01010060","Sandwell 028E","E08000028","Sandwell",2323,0,0,0,0
"E01010061","Sandwell 041B","E08000028","Sandwell",2559,0,0,0,0
"E01010066","Sandwell 015A","E08000028","Sandwell",3102,0,0,0,0
"E01010067","Sandwell 015B","E08000028","Sandwell",2061,0,0,0,0
"E01010107","Sandwell 020D","E08000028","Sandwell",2554,0,0,0,0
"E01010111","Solihull 008A","E08000029","Solihull",1997,0,0,0,0
"E01010125","Solihull 006A","E08000029","Solihull",1399,0,0,0,0
"E01010126","Solihull 008B","E08000029","Solihull",1144,0,0,0,0
"E01010129","Solihull 006B","E08000029","Solihull",1846,0,0,0,0
"E01010130","Solihull 008E","E08000029","Solihull",1308,0,0,0,0
"E01010131","Solihull 008F","E08000029","Solihull",2646,0,0,0,0
"E01010140","Solihull 007A","E08000029","Solihull",1705,0,0,0,0
"E01010141","Solihull 006D","E08000029","Solihull",1508,0,0,0,0
"E01010142","Solihull 007B","E08000029","Solihull",1155,0,0,0,0
"E01010143","Solihull 007C","E08000029","Solihull",2411,0,0,0,0
"E01010147","Solihull 005B","E08000029","Solihull",1973,0,0,0,0
"E01010148","Solihull 005C","E08000029","Solihull",1855,0,0,0,0
"E01010234","Solihull 004B","E08000029","Solihull",1886,0,0,0,0
"E01010235","Solihull 002A","E08000029","Solihull",1948,0,0,0,0
"E01010236","Solihull 002B","E08000029","Solihull",2253,0,0,0,0
"E01010238","Solihull 004D","E08000029","Solihull",2319,0,0,0,0
"E01010240","Solihull 002D","E08000029","Solihull",3113,0,0,0,0
"E01010265","Walsall 033D","E08000030","Walsall",2933,0,0,0,0
"E01010268","Walsall 021B","E08000030","Walsall",1553,0,0,0,0
"E01010269","Walsall 026A","E08000030","Walsall",2004,0,0,0,0
"E01010272","Walsall 017B","E08000030","Walsall",272,0,0,0,0
"E01010273","Walsall 017C","E08000030","Walsall",1379,0,0,0,0
"E01010274","Walsall 021C","E08000030","Walsall",1332,0,0,0,0
"E01010275","Walsall 021D","E08000030","Walsall",2139,0,0,0,0
"E01010282","Walsall 012A","E08000030","Walsall",1924,0,0,0,0
"E01010283","Walsall 013D","E08000030","Walsall",1676,0,0,0,0
"E01010286","Walsall 006C","E08000030","Walsall",1939,0,0,0,0
"E01010288","Walsall 012C","E08000030","Walsall",2381,0,0,0,0
"E01010289","Walsall 012D","E08000030","Walsall",882,0,0,0,0
"E01010292","Walsall 008A","E08000030","Walsall",2844,0,0,0,0
"E01010294","Walsall 008B","E08000030","Walsall",1396,0,0,0,0
"E01010295","Walsall 017D","E08000030","Walsall",2799,0,0,0,0
"E01010300","Walsall 009E","E08000030","Walsall",2539,0,0,0,0
"E01010314","Walsall 038D","E08000030","Walsall",2134,0,0,0,0
"E01010316","Walsall 036D","E08000030","Walsall",1196,0,0,0,0
"E01010318","Walsall 024B","E08000030","Walsall",2717,0,0,0,0
"E01010340","Walsall 034B","E08000030","Walsall",1783,0,0,0,0
"E01010342","Walsall 034D","E08000030","Walsall",1262,0,0,0,0
"E01010343","Walsall 034E","E08000030","Walsall",1848,0,0,0,0
"E01010344","Walsall 034F","E08000030","Walsall",2255,0,0,0,0
"E01010362","Walsall 026C","E08000030","Walsall",2682,0,0,0,0
"E01010364","Walsall 031B","E08000030","Walsall",2242,0,0,0,0
"E01010365","Walsall 031C","E08000030","Walsall",2102,0,0,0,0
"E01010366","Walsall 031D","E08000030","Walsall",1690,0,0,0,0
"E01010368","Walsall 030A","E08000030","Walsall",703,0,0,0,0
"E01010369","Walsall 024D","E08000030","Walsall",1840,0,0,0,0
"E01010370","Walsall 030B","E08000030","Walsall",1355,0,0,0,0
"E01010375","Walsall 018E","E08000030","Walsall",2949,0,0,0,0
"E01010400","Walsall 014D","E08000030","Walsall",1878,0,0,0,0
"E01010413","Wolverhampton 033D","E08000031","Wolverhampton",2989,0,0,0,0
"E01010414","Wolverhampton 027A","E08000031","Wolverhampton",1241,0,0,0,0
"E01010416","Wolverhampton 027C","E08000031","Wolverhampton",1606,0,0,0,0
"E01010421","Wolverhampton 022B","E08000031","Wolverhampton",2315,0,0,0,0
"E01010423","Wolverhampton 022C","E08000031","Wolverhampton",2068,0,0,0,0
"E01010443","Wolverhampton 018B","E08000031","Wolverhampton",2038,0,0,0,0
"E01010445","Wolverhampton 018D","E08000031","Wolverhampton",2246,0,0,0,0
"E01010456","Wolverhampton 004A","E08000031","Wolverhampton",255,0,0,0,0
"E01010462","Wolverhampton 004C","E08000031","Wolverhampton",2283,0,0,0,0
"E01010464","Wolverhampton 020B","E08000031","Wolverhampton",1589,0,0,0,0
"E01010466","Wolverhampton 020D","E08000031","Wolverhampton",870,0,0,0,0
"E01010471","Wolverhampton 015A","E08000031","Wolverhampton",1582,0,0,0,0
"E01010473","Wolverhampton 015C","E08000031","Wolverhampton",218,0,0,0,0
"E01010478","Wolverhampton 011A","E08000031","Wolverhampton",1002,0,0,0,0
"E01010481","Wolverhampton 004D","E08000031","Wolverhampton",2425,0,0,0,0
"E01010483","Wolverhampton 007B","E08000031","Wolverhampton",1624,0,0,0,0
"E01010484","Wolverhampton 007C","E08000031","Wolverhampton",1673,0,0,0,0
"E01010486","Wolverhampton 011D","E08000031","Wolverhampton",1232,0,0,0,0
"E01010490","Wolverhampton 028B","E08000031","Wolverhampton",2482,0,0,0,0
"E01010508","Wolverhampton 017B","E08000031","Wolverhampton",2535,0,0,0,0
"E01010526","Wolverhampton 016A","E08000031","Wolverhampton",830,0,0,0,0
"E01010527","Wolverhampton 016B","E08000031","Wolverhampton",1208,0,0,0,0
"E01010529","Wolverhampton 016D","E08000031","Wolverhampton",1537,0,0,0,0
"E01010530","Wolverhampton 035H","E08000031","Wolverhampton",2080,0,0,0,0
"E01010541","Wolverhampton 003C","E08000031","Wolverhampton",2396,0,0,0,0
"E01010543","Wolverhampton 003D","E08000031","Wolverhampton",2419,0,0,0,0
"E01010555","Wolverhampton 005A","E08000031","Wolverhampton",2675,0,0,0,0
"E01010605","Bradford 024C","E08000032","Bradford",2847,0,0,0,0
"E01010606","Bradford 064E","E08000032","Bradford",181,0,0,0,0
"E01010607","Bradford 064C","E08000032","Bradford",1190,0,0,0,0
"E01010608","Bradford 045A","E08000032","Bradford",304,0,0,0,0
"E01010609","Bradford 046A","E08000032","Bradford",1755,0,0,0,0
"E01010610","Bradford 046B","E08000032","Bradford",496,0,0,0,0
"E01010611","Bradford 046C","E08000032","Bradford",1798,0,0,0,0
"E01010612","Bradford 052A","E08000032","Bradford",31,0,0,0,0
"E01010613","Bradford 045B","E08000032","Bradford",959,0,0,0,0
"E01010614","Bradford 046D","E08000032","Bradford",2632,0,0,0,0
"E01010616","Bradford 053B","E08000032","Bradford",2928,0,0,0,0
"E01010617","Bradford 064B","E08000032","Bradford",115,0,0,0,0
"E01010618","Bradford 038A","E08000032","Bradford",743,0,0,0,0
"E01010620","Bradford 042A","E08000032","Bradford",456,0,0,0,0
"E01010621","Bradford 042B","E08000032","Bradford",1965,0,0,0,0
"E01010622","Bradford 042C","E08000032","Bradford",753,0,0,0,0
"E01010623","Bradford 042D","E08000032","Bradford",1132,0,0,0,0
"E01010624","Bradford 042E","E08000032","Bradford",531,0,0,0,0
"E01010625","Bradford 038C","E08000032","Bradford",1315,0,0,0,0
"E01010626","Bradford 038D","E08000032","Bradford",2205,0,0,0,0
"E01010627","Bradford 038E","E08000032","Bradford",1954,0,0,0,0
"E01010631","Bradford 040D","E08000032","Bradford",1538,0,0,0,0
"E01010632","Bradford 040E","E08000032","Bradford",836,0,0,0,0
"E01010635","Bradford 047C","E08000032","Bradford",182,0,0,0,0
"E01010650","Bradford 027B","E08000032","Bradford",910,0,0,0,0
"E01010653","Bradford 026B","E08000032","Bradford",1353,0,0,0,0
"E01010654","Bradford 027C","E08000032","Bradford",945,0,0,0,0
"E01010655","Bradford 026C","E08000032","Bradford",1154,0,0,0,0
"E01010658","Bradford 041A","E08000032","Bradford",1797,0,0,0,0
"E01010659","Bradford 049A","E08000032","Bradford",251,0,0,0,0
"E01010663","Bradford 050A","E08000032","Bradford",69,0,0,0,0
"E01010666","Bradford 050C","E08000032","Bradford",27,0,0,0,0
"E01010667","Bradford 050D","E08000032","Bradford",1091,0,0,0,0
"E01010673","Bradford 029C","E08000032","Bradford",1746,0,0,0,0
"E01010674","Bradford 030B","E08000032","Bradford",1307,0,0,0,0
"E01010676","Bradford 034A","E08000032","Bradford",1292,0,0,0,0
"E01010679","Bradford 034B","E08000032","Bradford",919,0,0,0,0
"E01010680","Bradford 019A","E08000032","Bradford",1156,0,0,0,0
"E01010700","Bradford 008A","E08000032","Bradford",1699,0,0,0,0
"E01010701","Bradford 008B","E08000032","Bradford",730,0,0,0,0
"E01010702","Bradford 008C","E08000032","Bradford",1889,0,0,0,0
"E01010710","Bradford 008G","E08000032","Bradford",23,0,0,0,0
"E01010711","Bradford 011A","E08000032","Bradford",425,0,0,0,0
"E01010712","Bradford 009A","E08000032","Bradford",765,0,0,0,0
"E01010713","Bradford 011B","E08000032","Bradford",1955,0,0,0,0
"E01010718","Bradford 012C","E08000032","Bradford",812,0,0,0,0
"E01010720","Bradford 009B","E08000032","Bradford",848,0,0,0,0
"E01010721","Bradford 009C","E08000032","Bradford",2252,0,0,0,0
"E01010723","Bradford 009D","E08000032","Bradford",560,0,0,0,0
"E01010724","Bradford 009E","E08000032","Bradford",3052,0,0,0,0
"E01010730","Bradford 045C","E08000032","Bradford",148,0,0,0,0
"E01010731","Bradford 048A","E08000032","Bradford",872,0,0,0,0
"E01010732","Bradford 048B","E08000032","Bradford",1713,0,0,0,0
"E01010733","Bradford 048C","E08000032","Bradford",517,0,0,0,0
"E01010734","Bradford 045D","E08000032","Bradford",276,0,0,0,0
"E01010735","Bradford 051A","E08000032","Bradford",264,0,0,0,0
"E01010736","Bradford 048D","E08000032","Bradford",281,0,0,0,0
"E01010737","Bradford 048E","E08000032","Bradford",146,0,0,0,0
"E01010738","Bradford 051B","E08000032","Bradford",1614,0,0,0,0
"E01010739","Bradford 051C","E08000032","Bradford",210,0,0,0,0
"E01010742","Bradford 053C","E08000032","Bradford",732,0,0,0,0
"E01010743","Bradford 053D","E08000032","Bradford",192,0,0,0,0
"E01010744","Bradford 051E","E08000032","Bradford",1884,0,0,0,0
"E01010745","Bradford 056A","E08000032","Bradford",1275,0,0,0,0
"E01010748","Bradford 056C","E08000032","Bradford",2140,0,0,0,0
"E01010755","Bradford 055B","E08000032","Bradford",2122,0,0,0,0
"E01010777","Bradford 021B","E08000032","Bradford",1133,0,0,0,0
"E01010792","Bradford 025C","E08000032","Bradford",2490,0,0,0,0
"E01010800","Bradford 036D","E08000032","Bradford",289,0,0,0,0
"E01010803","Bradford 037A","E08000032","Bradford",607,0,0,0,0
"E01010808","Bradford 033D","E08000032","Bradford",1757,0,0,0,0
"E01010809","Bradford 033E","E08000032","Bradford",1168,0,0,0,0
"E01010811","Bradford 037C","E08000032","Bradford",968,0,0,0,0
"E01010812","Bradford 041B","E08000032","Bradford",209,0,0,0,0
"E01010813","Bradford 037D","E08000032","Bradford",269,0,0,0,0
"E01010814","Bradford 057A","E08000032","Bradford",2216,0,0,0,0
"E01010817","Bradford 057D","E08000032","Bradford",3027,0,0,0,0
"E01010819","Bradford 052B","E08000032","Bradford",34,0,0,0,0
"E01010820","Bradford 052C","E08000032","Bradford",149,0,0,0,0
"E01010821","Bradford 052D","E08000032","Bradford",237,0,0,0,0
"E01010822","Bradford 052E","E08000032","Bradford",252,0,0,0,0
"E01010824","Bradford 034C","E08000032","Bradford",786,0,0,0,0
"E01010826","Bradford 027D","E08000032","Bradford",534,0,0,0,0
"E01010828","Bradford 035A","E08000032","Bradford",1609,0,0,0,0
"E01010829","Bradford 035B","E08000032","Bradford",1649,0,0,0,0
"E01010830","Bradford 035C","E08000032","Bradford",1304,0,0,0,0
"E01010831","Bradford 035D","E08000032","Bradford",1984,0,0,0,0
"E01010833","Bradford 041C","E08000032","Bradford",762,0,0,0,0
"E01010834","Bradford 044A","E08000032","Bradford",1605,0,0,0,0
"E01010837","Bradford 044D","E08000032","Bradford",2212,0,0,0,0
"E01010838","Bradford 044E","E08000032","Bradford",1827,0,0,0,0
"E01010839","Bradford 044F","E08000032","Bradford",486,0,0,0,0
"E01010840","Bradford 034D","E08000032","Bradford",618,0,0,0,0
"E01010841","Bradford 034E","E08000032","Bradford",1515,0,0,0,0
"E01010842","Bradford 065A","E08000032","Bradford",615,0,0,0,0
"E01010843","Bradford 041D","E08000032","Bradford",385,0,0,0,0
"E01010845","Bradford 059B","E08000032","Bradford",1444,0,0,0,0
"E01010850","Bradford 059D","E08000032","Bradford",351,0,0,0,0
"E01010868","Bradford 061A","E08000032","Bradford",1693,0,0,0,0
"E01010872","Bradford 061E","E08000032","Bradford",2715,0,0,0,0
"E01010880","Calderdale 019D","E08000033","Calderdale",1923,0,0,0,0
"E01010889","Calderdale 025A","E08000033","Calderdale",1896,0,0,0,0
"E01010924","Calderdale 002B","E08000033","Calderdale",187,0,0,0,0
"E01010925","Calderdale 002C","E08000033","Calderdale",1992,0,0,0,0
"E01010926","Calderdale 002D","E08000033","Calderdale",126,0,0,0,0
"E01010928","Calderdale 009B","E08000033","Calderdale",2103,0,0,0,0
"E01010938","Calderdale 006A","E08000033","Calderdale",527,0,0,0,0
"E01010941","Calderdale 005C","E08000033","Calderdale",2256,0,0,0,0
"E01010943","Calderdale 006C","E08000033","Calderdale",947,0,0,0,0
"E01010944","Calderdale 005E","E08000033","Calderdale",1114,0,0,0,0
"E01010958","Calderdale 020C","E08000033","Calderdale",2115,0,0,0,0
"E01010960","Calderdale 012A","E08000033","Calderdale",422,0,0,0,0
"E01010964","Calderdale 012B","E08000033","Calderdale",54,0,0,0,0
"E01010965","Calderdale 012C","E08000033","Calderdale",339,0,0,0,0
"E01010966","Calderdale 012D","E08000033","Calderdale",1218,0,0,0,0
"E01010967","Calderdale 008D","E08000033","Calderdale",1915,0,0,0,0
"E01010995","Calderdale 012E","E08000033","Calderdale",1518,0,0,0,0
"E01010996","Calderdale 014A","E08000033","Calderdale",2234,0,0,0,0
"E01011000","Calderdale 010D","E08000033","Calderdale",2587,0,0,0,0
"E01011001","Calderdale 014B","E08000033","Calderdale",1661,0,0,0,0
"E01011003","Calderdale 014D","E08000033","Calderdale",691,0,0,0,0
"E01011004","Kirklees 040A","E08000034","Kirklees",2231,0,0,0,0
"E01011029","Kirklees 010B","E08000034","Kirklees",579,0,0,0,0
"E01011038","Kirklees 029A","E08000034","Kirklees",1664,0,0,0,0
"E01011045","Kirklees 031D","E08000034","Kirklees",1093,0,0,0,0
"E01011059","Kirklees 002F","E08000034","Kirklees",2076,0,0,0,0
"E01011061","Kirklees 005B","E08000034","Kirklees",2484,0,0,0,0
"E01011080","Kirklees 043A","E08000034","Kirklees",2557,0,0,0,0
"E01011081","Kirklees 043B","E08000034","Kirklees",2332,0,0,0,0
"E01011082","Kirklees 043C","E08000034","Kirklees",2244,0,0,0,0
"E01011084","Kirklees 047C","E08000034","Kirklees",1729,0,0,0,0
"E01011093","Kirklees 035A","E08000034","Kirklees",1040,0,0,0,0
"E01011094","Kirklees 035B","E08000034","Kirklees",1204,0,0,0,0
"E01011101","Kirklees 025A","E08000034","Kirklees",1107,0,0,0,0
"E01011106","Kirklees 029C","E08000034","Kirklees",901,0,0,0,0
"E01011107","Kirklees 029D","E08000034","Kirklees",2398,0,0,0,0
"E01011122","Kirklees 018B","E08000034","Kirklees",400,0,0,0,0
"E01011130","Kirklees 017B","E08000034","Kirklees",338,0,0,0,0
"E01011133","Kirklees 023A","E08000034","Kirklees",2907,0,0,0,0
"E01011134","Kirklees 023B","E08000034","Kirklees",905,0,0,0,0
"E01011136","Kirklees 016C","E08000034","Kirklees",2791,0,0,0,0
"E01011138","Kirklees 019A","E08000034","Kirklees",876,0,0,0,0
"E01011140","Kirklees 019C","E08000034","Kirklees",495,0,0,0,0
"E01011143","Kirklees 023C","E08000034","Kirklees",989,0,0,0,0
"E01011144","Kirklees 023D","E08000034","Kirklees",829,0,0,0,0
"E01011148","Kirklees 041C","E08000034","Kirklees",1313,0,0,0,0
"E01011163","Kirklees 011C","E08000034","Kirklees",2092,0,0,0,0
"E01011227","Kirklees 048C","E08000034","Kirklees",2015,0,0,0,0
"E01011251","Kirklees 008D","E08000034","Kirklees",2308,0,0,0,0
"E01011253","Kirklees 028B","E08000034","Kirklees",2511,0,0,0,0
"E01011255","Kirklees 028D","E08000034","Kirklees",2405,0,0,0,0
"E01011283","Leeds 059C","E08000035","Leeds",2668,0,0,0,0
"E01011292","Leeds 071B","E08000035","Leeds",1178,0,0,0,0
"E01011293","Leeds 071C","E08000035","Leeds",2156,0,0,0,0
"E01011294","Leeds 071D","E08000035","Leeds",1461,0,0,0,0
"E01011312","Leeds 086A","E08000035","Leeds",401,0,0,0,0
"E01011316","Leeds 086B","E08000035","Leeds",1285,0,0,0,0
"E01011317","Leeds 090B","E08000035","Leeds",2871,0,0,0,0
"E01011318","Leeds 090C","E08000035","Leeds",2020,0,0,0,0
"E01011332","Leeds 046D","E08000035","Leeds",2627,0,0,0,0
"E01011336","Leeds 058C","E08000035","Leeds",2372,0,0,0,0
"E01011337","Leeds 058D","E08000035","Leeds",1831,0,0,0,0
"E01011340","Leeds 060B","E08000035","Leeds",2710,0,0,0,0
"E01011344","Leeds 065A","E08000035","Leeds",106,0,0,0,0
"E01011347","Leeds 065B","E08000035","Leeds",113,0,0,0,0
"E01011348","Leeds 065C","E08000035","Leeds",2192,0,0,0,0
"E01011349","Leeds 065D","E08000035","Leeds",2983,0,0,0,0
"E01011357","Leeds 038C","E08000035","Leeds",2466,0,0,0,0
"E01011360","Leeds 042D","E08000035","Leeds",2042,0,0,0,0
"E01011361","Leeds 042E","E08000035","Leeds",2202,0,0,0,0
"E01011362","Leeds 081A","E08000035","Leeds",2594,0,0,0,0
"E01011363","Leeds 071E","E08000035","Leeds",1236,0,0,0,0
"E01011366","Leeds 082A","E08000035","Leeds",1145,0,0,0,0
"E01011368","Leeds 082C","E08000035","Leeds",951,0,0,0,0
"E01011371","Leeds 085B","E08000035","Leeds",977,0,0,0,0
"E01011372","Leeds 086C","E08000035","Leeds",705,0,0,0,0
"E01011373","Leeds 085C","E08000035","Leeds",1229,0,0,0,0
"E01011374","Leeds 085D","E08000035","Leeds",2460,0,0,0,0
"E01011375","Leeds 086D","E08000035","Leeds",530,0,0,0,0
"E01011378","Leeds 013C","E08000035","Leeds",2655,0,0,0,0
"E01011422","Leeds 048A","E08000035","Leeds",2401,0,0,0,0
"E01011426","Leeds 048B","E08000035","Leeds",497,0,0,0,0
"E01011427","Leeds 047C","E08000035","Leeds",770,0,0,0,0
"E01011428","Leeds 048C","E08000035","Leeds",708,0,0,0,0
"E01011429","Leeds 048D","E08000035","Leeds",640,0,0,0,0
"E01011430","Leeds 053A","E08000035","Leeds",367,0,0,0,0
"E01011431","Leeds 047D","E08000035","Leeds",1498,0,0,0,0
"E01011432","Leeds 053B","E08000035","Leeds",108,0,0,0,0
"E01011433","Leeds 053C","E08000035","Leeds",58,0,0,0,0
"E01011434","Leeds 053D","E08000035","Leeds",179,0,0,0,0
"E01011471","Leeds 092A","E08000035","Leeds",2109,0,0,0,0
"E01011472","Leeds 092B","E08000035","Leeds",1880,0,0,0,0
"E01011473","Leeds 092C","E08000035","Leeds",886,0,0,0,0
"E01011474","Leeds 092D","E08000035","Leeds",1776,0,0,0,0
"E01011475","Leeds 094C","E08000035","Leeds",1598,0,0,0,0
"E01011484","Leeds 033A","E08000035","Leeds",2638,0,0,0,0
"E01011491","Leeds 101A","E08000035","Leeds",1286,0,0,0,0
"E01011492","Leeds 101B","E08000035","Leeds",1592,0,0,0,0
"E01011493","Leeds 101C","E08000035","Leeds",1632,0,0,0,0
"E01011497","Leeds 101E","E08000035","Leeds",1181,0,0,0,0
"E01011616","Leeds 072A","E08000035","Leeds",1809,0,0,0,0
"E01011618","Leeds 070C","E08000035","Leeds",2057,0,0,0,0
"E01011621","Leeds 070D","E08000035","Leeds",2370,0,0,0,0
"E01011622","Leeds 072C","E08000035","Leeds",1436,0,0,0,0
"E01011623","Leeds 075B","E08000035","Leeds",817,0,0,0,0
"E01011624","Leeds 072D","E08000035","Leeds",1152,0,0,0,0
"E01011625","Leeds 075C","E08000035","Leeds",545,0,0,0,0
"E01011632","Leeds 098D","E08000035","Leeds",2881,0,0,0,0
"E01011657","Leeds 035B","E08000035","Leeds",1189,0,0,0,0
"E01011658","Leeds 040C","E08000035","Leeds",1890,0,0,0,0
"E01011659","Leeds 035C","E08000035","Leeds",2813,0,0,0,0
"E01011661","Leeds 035D","E08000035","Leeds",346,0,0,0,0
"E01011662","Leeds 040E","E08000035","Leeds",287,0,0,0,0
"E01011663","Leeds 050A","E08000035","Leeds",2422,0,0,0,0
"E01011667","Leeds 050D","E08000035","Leeds",445,0,0,0,0
"E01011673","Leeds 064B","E08000035","Leeds",283,0,0,0,0
"E01011677","Leeds 064D","E08000035","Leeds",634,0,0,0,0
"E01011723","Leeds 041C","E08000035","Leeds",2513,0,0,0,0
"E01011725","Leeds 078A","E08000035","Leeds",710,0,0,0,0
"E01011729","Leeds 078B","E08000035","Leeds",2101,0,0,0,0
"E01011730","Leeds 078C","E08000035","Leeds",2537,0,0,0,0
"E01011735","Leeds 078D","E08000035","Leeds",1569,0,0,0,0
"E01011737","Leeds 083C","E08000035","Leeds",2604,0,0,0,0
"E01011739","Leeds 080D","E08000035","Leeds",2130,0,0,0,0
"E01011740","Wakefield 001A","E08000036","Wakefield",1616,0,0,0,0
"E01011742","Wakefield 001C","E08000036","Wakefield",2873,0,0,0,0
"E01011745","Wakefield 001D","E08000036","Wakefield",940,0,0,0,0
"E01011746","Wakefield 001E","E08000036","Wakefield",2730,0,0,0,0
"E01011747","Wakefield 003C","E08000036","Wakefield",741,0,0,0,0
"E01011750","Wakefield 003D","E08000036","Wakefield",492,0,0,0,0
"E01011756","Wakefield 002C","E08000036","Wakefield",1028,0,0,0,0
"E01011764","Wakefield 004E","E08000036","Wakefield",2663,0,0,0,0
"E01011771","Wakefield 040A","E08000036","Wakefield",2353,0,0,0,0
"E01011780","Wakefield 027B","E08000036","Wakefield",451,0,0,0,0
"E01011789","Wakefield 039B","E08000036","Wakefield",2530,0,0,0,0
"E01011790","Wakefield 042C","E08000036","Wakefield",2302,0,0,0,0
"E01011792","Wakefield 039D","E08000036","Wakefield",186,0,0,0,0
"E01011811","Wakefield 011E","E08000036","Wakefield",447,0,0,0,0
"E01011842","Wakefield 015E","E08000036","Wakefield",1648,0,0,0,0
"E01011850","Wakefield 018B","E08000036","Wakefield",2257,0,0,0,0
"E01011859","Wakefield 043A","E08000036","Wakefield",2733,0,0,0,0
"E01011863","Wakefield 044D","E08000036","Wakefield",1393,0,0,0,0
"E01011864","Wakefield 045A","E08000036","Wakefield",1492,0,0,0,0
"E01011869","Wakefield 043B","E08000036","Wakefield",1989,0,0,0,0
"E01011872","Wakefield 045D","E08000036","Wakefield",2031,0,0,0,0
"E01011899","Wakefield 026A","E08000036","Wakefield",2935,0,0,0,0
"E01011901","Wakefield 026C","E08000036","Wakefield",2073,0,0,0,0
"E01011904","Wakefield 026D","E08000036","Wakefield",2580,0,0,0,0
"E01011906","Wakefield 030B","E08000036","Wakefield",1277,0,0,0,0
"E01011910","Wakefield 020B","E08000036","Wakefield",1655,0,0,0,0
"E01011911","Wakefield 020C","E08000036","Wakefield",2850,0,0,0,0
"E01011917","Wakefield 030D","E08000036","Wakefield",1489,0,0,0,0
"E01011922","Wakefield 026F","E08000036","Wakefield",1192,0,0,0,0
"E01011950","Hartlepool 008A","E06000001","Hartlepool",59,0,0,0,0
"E01011951","Hartlepool 007A","E06000001","Hartlepool",416,0,0,0,0
"E01011952","Hartlepool 002A","E06000001","Hartlepool",1228,0,0,0,0
"E01011953","Hartlepool 002B","E06000001","Hartlepool",472,0,0,0,0
"E01011955","Hartlepool 003A","E06000001","Hartlepool",564,0,0,0,0
"E01011957","Hartlepool 003C","E06000001","Hartlepool",1700,0,0,0,0
"E01011962","Hartlepool 012B","E06000001","Hartlepool",2181,0,0,0,0
"E01011974","Hartlepool 015B","E06000001","Hartlepool",678,0,0,0,0
"E01011975","Hartlepool 015D","E06000001","Hartlepool",609,0,0,0,0
"E01011977","Hartlepool 012C","E06000001","Hartlepool",1488,0,0,0,0
"E01011978","Hartlepool 012D","E06000001","Hartlepool",216,0,0,0,0
"E01011979","Hartlepool 012E","E06000001","Hartlepool",643,0,0,0,0
"E01011980","Hartlepool 009B","E06000001","Hartlepool",1441,0,0,0,0
"E01011981","Hartlepool 009C","E06000001","Hartlepool",1141,0,0,0,0
"E01011989","Hartlepool 010C","E06000001","Hartlepool",1368,0,0,0,0
"E01011992","Hartlepool 002D","E06000001","Hartlepool",2462,0,0,0,0
"E01011993","Hartlepool 002E","E06000001","Hartlepool",2011,0,0,0,0
"E01011994","Hartlepool 002F","E06000001","Hartlepool",170,0,0,0,0
"E01011999","Hartlepool 007D","E06000001","Hartlepool",80,0,0,0,0
"E01012000","Hartlepool 007E","E06000001","Hartlepool",124,0,0,0,0
"E01012001","Hartlepool 008D","E06000001","Hartlepool",656,0,0,0,0
"E01012011","Middlesbrough 008A","E06000002","Middlesbrough",832,0,0,0,0
"E01012013","Middlesbrough 008C","E06000002","Middlesbrough",2856,0,0,0,0
"E01012014","Middlesbrough 008D","E06000002","Middlesbrough",1688,0,0,0,0
"E01012015","Middlesbrough 007A","E06000002","Middlesbrough",1458,0,0,0,0
"E01012016","Middlesbrough 007B","E06000002","Middlesbrough",184,0,0,0,0
"E01012019","Middlesbrough 011B","E06000002","Middlesbrough",61,0,0,0,0
"E01012020","Middlesbrough 011C","E06000002","Middlesbrough",1717,0,0,0,0
"E01012021","Middlesbrough 011D","E06000002","Middlesbrough",521,0,0,0,0
"E01012027","Middlesbrough 006B","E06000002","Middlesbrough",1415,0,0,0,0
"E01012033","Middlesbrough 019D","E06000002","Middlesbrough",1370,0,0,0,0
"E01012036","Middlesbrough 003A","E06000002","Middlesbrough",639,0,0,0,0
"E01012037","Middlesbrough 003B","E06000002","Middlesbrough",45,0,0,0,0
"E01012038","Middlesbrough 003C","E06000002","Middlesbrough",166,0,0,0,0
"E01012039","Middlesbrough 003D","E06000002","Middlesbrough",859,0,0,0,0
"E01012040","Middlesbrough 003E","E06000002","Middlesbrough",43,0,0,0,0
"E01012041","Middlesbrough 003F","E06000002","Middlesbrough",72,0,0,0,0
"E01012044","Middlesbrough 018C","E06000002","Middlesbrough",90,0,0,0,0
"E01012045","Middlesbrough 018D","E06000002","Middlesbrough",68,0,0,0,0
"E01012050","Middlesbrough 014B","E06000002","Middlesbrough",2121,0,0,0,0
"E01012051","Middlesbrough 014C","E06000002","Middlesbrough",1969,0,0,0,0
"E01012058","Middlesbrough 002A","E06000002","Middlesbrough",248,0,0,0,0
"E01012059","Middlesbrough 002B","E06000002","Middlesbrough",520,0,0,0,0
"E01012060","Middlesbrough 002C","E06000002","Middlesbrough",137,0,0,0,0
"E01012061","Middlesbrough 002D","E06000002","Middlesbrough",1322,0,0,0,0
"E01012074","Middlesbrough 004A","E06000002","Middlesbrough",1722,0,0,0,0
"E01012075","Middlesbrough 004B","E06000002","Middlesbrough",443,0,0,0,0
"E01012076","Middlesbrough 004C","E06000002","Middlesbrough",42,0,0,0,0
"E01012077","Middlesbrough 004D","E06000002","Middlesbrough",840,0,0,0,0
"E01012078","Middlesbrough 005A","E06000002","Middlesbrough",1247,0,0,0,0
"E01012082","Middlesbrough 010A","E06000002","Middlesbrough",2464,0,0,0,0
"E01012083","Middlesbrough 010B","E06000002","Middlesbrough",1227,0,0,0,0
"E01012084","Middlesbrough 010C","E06000002","Middlesbrough",601,0,0,0,0
"E01012085","Middlesbrough 010D","E06000002","Middlesbrough",461,0,0,0,0
"E01012088","Middlesbrough 004E","E06000002","Middlesbrough",2230,0,0,0,0
"E01012089","Middlesbrough 007D","E06000002","Middlesbrough",71,0,0,0,0
"E01012090","Middlesbrough 007E","E06000002","Middlesbrough",549,0,0,0,0
"E01012091","Middlesbrough 007F","E06000002","Middlesbrough",375,0,0,0,0
"E01012092","Middlesbrough 001D","E06000002","Middlesbrough",2349,0,0,0,0
"E01012093","Middlesbrough 001E","E06000002","Middlesbrough",1016,0,0,0,0
"E01012096","Redcar and Cleveland 013A","E06000003","Redcar and Cleveland",2157,0,0,0,0
"E01012099","Redcar and Cleveland 010D","E06000003","Redcar and Cleveland",983,0,0,0,0
"E01012100","Redcar and Cleveland 001A","E06000003","Redcar and Cleveland",84,0,0,0,0
"E01012102","Redcar and Cleveland 001C","E06000003","Redcar and Cleveland",2233,0,0,0,0
"E01012107","Redcar and Cleveland 003D","E06000003","Redcar and Cleveland",1959,0,0,0,0
"E01012112","Redcar and Cleveland 015A","E06000003","Redcar and Cleveland",76,0,0,0,0
"E01012113","Redcar and Cleveland 009A","E06000003","Redcar and Cleveland",366,0,0,0,0
"E01012114","Redcar and Cleveland 009B","E06000003","Redcar and Cleveland",99,0,0,0,0
"E01012121","Redcar and Cleveland 018D","E06000003","Redcar and Cleveland",1743,0,0,0,0
"E01012127","Redcar and Cleveland 005A","E06000003","Redcar and Cleveland",185,0,0,0,0
"E01012128","Redcar and Cleveland 005B","E06000003","Redcar and Cleveland",987,0,0,0,0
"E01012131","Redcar and Cleveland 005E","E06000003","Redcar and Cleveland",455,0,0,0,0
"E01012148","Redcar and Cleveland 021A","E06000003","Redcar and Cleveland",1291,0,0,0,0
"E01012150","Redcar and Cleveland 021B","E06000003","Redcar and Cleveland",1329,0,0,0,0
"E01012165","Redcar and Cleveland 012D","E06000003","Redcar and Cleveland",2764,0,0,0,0
"E01012170","Redcar and Cleveland 022D","E06000003","Redcar and Cleveland",60,0,0,0,0
"E01012175","Redcar and Cleveland 009E","E06000003","Redcar and Cleveland",432,0,0,0,0
"E01012195","Stockton-on-Tees 010B","E06000004","Stockton-on-Tees",387,0,0,0,0
"E01012198","Stockton-on-Tees 003B","E06000004","Stockton-on-Tees",2412,0,0,0,0
"E01012215","Stockton-on-Tees 003D","E06000004","Stockton-on-Tees",1113,0,0,0,0
"E01012217","Stockton-on-Tees 016B","E06000004","Stockton-on-Tees",797,0,0,0,0
"E01012238","Stockton-on-Tees 018A","E06000004","Stockton-on-Tees",2491,0,0,0,0
"E01012245","Stockton-on-Tees 003F","E06000004","Stockton-on-Tees",1183,0,0,0,0
"E01012247","Stockton-on-Tees 008A","E06000004","Stockton-on-Tees",2123,0,0,0,0
"E01012251","Stockton-on-Tees 012B","E06000004","Stockton-on-Tees",1737,0,0,0,0
"E01012252","Stockton-on-Tees 012C","E06000004","Stockton-on-Tees",271,0,0,0,0
"E01012254","Stockton-on-Tees 012E","E06000004","Stockton-on-Tees",189,0,0,0,0
"E01012262","Stockton-on-Tees 026B","E06000004","Stockton-on-Tees",1536,0,0,0,0
"E01012267","Stockton-on-Tees 025C","E06000004","Stockton-on-Tees",244,0,0,0,0
"E01012271","Stockton-on-Tees 008C","E06000004","Stockton-on-Tees",1112,0,0,0,0
"E01012273","Stockton-on-Tees 008E","E06000004","Stockton-on-Tees",1033,0,0,0,0
"E01012283","Stockton-on-Tees 020B","E06000004","Stockton-on-Tees",2072,0,0,0,0
"E01012284","Stockton-on-Tees 020C","E06000004","Stockton-on-Tees",358,0,0,0,0
"E01012286","Stockton-on-Tees 017A","E06000004","Stockton-on-Tees",40,0,0,0,0
"E01012288","Stockton-on-Tees 017C","E06000004","Stockton-on-Tees",361,0,0,0,0
"E01012304","Darlington 012A","E06000005","Darlington",221,0,0,0,0
"E01012312","Darlington 006D","E06000005","Darlington",1346,0,0,0,0
"E01012314","Darlington 006F","E06000005","Darlington",1779,0,0,0,0
"E01012318","Darlington 013B","E06000005","Darlington",2890,0,0,0,0
"E01012327","Darlington 009B","E06000005","Darlington",572,0,0,0,0
"E01012341","Darlington 012E","E06000005","Darlington",1174,0,0,0,0
"E01012349","Darlington 004A","E06000005","Darlington",540,0,0,0,0
"E01012352","Darlington 004D","E06000005","Darlington",1927,0,0,0,0
"E01012354","Darlington 016F","E06000005","Darlington",956,0,0,0,0
"E01012359","Darlington 014D","E06000005","Darlington",532,0,0,0,0
"E01012367","Halton 007A","E06000006","Halton",1330,0,0,0,0
"E01012380","Halton 006C","E06000006","Halton",2527,0,0,0,0
"E01012381","Halton 010A","E06000006","Halton",988,0,0,0,0
"E01012382","Halton 010B","E06000006","Halton",435,0,0,0,0
"E01012396","Halton 013B","E06000006","Halton",660,0,0,0,0
"E01012397","Halton 013C","E06000006","Halton",1472,0,0,0,0
"E01012399","Halton 013D","E06000006","Halton",2501,0,0,0,0
"E01012402","Halton 011C","E06000006","Halton",2474,0,0,0,0
"E01012403","Halton 013E","E06000006","Halton",2395,0,0,0,0
"E01012407","Halton 015B","E06000006","Halton",1121,0,0,0,0
"E01012408","Halton 013F","E06000006","Halton",198,0,0,0,0
"E01012419","Halton 004C","E06000006","Halton",2340,0,0,0,0
"E01012420","Halton 004D","E06000006","Halton",424,0,0,0,0
"E01012422","Halton 004E","E06000006","Halton",2841,0,0,0,0
"E01012424","Halton 007C","E06000006","Halton",372,0,0,0,0
"E01012430","Halton 012E","E06000006","Halton",976,0,0,0,0
"E01012433","Halton 014B","E06000006","Halton",2885,0,0,0,0
"E01012436","Halton 014C","E06000006","Halton",1317,0,0,0,0
"E01012437","Halton 015D","E06000006","Halton",2695,0,0,0,0
"E01012438","Halton 014D","E06000006","Halton",614,0,0,0,0
"E01012441","Halton 007D","E06000006","Halton",438,0,0,0,0
"E01012442","Halton 006E","E06000006","Halton",1066,0,0,0,0
"E01012444","Halton 010D","E06000006","Halton",1672,0,0,0,0
"E01012445","Halton 010E","E06000006","Halton",316,0,0,0,0
"E01012453","Warrington 013A","E06000007","Warrington",2516,0,0,0,0
"E01012455","Warrington 013C","E06000007","Warrington",2911,0,0,0,0
"E01012466","Warrington 005D","E06000007","Warrington",2566,0,0,0,0
"E01012483","Warrington 018C","E06000007","Warrington",2083,0,0,0,0
"E01012533","Warrington 008C","E06000007","Warrington",899,0,0,0,0
"E01012545","Warrington 008E","E06000007","Warrington",2639,0,0,0,0
"E01012546","Warrington 008F","E06000007","Warrington",2036,0,0,0,0
"E01012571","Blackburn with Darwen 007A","E06000008","Blackburn with Darwen",2615,0,0,0,0
"E01012572","Blackburn with Darwen 007B","E06000008","Blackburn with Darwen",1004,0,0,0,0
"E01012574","Blackburn with Darwen 003A","E06000008","Blackburn with Darwen",2352,0,0,0,0
"E01012575","Blackburn with Darwen 007D","E06000008","Blackburn with Darwen",2095,0,0,0,0
"E01012577","Blackburn with Darwen 003B","E06000008","Blackburn with Darwen",2503,0,0,0,0
"E01012578","Blackburn with Darwen 003C","E06000008","Blackburn with Darwen",2726,0,0,0,0
"E01012579","Blackburn with Darwen 004A","E06000008","Blackburn with Darwen",2709,0,0,0,0
"E01012586","Blackburn with Darwen 005B","E06000008","Blackburn with Darwen",1522,0,0,0,0
"E01012594","Blackburn with Darwen 012A","E06000008","Blackburn with Darwen",488,0,0,0,0
"E01012595","Blackburn with Darwen 009A","E06000008","Blackburn with Darwen",1810,0,0,0,0
"E01012596","Blackburn with Darwen 009B","E06000008","Blackburn with Darwen",1819,0,0,0,0
"E01012600","Blackburn with Darwen 011A","E06000008","Blackburn with Darwen",1548,0,0,0,0
"E01012601","Blackburn with Darwen 011B","E06000008","Blackburn with Darwen",171,0,0,0,0
"E01012603","Blackburn with Darwen 011D","E06000008","Blackburn with Darwen",1566,0,0,0,0
"E01012619","Blackburn with Darwen 012C","E06000008","Blackburn with Darwen",477,0,0,0,0
"E01012621","Blackburn with Darwen 012E","E06000008","Blackburn with Darwen",2662,0,0,0,0
"E01012622","Blackburn with Darwen 009C","E06000008","Blackburn with Darwen",79,0,0,0,0
"E01012624","Blackburn with Darwen 009E","E06000008","Blackburn with Darwen",1042,0,0,0,0
"E01012625","Blackburn with Darwen 009F","E06000008","Blackburn with Darwen",2954,0,0,0,0
"E01012629","Blackburn with Darwen 006A","E06000008","Blackburn with Darwen",2243,0,0,0,0
"E01012631","Blackburn with Darwen 006B","E06000008","Blackburn with Darwen",292,0,0,0,0
"E01012637","Blackburn with Darwen 008B","E06000008","Blackburn with Darwen",1059,0,0,0,0
"E01012638","Blackburn with Darwen 008C","E06000008","Blackburn with Darwen",1067,0,0,0,0
"E01012639","Blackburn with Darwen 008D","E06000008","Blackburn with Darwen",908,0,0,0,0
"E01012641","Blackburn with Darwen 008F","E06000008","Blackburn with Darwen",819,0,0,0,0
"E01012643","Blackburn with Darwen 006C","E06000008","Blackburn with Darwen",1836,0,0,0,0
"E01012646","Blackburn with Darwen 015B","E06000008","Blackburn with Darwen",1742,0,0,0,0
"E01012649","Blackburn with Darwen 016A","E06000008","Blackburn with Darwen",1094,0,0,0,0
"E01012650","Blackburn with Darwen 015D","E06000008","Blackburn with Darwen",2270,0,0,0,0
"E01012655","Blackburn with Darwen 006E","E06000008","Blackburn with Darwen",44,0,0,0,0
"E01012656","Blackburn with Darwen 005C","E06000008","Blackburn with Darwen",1696,0,0,0,0
"E01012657","Blackburn with Darwen 005D","E06000008","Blackburn with Darwen",1575,0,0,0,0
"E01012670","Blackpool 011A","E06000009","Blackpool",5,0,0,0,0
"E01012671","Blackpool 013A","E06000009","Blackpool",4,0,0,0,0
"E01012672","Blackpool 013B","E06000009","Blackpool",12,0,0,0,0
"E01012673","Blackpool 010A","E06000009","Blackpool",3,0,0,0,0
"E01012674","Blackpool 013C","E06000009","Blackpool",64,0,0,0,0
"E01012675","Blackpool 010B","E06000009","Blackpool",16,0,0,0,0
"E01012678","Blackpool 008A","E06000009","Blackpool",711,0,0,0,0
"E01012679","Blackpool 008B","E06000009","Blackpool",9,0,0,0,0
"E01012680","Blackpool 008C","E06000009","Blackpool",513,0,0,0,0
"E01012681","Blackpool 006A","E06000009","Blackpool",36,0,0,0,0
"E01012682","Blackpool 008D","E06000009","Blackpool",6,0,0,0,0
"E01012683","Blackpool 006B","E06000009","Blackpool",8,0,0,0,0
"E01012684","Blackpool 008E","E06000009","Blackpool",277,0,0,0,0
"E01012686","Blackpool 014A","E06000009","Blackpool",429,0,0,0,0
"E01012687","Blackpool 014B","E06000009","Blackpool",537,0,0,0,0
"E01012695","Blackpool 015A","E06000009","Blackpool",1645,0,0,0,0
"E01012698","Blackpool 016E","E06000009","Blackpool",626,0,0,0,0
"E01012702","Blackpool 019C","E06000009","Blackpool",1830,0,0,0,0
"E01012704","Blackpool 002C","E06000009","Blackpool",972,0,0,0,0
"E01012709","Blackpool 009D","E06000009","Blackpool",2573,0,0,0,0
"E01012720","Blackpool 007B","E06000009","Blackpool",288,0,0,0,0
"E01012721","Blackpool 007C","E06000009","Blackpool",105,0,0,0,0
"E01012724","Blackpool 007D","E06000009","Blackpool",142,0,0,0,0
"E01012733","Blackpool 011B","E06000009","Blackpool",1310,0,0,0,0
"E01012735","Blackpool 010C","E06000009","Blackpool",471,0,0,0,0
"E01012736","Blackpool 010D","E06000009","Blackpool",38,0,0,0,0
"E01012737","Blackpool 010E","E06000009","Blackpool",2,0,0,0,0
"E01012738","Blackpool 011D","E06000009","Blackpool",57,0,0,0,0
"E01012739","Blackpool 011E","E06000009","Blackpool",1419,0,0,0,0
"E01012743","Blackpool 015B","E06000009","Blackpool",726,0,0,0,0
"E01012744","Blackpool 015C","E06000009","Blackpool",1550,0,0,0,0
"E01012748","Blackpool 006C","E06000009","Blackpool",982,0,0,0,0
"E01012751","Blackpool 013D","E06000009","Blackpool",14,0,0,0,0
"E01012752","Blackpool 017C","E06000009","Blackpool",2657,0,0,0,0
"E01012754","Blackpool 017E","E06000009","Blackpool",1449,0,0,0,0
"E01012761","Kingston upon Hull 015A","E06000010","Kingston upon Hull, City of",1796,0,0,0,0
"E01012778","Kingston upon Hull 004A","E06000010","Kingston upon Hull, City of",838,0,0,0,0
"E01012779","Kingston upon Hull 034A","E06000010","Kingston upon Hull, City of",715,0,0,0,0
"E01012780","Kingston upon Hull 034D","E06000010","Kingston upon Hull, City of",1235,0,0,0,0
"E01012781","Kingston upon Hull 034B","E06000010","Kingston upon Hull, City of",803,0,0,0,0
"E01012782","Kingston upon Hull 002A","E06000010","Kingston upon Hull, City of",702,0,0,0,0
"E01012783","Kingston upon Hull 004B","E06000010","Kingston upon Hull, City of",1011,0,0,0,0
"E01012785","Kingston upon Hull 002B","E06000010","Kingston upon Hull, City of",239,0,0,0,0
"E01012786","Kingston upon Hull 002C","E06000010","Kingston upon Hull, City of",2645,0,0,0,0
"E01012787","Kingston upon Hull 002D","E06000010","Kingston upon Hull, City of",541,0,0,0,0
"E01012788","Kingston upon Hull 002E","E06000010","Kingston upon Hull, City of",1014,0,0,0,0
"E01012789","Kingston upon Hull 002F","E06000010","Kingston upon Hull, City of",1098,0,0,0,0
"E01012790","Kingston upon Hull 004D","E06000010","Kingston upon Hull, City of",1106,0,0,0,0
"E01012798","Kingston upon Hull 019D","E06000010","Kingston upon Hull, City of",2515,0,0,0,0
"E01012805","Kingston upon Hull 026A","E06000010","Kingston upon Hull, City of",1157,0,0,0,0
"E01012808","Kingston upon Hull 026B","E06000010","Kingston upon Hull, City of",1165,0,0,0,0
"E01012809","Kingston upon Hull 026C","E06000010","Kingston upon Hull, City of",2032,0,0,0,0
"E01012833","Kingston upon Hull 009A","E06000010","Kingston upon Hull, City of",2667,0,0,0,0
"E01012834","Kingston upon Hull 010C","E06000010","Kingston upon Hull, City of",1440,0,0,0,0
"E01012836","Kingston upon Hull 009C","E06000010","Kingston upon Hull, City of",525,0,0,0,0
"E01012837","Kingston upon Hull 010D","E06000010","Kingston upon Hull, City of",2602,0,0,0,0
"E01012838","Kingston upon Hull 010E","E06000010","Kingston upon Hull, City of",2266,0,0,0,0
"E01012840","Kingston upon Hull 009E","E06000010","Kingston upon Hull, City of",2190,0,0,0,0
"E01012841","Kingston upon Hull 017A","E06000010","Kingston upon Hull, City of",504,0,0,0,0
"E01012842","Kingston upon Hull 021A","E06000010","Kingston upon Hull, City of",674,0,0,0,0
"E01012843","Kingston upon Hull 021B","E06000010","Kingston upon Hull, City of",542,0,0,0,0
"E01012844","Kingston upon Hull 017B","E06000010","Kingston upon Hull, City of",290,0,0,0,0
"E01012845","Kingston upon Hull 021C","E06000010","Kingston upon Hull, City of",1429,0,0,0,0
"E01012846","Kingston upon Hull 021D","E06000010","Kingston upon Hull, City of",712,0,0,0,0
"E01012847","Kingston upon Hull 021E","E06000010","Kingston upon Hull, City of",620,0,0,0,0
"E01012849","Kingston upon Hull 017C","E06000010","Kingston upon Hull, City of",3076,0,0,0,0
"E01012850","Kingston upon Hull 024A","E06000010","Kingston upon Hull, City of",688,0,0,0,0
"E01012852","Kingston upon Hull 024B","E06000010","Kingston upon Hull, City of",1718,0,0,0,0
"E01012854","Kingston upon Hull 029C","E06000010","Kingston upon Hull, City of",898,0,0,0,0
"E01012855","Kingston upon Hull 029D","E06000010","Kingston upon Hull, City of",458,0,0,0,0
"E01012856","Kingston upon Hull 024C","E06000010","Kingston upon Hull, City of",566,0,0,0,0
"E01012857","Kingston upon Hull 024D","E06000010","Kingston upon Hull, City of",568,0,0,0,0
"E01012858","Kingston upon Hull 031A","E06000010","Kingston upon Hull, City of",2731,0,0,0,0
"E01012859","Kingston upon Hull 030A","E06000010","Kingston upon Hull, City of",1270,0,0,0,0
"E01012862","Kingston upon Hull 025E","E06000010","Kingston upon Hull, City of",1297,0,0,0,0
"E01012864","Kingston upon Hull 027D","E06000010","Kingston upon Hull, City of",1658,0,0,0,0
"E01012867","Kingston upon Hull 024E","E06000010","Kingston upon Hull, City of",1960,0,0,0,0
"E01012873","Kingston upon Hull 008A","E06000010","Kingston upon Hull, City of",846,0,0,0,0
"E01012874","Kingston upon Hull 008B","E06000010","Kingston upon Hull, City of",1057,0,0,0,0
"E01012875","Kingston upon Hull 003A","E06000010","Kingston upon Hull, City of",428,0,0,0,0
"E01012876","Kingston upon Hull 003B","E06000010","Kingston upon Hull, City of",190,0,0,0,0
"E01012877","Kingston upon Hull 003C","E06000010","Kingston upon Hull, City of",410,0,0,0,0
"E01012878","Kingston upon Hull 003D","E06000010","Kingston upon Hull, City of",1422,0,0,0,0
"E01012879","Kingston upon Hull 003E","E06000010","Kingston upon Hull, City of",197,0,0,0,0
"E01012880","Kingston upon Hull 008C","E06000010","Kingston upon Hull, City of",1079,0,0,0,0
"E01012881","Kingston upon Hull 008D","E06000010","Kingston upon Hull, City of",1142,0,0,0,0
"E01012887","Kingston upon Hull 033D","E06000010","Kingston upon Hull, City of",1251,0,0,0,0
"E01012888","Kingston upon Hull 031E","E06000010","Kingston upon Hull, City of",853,0,0,0,0
"E01012889","Kingston upon Hull 030B","E06000010","Kingston upon Hull, City of",538,0,0,0,0
"E01012891","Kingston upon Hull 030C","E06000010","Kingston upon Hull, City of",1051,0,0,0,0
"E01012892","Kingston upon Hull 030D","E06000010","Kingston upon Hull, City of",2185,0,0,0,0
"E01012893","Kingston upon Hull 030E","E06000010","Kingston upon Hull, City of",604,0,0,0,0
"E01012898","Kingston upon Hull 017F","E06000010","Kingston upon Hull, City of",1625,0,0,0,0
"E01012900","Kingston upon Hull 022C","E06000010","Kingston upon Hull, City of",1240,0,0,0,0
"E01012906","Kingston upon Hull 004E","E06000010","Kingston upon Hull, City of",1617,0,0,0,0
"E01012908","Kingston upon Hull 004F","E06000010","Kingston upon Hull, City of",2229,0,0,0,0
"E01012918","Kingston upon Hull 008G","E06000010","Kingston upon Hull, City of",2834,0,0,0,0
"E01012928","East Riding of Yorkshire 003A","E06000011","East Riding of Yorkshire",825,0,0,0,0
"E01012931","East Riding of Yorkshire 003B","E06000011","East Riding of Yorkshire",1195,0,0,0,0
"E01012932","East Riding of Yorkshire 003C","E06000011","East Riding of Yorkshire",2070,0,0,0,0
"E01012944","East Riding of Yorkshire 005A","E06000011","East Riding of Yorkshire",165,0,0,0,0
"E01012945","East Riding of Yorkshire 004C","E06000011","East Riding of Yorkshire",2831,0,0,0,0
"E01012946","East Riding of Yorkshire 003D","E06000011","East Riding of Yorkshire",957,0,0,0,0
"E01012948","East Riding of Yorkshire 005C","E06000011","East Riding of Yorkshire",263,0,0,0,0
"E01013080","East Riding of Yorkshire 039B","E06000011","East Riding of Yorkshire",1613,0,0,0,0
"E01013083","East Riding of Yorkshire 039C","E06000011","East Riding of Yorkshire",1844,0,0,0,0
"E01013084","East Riding of Yorkshire 039D","E06000011","East Riding of Yorkshire",740,0,0,0,0
"E01013136","North East Lincolnshire 002A","E06000012","North East Lincolnshire",19,0,0,0,0
"E01013138","North East Lincolnshire 006A","E06000012","North East Lincolnshire",13,0,0,0,0
"E01013140","North East Lincolnshire 006B","E06000012","North East Lincolnshire",131,0,0,0,0
"E01013141","North East Lincolnshire 006C","E06000012","North East Lincolnshire",2048,0,0,0,0
"E01013142","North East Lincolnshire 002D","E06000012","North East Lincolnshire",145,0,0,0,0
"E01013144","North East Lincolnshire 004A","E06000012","North East Lincolnshire",335,0,0,0,0
"E01013159","North East Lincolnshire 011A","E06000012","North East Lincolnshire",980,0,0,0,0
"E01013161","North East Lincolnshire 011B","E06000012","North East Lincolnshire",2342,0,0,0,0
"E01013165","North East Lincolnshire 011D","E06000012","North East Lincolnshire",383,0,0,0,0
"E01013174","North East Lincolnshire 001A","E06000012","North East Lincolnshire",1479,0,0,0,0
"E01013177","North East Lincolnshire 001D","E06000012","North East Lincolnshire",2071,0,0,0,0
"E01013181","North East Lincolnshire 016A","E06000012","North East Lincolnshire",1448,0,0,0,0
"E01013196","North East Lincolnshire 005B","E06000012","North East Lincolnshire",1833,0,0,0,0
"E01013199","North East Lincolnshire 024B","E06000012","North East Lincolnshire",1883,0,0,0,0
"E01013201","North East Lincolnshire 005C","E06000012","North East Lincolnshire",476,0,0,0,0
"E01013203","North East Lincolnshire 005E","E06000012","North East Lincolnshire",144,0,0,0,0
"E01013205","North East Lincolnshire 019B","E06000012","North East Lincolnshire",480,0,0,0,0
"E01013208","North East Lincolnshire 019C","E06000012","North East Lincolnshire",33,0,0,0,0
"E01013209","North East Lincolnshire 019D","E06000012","North East Lincolnshire",298,0,0,0,0
"E01013210","North East Lincolnshire 019E","E06000012","North East Lincolnshire",757,0,0,0,0
"E01013212","North East Lincolnshire 015D","E06000012","North East Lincolnshire",226,0,0,0,0
"E01013218","North East Lincolnshire 003A","E06000012","North East Lincolnshire",1030,0,0,0,0
"E01013220","North East Lincolnshire 003C","E06000012","North East Lincolnshire",1764,0,0,0,0
"E01013221","North East Lincolnshire 003D","E06000012","North East Lincolnshire",365,0,0,0,0
"E01013222","North East Lincolnshire 003E","E06000012","North East Lincolnshire",1414,0,0,0,0
"E01013278","North Lincolnshire 016A","E06000013","North Lincolnshire",414,0,0,0,0
"E01013279","North Lincolnshire 012A","E06000013","North Lincolnshire",453,0,0,0,0
"E01013284","North Lincolnshire 017D","E06000013","North Lincolnshire",2762,0,0,0,0
"E01013296","North Lincolnshire 008A","E06000013","North Lincolnshire",1428,0,0,0,0
"E01013299","North Lincolnshire 008C","E06000013","North Lincolnshire",2141,0,0,0,0
"E01013300","North Lincolnshire 007B","E06000013","North Lincolnshire",2025,0,0,0,0
"E01013311","North Lincolnshire 015C","E06000013","North Lincolnshire",1136,0,0,0,0
"E01013312","North Lincolnshire 010B","E06000013","North Lincolnshire",1684,0,0,0,0
"E01013330","North Lincolnshire 008D","E06000013","North Lincolnshire",1956,0,0,0,0
"E01013456","Derby 013C","E06000015","Derby",750,0,0,0,0
"E01013472","Derby 026A","E06000015","Derby",1593,0,0,0,0
"E01013480","Derby 016A","E06000015","Derby",74,0,0,0,0
"E01013481","Derby 018A","E06000015","Derby",1421,0,0,0,0
"E01013483","Derby 016B","E06000015","Derby",2800,0,0,0,0
"E01013484","Derby 018C","E06000015","Derby",223,0,0,0,0
"E01013485","Derby 016C","E06000015","Derby",526,0,0,0,0
"E01013486","Derby 018D","E06000015","Derby",617,0,0,0,0
"E01013487","Derby 018E","E06000015","Derby",852,0,0,0,0
"E01013496","Derby 028A","E06000015","Derby",1432,0,0,0,0
"E01013533","Derby 007A","E06000015","Derby",623,0,0,0,0
"E01013535","Derby 007B","E06000015","Derby",567,0,0,0,0
"E01013536","Derby 007C","E06000015","Derby",792,0,0,0,0
"E01013566","Derby 016E","E06000015","Derby",159,0,0,0,0
"E01013567","Derby 020B","E06000015","Derby",1022,0,0,0,0
"E01013568","Derby 020C","E06000015","Derby",1404,0,0,0,0
"E01013570","Derby 023A","E06000015","Derby",1979,0,0,0,0
"E01013573","Derby 023D","E06000015","Derby",2485,0,0,0,0
"E01013583","Derby 026D","E06000015","Derby",2815,0,0,0,0
"E01013584","Derby 029A","E06000015","Derby",2781,0,0,0,0
"E01013590","Derby 026E","E06000015","Derby",1341,0,0,0,0
"E01013591","Derby 026F","E06000015","Derby",1703,0,0,0,0
"E01013600","Leicester 003A","E06000016","Leicester",1320,0,0,0,0
"E01013601","Leicester 003B","E06000016","Leicester",2931,0,0,0,0
"E01013602","Leicester 003C","E06000016","Leicester",2568,0,0,0,0
"E01013603","Leicester 003D","E06000016","Leicester",134,0,0,0,0
"E01013619","Leicester 001D","E06000016","Leicester",1604,0,0,0,0
"E01013620","Leicester 004B","E06000016","Leicester",1571,0,0,0,0
"E01013621","Leicester 004C","E06000016","Leicester",2056,0,0,0,0
"E01013622","Leicester 004D","E06000016","Leicester",1495,0,0,0,0
"E01013632","Leicester 026B","E06000016","Leicester",273,0,0,0,0
"E01013633","Leicester 028A","E06000016","Leicester",2265,0,0,0,0
"E01013637","Leicester 028C","E06000016","Leicester",2541,0,0,0,0
"E01013638","Leicester 026C","E06000016","Leicester",168,0,0,0,0
"E01013640","Leicester 026D","E06000016","Leicester",1077,0,0,0,0
"E01013661","Leicester 019B","E06000016","Leicester",1147,0,0,0,0
"E01013664","Leicester 019C","E06000016","Leicester",2280,0,0,0,0
"E01013674","Leicester 036B","E06000016","Leicester",259,0,0,0,0
"E01013677","Leicester 036E","E06000016","Leicester",2807,0,0,0,0
"E01013679","Leicester 035B","E06000016","Leicester",2545,0,0,0,0
"E01013691","Leicester 035C","E06000016","Leicester",685,0,0,0,0
"E01013692","Leicester 035D","E06000016","Leicester",595,0,0,0,0
"E01013693","Leicester 035E","E06000016","Leicester",463,0,0,0,0
"E01013725","Leicester 012C","E06000016","Leicester",1164,0,0,0,0
"E01013726","Leicester 012D","E06000016","Leicester",122,0,0,0,0
"E01013727","Leicester 039B","E06000016","Leicester",2287,0,0,0,0
"E01013728","Leicester 012E","E06000016","Leicester",2879,0,0,0,0
"E01013730","Leicester 039C","E06000016","Leicester",279,0,0,0,0
"E01013746","Leicester 018C","E06000016","Leicester",1282,0,0,0,0
"E01013748","Leicester 018D","E06000016","Leicester",1557,0,0,0,0
"E01013753","Leicester 022C","E06000016","Leicester",1936,0,0,0,0
"E01013755","Leicester 018F","E06000016","Leicester",2483,0,0,0,0
"E01013760","Leicester 022D","E06000016","Leicester",1899,0,0,0,0
"E01013761","Leicester 022E","E06000016","Leicester",1161,0,0,0,0
"E01013765","Leicester 027F","E06000016","Leicester",2245,0,0,0,0
"E01013810","Nottingham 018A","E06000018","Nottingham",1642,0,0,0,0
"E01013811","Nottingham 018B","E06000018","Nottingham",655,0,0,0,0
"E01013812","Nottingham 018C","E06000018","Nottingham",133,0,0,0,0
"E01013817","Nottingham 011A","E06000018","Nottingham",810,0,0,0,0
"E01013818","Nottingham 011B","E06000018","Nottingham",397,0,0,0,0
"E01013819","Nottingham 013A","E06000018","Nottingham",2214,0,0,0,0
"E01013821","Nottingham 013C","E06000018","Nottingham",2671,0,0,0,0
"E01013822","Nottingham 011C","E06000018","Nottingham",1818,0,0,0,0
"E01013826","Nottingham 011E","E06000018","Nottingham",1357,0,0,0,0
"E01013833","Nottingham 009E","E06000018","Nottingham",2697,0,0,0,0
"E01013839","Nottingham 012C","E06000018","Nottingham",2142,0,0,0,0
"E01013841","Nottingham 012E","E06000018","Nottingham",1839,0,0,0,0
"E01013842","Nottingham 018D","E06000018","Nottingham",1881,0,0,0,0
"E01013844","Nottingham 017B","E06000018","Nottingham",2384,0,0,0,0
"E01013845","Nottingham 017C","E06000018","Nottingham",1987,0,0,0,0
"E01013846","Nottingham 018E","E06000018","Nottingham",1952,0,0,0,0
"E01013849","Nottingham 038A","E06000018","Nottingham",2170,0,0,0,0
"E01013851","Nottingham 038C","E06000018","Nottingham",356,0,0,0,0
"E01013855","Nottingham 006C","E06000018","Nottingham",2392,0,0,0,0
"E01013861","Nottingham 020B","E06000018","Nottingham",318,0,0,0,0
"E01013862","Nottingham 025C","E06000018","Nottingham",1788,0,0,0,0
"E01013865","Nottingham 014B","E06000018","Nottingham",2780,0,0,0,0
"E01013867","Nottingham 014D","E06000018","Nottingham",2701,0,0,0,0
"E01013868","Nottingham 020C","E06000018","Nottingham",1413,0,0,0,0
"E01013876","Nottingham 005B","E06000018","Nottingham",1272,0,0,0,0
"E01013877","Nottingham 005C","E06000018","Nottingham",101,0,0,0,0
"E01013878","Nottingham 005D","E06000018","Nottingham",2232,0,0,0,0
"E01013879","Nottingham 002A","E06000018","Nottingham",647,0,0,0,0
"E01013880","Nottingham 002B","E06000018","Nottingham",1041,0,0,0,0
"E01013881","Nottingham 002C","E06000018","Nottingham",2292,0,0,0,0
"E01013883","Nottingham 005E","E06000018","Nottingham",2915,0,0,0,0
"E01013884","Nottingham 005F","E06000018","Nottingham",1674,0,0,0,0
"E01013885","Nottingham 002E","E06000018","Nottingham",1234,0,0,0,0
"E01013893","Nottingham 001C","E06000018","Nottingham",2514,0,0,0,0
"E01013909","Nottingham 036C","E06000018","Nottingham",1500,0,0,0,0
"E01013916","Nottingham 024D","E06000018","Nottingham",3037,0,0,0,0
"E01013918","Nottingham 029A","E06000018","Nottingham",2526,0,0,0,0
"E01013919","Nottingham 029B","E06000018","Nottingham",2670,0,0,0,0
"E01013921","Nottingham 029D","E06000018","Nottingham",1398,0,0,0,0
"E01013942","Nottingham 016D","E06000018","Nottingham",2716,0,0,0,0
"E01013947","Nottingham 026D","E06000018","Nottingham",2415,0,0,0,0
"E01013948","Nottingham 026E","E06000018","Nottingham",380,0,0,0,0
"E01013958","Nottingham 023C","E06000018","Nottingham",2467,0,0,0,0
"E01013959","Nottingham 021B","E06000018","Nottingham",1793,0,0,0,0
"E01013960","Nottingham 021C","E06000018","Nottingham",1680,0,0,0,0
"E01013963","Nottingham 007A","E06000018","Nottingham",2619,0,0,0,0
"E01014108","Telford and Wrekin 020C","E06000020","Telford and Wrekin",446,0,0,0,0
"E01014110","Telford and Wrekin 020E","E06000020","Telford and Wrekin",1096,0,0,0,0
"E01014113","Telford and Wrekin 011C","E06000020","Telford and Wrekin",3048,0,0,0,0
"E01014115","Telford and Wrekin 023A","E06000020","Telford and Wrekin",2737,0,0,0,0
"E01014118","Telford and Wrekin 023D","E06000020","Telford and Wrekin",302,0,0,0,0
"E01014142","Telford and Wrekin 009D","E06000020","Telford and Wrekin",2312,0,0,0,0
"E01014164","Telford and Wrekin 017C","E06000020","Telford and Wrekin",1502,0,0,0,0
"E01014165","Telford and Wrekin 017D","E06000020","Telford and Wrekin",1972,0,0,0,0
"E01014197","Telford and Wrekin 021A","E06000020","Telford and Wrekin",2746,0,0,0,0
"E01014198","Telford and Wrekin 021B","E06000020","Telford and Wrekin",986,0,0,0,0
"E01014200","Telford and Wrekin 021D","E06000020","Telford and Wrekin",925,0,0,0,0
"E01014201","Telford and Wrekin 021E","E06000020","Telford and Wrekin",686,0,0,0,0
"E01014211","Stoke-on-Trent 012B","E06000021","Stoke-on-Trent",1278,0,0,0,0
"E01014213","Stoke-on-Trent 012D","E06000021","Stoke-on-Trent",2986,0,0,0,0
"E01014217","Stoke-on-Trent 012E","E06000021","Stoke-on-Trent",1182,0,0,0,0
"E01014218","Stoke-on-Trent 014A","E06000021","Stoke-on-Trent",922,0,0,0,0
"E01014220","Stoke-on-Trent 017A","E06000021","Stoke-on-Trent",1342,0,0,0,0
"E01014221","Stoke-on-Trent 017B","E06000021","Stoke-on-Trent",2728,0,0,0,0
"E01014222","Stoke-on-Trent 017C","E06000021","Stoke-on-Trent",1209,0,0,0,0
"E01014223","Stoke-on-Trent 017D","E06000021","Stoke-on-Trent",1017,0,0,0,0
"E01014224","Stoke-on-Trent 017E","E06000021","Stoke-on-Trent",918,0,0,0,0
"E01014229","Stoke-on-Trent 017F","E06000021","Stoke-on-Trent",2686,0,0,0,0
"E01014237","Stoke-on-Trent 032C","E06000021","Stoke-on-Trent",1586,0,0,0,0
"E01014238","Stoke-on-Trent 032D","E06000021","Stoke-on-Trent",2197,0,0,0,0
"E01014244","Stoke-on-Trent 006D","E06000021","Stoke-on-Trent",1397,0,0,0,0
"E01014246","Stoke-on-Trent 008A","E06000021","Stoke-on-Trent",2917,0,0,0,0
"E01014247","Stoke-on-Trent 009A","E06000021","Stoke-on-Trent",1445,0,0,0,0
"E01014248","Stoke-on-Trent 006F","E06000021","Stoke-on-Trent",2423,0,0,0,0
"E01014249","Stoke-on-Trent 011A","E06000021","Stoke-on-Trent",1186,0,0,0,0
"E01014250","Stoke-on-Trent 009B","E06000021","Stoke-on-Trent",1116,0,0,0,0
"E01014254","Stoke-on-Trent 011C","E06000021","Stoke-on-Trent",1525,0,0,0,0
"E01014255","Stoke-on-Trent 009E","E06000021","Stoke-on-Trent",2479,0,0,0,0
"E01014261","Stoke-on-Trent 003A","E06000021","Stoke-on-Trent",589,0,0,0,0
"E01014273","Stoke-on-Trent 035A","E06000021","Stoke-on-Trent",795,0,0,0,0
"E01014275","Stoke-on-Trent 020B","E06000021","Stoke-on-Trent",544,0,0,0,0
"E01014286","Stoke-on-Trent 015C","E06000021","Stoke-on-Trent",1135,0,0,0,0
"E01014287","Stoke-on-Trent 015D","E06000021","Stoke-on-Trent",553,0,0,0,0
"E01014300","Stoke-on-Trent 035F","E06000021","Stoke-on-Trent",2148,0,0,0,0
"E01014302","Stoke-on-Trent 035E","E06000021","Stoke-on-Trent",2538,0,0,0,0
"E01014305","Stoke-on-Trent 029A","E06000021","Stoke-on-Trent",2414,0,0,0,0
"E01014306","Stoke-on-Trent 029B","E06000021","Stoke-on-Trent",2091,0,0,0,0
"E01014307","Stoke-on-Trent 029C","E06000021","Stoke-on-Trent",1130,0,0,0,0
"E01014316","Stoke-on-Trent 031C","E06000021","Stoke-on-Trent",731,0,0,0,0
"E01014317","Stoke-on-Trent 031D","E06000021","Stoke-on-Trent",1425,0,0,0,0
"E01014328","Stoke-on-Trent 013C","E06000021","Stoke-on-Trent",2272,0,0,0,0
"E01014330","Stoke-on-Trent 013E","E06000021","Stoke-on-Trent",364,0,0,0,0
"E01014336","Stoke-on-Trent 004D","E06000021","Stoke-on-Trent",1991,0,0,0,0
"E01014354","Stoke-on-Trent 005A","E06000021","Stoke-on-Trent",807,0,0,0,0
"E01014358","Stoke-on-Trent 002B","E06000021","Stoke-on-Trent",1412,0,0,0,0
"E01014361","Stoke-on-Trent 005D","E06000021","Stoke-on-Trent",1715,0,0,0,0
"E01014366","Stoke-on-Trent 028B","E06000021","Stoke-on-Trent",2410,0,0,0,0
"E01014367","Stoke-on-Trent 028C","E06000021","Stoke-on-Trent",2858,0,0,0,0
"E01014390","Bath and North East Somerset 018D","E06000022","Bath and North East Somerset",2614,0,0,0,0
"E01014458","Bath and North East Somerset 015D","E06000022","Bath and North East Somerset",2648,0,0,0,0
"E01014463","Bath and North East Somerset 011C","E06000022","Bath and North East Somerset",2368,0,0,0,0
"E01014516","Bristol 050B","E06000023","Bristol, City of",693,0,0,0,0
"E01014517","Bristol 050C","E06000023","Bristol, City of",2549,0,0,0,0
"E01014580","Bristol 045B","E06000023","Bristol, City of",766,0,0,0,0
"E01014581","Bristol 045C","E06000023","Bristol, City of",574,0,0,0,0
"E01014584","Bristol 045E","E06000023","Bristol, City of",2620,0,0,0,0
"E01014585","Bristol 044C","E06000023","Bristol, City of",954,0,0,0,0
"E01014589","Bristol 013B","E06000023","Bristol, City of",1934,0,0,0,0
"E01014593","Bristol 051A","E06000023","Bristol, City of",378,0,0,0,0
"E01014594","Bristol 048A","E06000023","Bristol, City of",555,0,0,0,0
"E01014596","Bristol 051C","E06000023","Bristol, City of",2732,0,0,0,0
"E01014597","Bristol 051D","E06000023","Bristol, City of",1485,0,0,0,0
"E01014605","Bristol 001E","E06000023","Bristol, City of",1763,0,0,0,0
"E01014638","Bristol 003C","E06000023","Bristol, City of",1733,0,0,0,0
"E01014639","Bristol 003D","E06000023","Bristol, City of",979,0,0,0,0
"E01014653","Bristol 055B","E06000023","Bristol, City of",998,0,0,0,0
"E01014654","Bristol 056A","E06000023","Bristol, City of",2960,0,0,0,0
"E01014658","Bristol 056B","E06000023","Bristol, City of",1621,0,0,0,0
"E01014689","Bristol 002B","E06000023","Bristol, City of",1177,0,0,0,0
"E01014706","Bristol 049E","E06000023","Bristol, City of",2355,0,0,0,0
"E01014726","Bristol 053B","E06000023","Bristol, City of",265,0,0,0,0
"E01014727","Bristol 053C","E06000023","Bristol, City of",993,0,0,0,0
"E01014800","North Somerset 020B","E06000024","North Somerset",1139,0,0,0,0
"E01014801","North Somerset 020C","E06000024","North Somerset",1284,0,0,0,0
"E01014828","North Somerset 025C","E06000024","North Somerset",2517,0,0,0,0
"E01014829","North Somerset 021A","E06000024","North Somerset",2069,0,0,0,0
"E01014831","North Somerset 021C","E06000024","North Somerset",86,0,0,0,0
"E01014832","North Somerset 021D","E06000024","North Somerset",313,0,0,0,0
"E01014833","North Somerset 021E","E06000024","North Somerset",720,0,0,0,0
"E01015028","Plymouth 003C","E06000026","Plymouth",2330,0,0,0,0
"E01015030","Plymouth 007A","E06000026","Plymouth",2111,0,0,0,0
"E01015043","Plymouth 026A","E06000026","Plymouth",1267,0,0,0,0
"E01015045","Plymouth 026B","E06000026","Plymouth",1851,0,0,0,0
"E01015046","Plymouth 026C","E06000026","Plymouth",575,0,0,0,0
"E01015078","Plymouth 013C","E06000026","Plymouth",2676,0,0,0,0
"E01015082","Plymouth 004B","E06000026","Plymouth",2448,0,0,0,0
"E01015083","Plymouth 004C","E06000026","Plymouth",2825,0,0,0,0
"E01015088","Plymouth 006C","E06000026","Plymouth",2046,0,0,0,0
"E01015145","Plymouth 014E","E06000026","Plymouth",984,0,0,0,0
"E01015146","Plymouth 009E","E06000026","Plymouth",2878,0,0,0,0
"E01015149","Plymouth 009F","E06000026","Plymouth",706,0,0,0,0
"E01015153","Plymouth 033C","E06000026","Plymouth",1032,0,0,0,0
"E01015155","Plymouth 034A","E06000026","Plymouth",88,0,0,0,0
"E01015180","Plymouth 028C","E06000026","Plymouth",2628,0,0,0,0
"E01015196","Torbay 013G","E06000027","Torbay",1085,0,0,0,0
"E01015217","Torbay 008A","E06000027","Torbay",672,0,0,0,0
"E01015231","Torbay 014B","E06000027","Torbay",404,0,0,0,0
"E01015255","Torbay 008B","E06000027","Torbay",811,0,0,0,0
"E01015256","Torbay 008C","E06000027","Torbay",1153,0,0,0,0
"E01015257","Torbay 004A","E06000027","Torbay",2367,0,0,0,0
"E01015260","Torbay 004D","E06000027","Torbay",2593,0,0,0,0
"E01015263","Torbay 001B","E06000027","Torbay",1759,0,0,0,0
"E01015266","Torbay 001E","E06000027","Torbay",2786,0,0,0,0
"E01015281","Bournemouth, Christchurch and Poole 037C","E06000058","Bournemouth, Christchurch and Poole",2534,0,0,0,0
"E01015307","Bournemouth, Christchurch and Poole 010A","E06000058","Bournemouth, Christchurch and Poole",2465,0,0,0,0
"E01015309","Bournemouth, Christchurch and Poole 010B","E06000058","Bournemouth, Christchurch and Poole",2391,0,0,0,0
"E01015313","Bournemouth, Christchurch and Poole 010D","E06000058","Bournemouth, Christchurch and Poole",2560,0,0,0,0
"E01015338","Bournemouth, Christchurch and Poole 012A","E06000058","Bournemouth, Christchurch and Poole",2763,0,0,0,0
"E01015430","Bournemouth, Christchurch and Poole 042D","E06000058","Bournemouth, Christchurch and Poole",2571,0,0,0,0
"E01015507","Swindon 007B","E06000030","Swindon",867,0,0,0,0
"E01015544","Swindon 003B","E06000030","Swindon",1245,0,0,0,0
"E01015545","Swindon 003C","E06000030","Swindon",860,0,0,0,0
"E01015546","Swindon 003D","E06000030","Swindon",1213,0,0,0,0
"E01015558","Swindon 005D","E06000030","Swindon",2851,0,0,0,0
"E01015570","Swindon 022E","E06000030","Swindon",2654,0,0,0,0
"E01015575","Swindon 016D","E06000030","Swindon",2348,0,0,0,0
"E01015603","Peterborough 010A","E06000031","Peterborough",1260,0,0,0,0
"E01015604","Peterborough 010B","E06000031","Peterborough",1473,0,0,0,0
"E01015607","Peterborough 007A","E06000031","Peterborough",2097,0,0,0,0
"E01015609","Peterborough 007B","E06000031","Peterborough",1387,0,0,0,0
"E01015612","Peterborough 014D","E06000031","Peterborough",2630,0,0,0,0
"E01015632","Peterborough 010C","E06000031","Peterborough",1988,0,0,0,0
"E01015647","Peterborough 021F","E06000031","Peterborough",2561,0,0,0,0
"E01015654","Peterborough 012E","E06000031","Peterborough",2553,0,0,0,0
"E01015658","Peterborough 007E","E06000031","Peterborough",664,0,0,0,0
"E01015663","Peterborough 009D","E06000031","Peterborough",1993,0,0,0,0
"E01015698","Luton 017A","E06000032","Luton",1767,0,0,0,0
"E01015699","Luton 017B","E06000032","Luton",1732,0,0,0,0
"E01015704","Luton 010C","E06000032","Luton",1392,0,0,0,0
"E01015705","Luton 017D","E06000032","Luton",1194,0,0,0,0
"E01015725","Luton 017E","E06000032","Luton",1257,0,0,0,0
"E01015726","Luton 015B","E06000032","Luton",2108,0,0,0,0
"E01015729","Luton 019C","E06000032","Luton",2531,0,0,0,0
"E01015732","Luton 020A","E06000032","Luton",2269,0,0,0,0
"E01015736","Luton 020E","E06000032","Luton",2085,0,0,0,0
"E01015743","Luton 022E","E06000032","Luton",2586,0,0,0,0
"E01015771","Luton 003B","E06000032","Luton",1050,0,0,0,0
"E01015789","Luton 023D","E06000032","Luton",2946,0,0,0,0
"E01015841","Southend-on-Sea 014C","E06000033","Southend-on-Sea",946,0,0,0,0
"E01015842","Southend-on-Sea 014D","E06000033","Southend-on-Sea",50,0,0,0,0
"E01015844","Southend-on-Sea 014F","E06000033","Southend-on-Sea",2857,0,0,0,0
"E01015852","Southend-on-Sea 015B","E06000033","Southend-on-Sea",1301,0,0,0,0
"E01015875","Southend-on-Sea 006G","E06000033","Southend-on-Sea",2461,0,0,0,0
"E01015880","Southend-on-Sea 013E","E06000033","Southend-on-Sea",2054,0,0,0,0
"E01015886","Southend-on-Sea 009D","E06000033","Southend-on-Sea",321,0,0,0,0
"E01015887","Southend-on-Sea 009E","E06000033","Southend-on-Sea",2903,0,0,0,0
"E01015897","Southend-on-Sea 010C","E06000033","Southend-on-Sea",2127,0,0,0,0
"E01015916","Southend-on-Sea 017C","E06000033","Southend-on-Sea",814,0,0,0,0
"E01015917","Southend-on-Sea 017D","E06000033","Southend-on-Sea",1808,0,0,0,0
"E01016006","Thurrock 018D","E06000034","Thurrock",1580,0,0,0,0
"E01016017","Medway 015B","E06000035","Medway",1977,0,0,0,0
"E01016019","Medway 015C","E06000035","Medway",1573,0,0,0,0
"E01016023","Medway 022B","E06000035","Medway",1438,0,0,0,0
"E01016031","Medway 012A","E06000035","Medway",869,0,0,0,0
"E01016032","Medway 010B","E06000035","Medway",413,0,0,0,0
"E01016033","Medway 009A","E06000035","Medway",1588,0,0,0,0
"E01016049","Medway 012D","E06000035","Medway",2211,0,0,0,0
"E01016061","Medway 020A","E06000035","Medway",2688,0,0,0,0
"E01016063","Medway 020B","E06000035","Medway",1058,0,0,0,0
"E01016068","Medway 027E","E06000035","Medway",2929,0,0,0,0
"E01016069","Medway 020D","E06000035","Medway",713,0,0,0,0
"E01016111","Medway 015E","E06000035","Medway",317,0,0,0,0
"E01016153","Medway 008C","E06000035","Medway",1850,0,0,0,0
"E01016161","Medway 018B","E06000035","Medway",2334,0,0,0,0
"E01016742","Milton Keynes 032A","E06000042","Milton Keynes",1652,0,0,0,0
"E01016811","Milton Keynes 012B","E06000042","Milton Keynes",1254,0,0,0,0
"E01016839","Milton Keynes 012D","E06000042","Milton Keynes",2310,0,0,0,0
"E01016842","Milton Keynes 023B","E06000042","Milton Keynes",1785,0,0,0,0
"E01016843","Milton Keynes 023C","E06000042","Milton Keynes",2171,0,0,0,0
"E01016844","Milton Keynes 023D","E06000042","Milton Keynes",1905,0,0,0,0
"E01016845","Milton Keynes 018C","E06000042","Milton Keynes",1012,0,0,0,0
"E01016864","Brighton and Hove 025A","E06000043","Brighton and Hove",2356,0,0,0,0
"E01016865","Brighton and Hove 025B","E06000043","Brighton and Hove",188,0,0,0,0
"E01016866","Brighton and Hove 025C","E06000043","Brighton and Hove",621,0,0,0,0
"E01016867","Brighton and Hove 025D","E06000043","Brighton and Hove",2886,0,0,0,0
"E01016868","Brighton and Hove 025E","E06000043","Brighton and Hove",232,0,0,0,0
"E01016880","Brighton and Hove 013B","E06000043","Brighton and Hove",2798,0,0,0,0
"E01016885","Brighton and Hove 006D","E06000043","Brighton and Hove",2570,0,0,0,0
"E01016900","Brighton and Hove 008A","E06000043","Brighton and Hove",1072,0,0,0,0
"E01016908","Brighton and Hove 009C","E06000043","Brighton and Hove",2131,0,0,0,0
"E01016915","Brighton and Hove 002D","E06000043","Brighton and Hove",2093,0,0,0,0
"E01016942","Brighton and Hove 031C","E06000043","Brighton and Hove",734,0,0,0,0
"E01016947","Brighton and Hove 030C","E06000043","Brighton and Hove",1931,0,0,0,0
"E01017031","Portsmouth 028A","E06000044","Portsmouth",508,0,0,0,0
"E01017035","Portsmouth 018A","E06000044","Portsmouth",89,0,0,0,0
"E01017036","Portsmouth 013A","E06000044","Portsmouth",2026,0,0,0,0
"E01017037","Portsmouth 013B","E06000044","Portsmouth",153,0,0,0,0
"E01017038","Portsmouth 013C","E06000044","Portsmouth",150,0,0,0,0
"E01017039","Portsmouth 028C","E06000044","Portsmouth",1802,0,0,0,0
"E01017040","Portsmouth 028B","E06000044","Portsmouth",85,0,0,0,0
"E01017077","Portsmouth 015B","E06000044","Portsmouth",2446,0,0,0,0
"E01017102","Portsmouth 013D","E06000044","Portsmouth",1807,0,0,0,0
"E01017103","Portsmouth 013E","E06000044","Portsmouth",596,0,0,0,0
"E01017112","Portsmouth 001A","E06000044","Portsmouth",2321,0,0,0,0
"E01017118","Portsmouth 002D","E06000044","Portsmouth",2435,0,0,0,0
"E01017120","Portsmouth 001E","E06000044","Portsmouth",1679,0,0,0,0
"E01017130","Portsmouth 018D","E06000044","Portsmouth",319,0,0,0,0
"E01017154","Southampton 022B","E06000045","Southampton",2476,0,0,0,0
"E01017163","Southampton 025B","E06000045","Southampton",469,0,0,0,0
"E01017166","Southampton 025E","E06000045","Southampton",806,0,0,0,0
"E01017167","Southampton 027A","E06000045","Southampton",402,0,0,0,0
"E01017168","Southampton 027B","E06000045","Southampton",1596,0,0,0,0
"E01017202","Southampton 016C","E06000045","Southampton",2099,0,0,0,0
"E01017207","Southampton 015A","E06000045","Southampton",856,0,0,0,0
"E01017210","Southampton 019B","E06000045","Southampton",1873,0,0,0,0
"E01017240","Southampton 012D","E06000045","Southampton",2969,0,0,0,0
"E01017245","Southampton 012E","E06000045","Southampton",1060,0,0,0,0
"E01017250","Southampton 010B","E06000045","Southampton",2610,0,0,0,0
"E01017274","Southampton 032A","E06000045","Southampton",2475,0,0,0,0
"E01017280","Southampton 032C","E06000045","Southampton",2626,0,0,0,0
"E01017281","Southampton 032D","E06000045","Southampton",123,0,0,0,0
"E01017345","Isle of Wight 007E","E06000046","Isle of Wight",1852,0,0,0,0
"E01017363","Isle of Wight 018A","E06000046","Isle of Wight",2375,0,0,0,0
"E01017471","Bedford 012F","E06000055","Bedford",1707,0,0,0,0
"E01017477","Bedford 015F","E06000055","Bedford",2132,0,0,0,0
"E01017502","Bedford 010F","E06000055","Bedford",1362,0,0,0,0
"E01018078","Fenland 007B","E07000010","Fenland",2664,0,0,0,0
"E01018103","Fenland 003F","E07000010","Fenland",2120,0,0,0,0
"E01018107","Fenland 002C","E07000010","Fenland",2086,0,0,0,0
"E01018310","Cheshire West and Chester 029B","E06000050","Cheshire West and Chester",2927,0,0,0,0
"E01018311","Cheshire West and Chester 029C","E06000050","Cheshire West and Chester",1533,0,0,0,0
"E01018314","Cheshire West and Chester 031B","E06000050","Cheshire West and Chester",2866,0,0,0,0
"E01018316","Cheshire West and Chester 031D","E06000050","Cheshire West and Chester",2166,0,0,0,0
"E01018317","Cheshire West and Chester 031E","E06000050","Cheshire West and Chester",1418,0,0,0,0
"E01018351","Cheshire West and Chester 044A","E06000050","Cheshire West and Chester",267,0,0,0,0
"E01018462","Cheshire East 039A","E06000049","Cheshire East",1853,0,0,0,0
"E01018466","Cheshire East 036D","E06000049","Cheshire East",1660,0,0,0,0
"E01018476","Cheshire East 035B","E06000049","Cheshire East",2884,0,0,0,0
"E01018486","Cheshire East 043A","E06000049","Cheshire East",2010,0,0,0,0
"E01018524","Cheshire West and Chester 008B","E06000050","Cheshire West and Chester",1223,0,0,0,0
"E01018542","Cheshire West and Chester 008D","E06000050","Cheshire West and Chester",2488,0,0,0,0
"E01018550","Cheshire West and Chester 011B","E06000050","Cheshire West and Chester",1801,0,0,0,0
"E01018738","Cheshire West and Chester 040B","E06000050","Cheshire West and Chester",833,0,0,0,0
"E01018739","Cheshire West and Chester 040C","E06000050","Cheshire West and Chester",2840,0,0,0,0
"E01018740","Cheshire West and Chester 042C","E06000050","Cheshire West and Chester",692,0,0,0,0
"E01018745","Cheshire West and Chester 038B","E06000050","Cheshire West and Chester",2687,0,0,0,0
"E01018748","Cheshire West and Chester 035C","E06000050","Cheshire West and Chester",641,0,0,0,0
"E01018767","Cornwall 017A","E06000052","Cornwall",2759,0,0,0,0
"E01018870","Cornwall 055B","E06000052","Cornwall",1352,0,0,0,0
"E01018875","Cornwall 053B","E06000052","Cornwall",2439,0,0,0,0
"E01018930","Cornwall 015D","E06000052","Cornwall",1591,0,0,0,0
"E01018995","Cornwall 068A","E06000052","Cornwall",2727,0,0,0,0
"E01018997","Cornwall 067E","E06000052","Cornwall",1146,0,0,0,0
"E01019056","Cornwall 031A","E06000052","Cornwall",2116,0,0,0,0
"E01019095","Allerdale 005A","E06000063","Cumberland",1628,0,0,0,0
"E01019097","Allerdale 005B","E06000063","Cumberland",790,0,0,0,0
"E01019110","Allerdale 010C","E06000063","Cumberland",2209,0,0,0,0
"E01019112","Allerdale 009B","E06000063","Cumberland",1511,0,0,0,0
"E01019113","Allerdale 009C","E06000063","Cumberland",452,0,0,0,0
"E01019121","Allerdale 009E","E06000063","Cumberland",1907,0,0,0,0
"E01019122","Allerdale 008C","E06000063","Cumberland",2147,0,0,0,0
"E01019139","Barrow-in-Furness 010B","E06000064","Westmorland and Furness",360,0,0,0,0
"E01019141","Barrow-in-Furness 008A","E06000064","Westmorland and Furness",1248,0,0,0,0
"E01019142","Barrow-in-Furness 008B","E06000064","Westmorland and Furness",1474,0,0,0,0
"E01019143","Barrow-in-Furness 008C","E06000064","Westmorland and Furness",489,0,0,0,0
"E01019156","Barrow-in-Furness 004A","E06000064","Westmorland and Furness",745,0,0,0,0
"E01019157","Barrow-in-Furness 008D","E06000064","Westmorland and Furness",1857,0,0,0,0
"E01019158","Barrow-in-Furness 008E","E06000064","Westmorland and Furness",1231,0,0,0,0
"E01019164","Barrow-in-Furness 004C","E06000064","Westmorland and Furness",1125,0,0,0,0
"E01019197","Carlisle 011A","E06000063","Cumberland",2399,0,0,0,0
"E01019234","Carlisle 006C","E06000063","Cumberland",2431,0,0,0,0
"E01019245","Carlisle 011F","E06000063","Cumberland",1148,0,0,0,0
"E01019248","Carlisle 012E","E06000063","Cumberland",2320,0,0,0,0
"E01019267","Copeland 004F","E06000063","Cumberland",2306,0,0,0,0
"E01019280","Copeland 002B","E06000063","Cumberland",1369,0,0,0,0
"E01019295","Copeland 005D","E06000063","Cumberland",1967,0,0,0,0
"E01019301","Copeland 005F","E06000063","Cumberland",241,0,0,0,0
"E01019444","Amber Valley 003B","E07000032","Amber Valley",249,0,0,0,0
"E01019453","Amber Valley 017D","E07000032","Amber Valley",2832,0,0,0,0
"E01019463","Amber Valley 008F","E07000032","Amber Valley",2469,0,0,0,0
"E01019488","Bolsover 004D","E07000033","Bolsover",1494,0,0,0,0
"E01019507","Bolsover 007D","E07000033","Bolsover",2024,0,0,0,0
"E01019509","Bolsover 006B","E07000033","Bolsover",1611,0,0,0,0
"E01019527","Chesterfield 003A","E07000034","Chesterfield",2178,0,0,0,0
"E01019561","Chesterfield 008E","E07000034","Chesterfield",974,0,0,0,0
"E01019566","Chesterfield 002D","E07000034","Chesterfield",2540,0,0,0,0
"E01019575","Chesterfield 013A","E07000034","Chesterfield",1653,0,0,0,0
"E01019578","Chesterfield 013D","E07000034","Chesterfield",594,0,0,0,0
"E01019625","Derbyshire Dales 006D","E07000035","Derbyshire Dales",2592,0,0,0,0
"E01019644","Erewash 001A","E07000036","Erewash",2129,0,0,0,0
"E01019646","Erewash 001B","E07000036","Erewash",1431,0,0,0,0
"E01019650","Erewash 010C","E07000036","Erewash",1698,0,0,0,0
"E01019662","Erewash 003D","E07000036","Erewash",1925,0,0,0,0
"E01019663","Erewash 001C","E07000036","Erewash",152,0,0,0,0
"E01019668","Erewash 007C","E07000036","Erewash",2430,0,0,0,0
"E01019728","High Peak 002A","E07000037","High Peak",1090,0,0,0,0
"E01019729","High Peak 002B","E07000037","High Peak",1377,0,0,0,0
"E01019761","High Peak 011E","E07000037","High Peak",2009,0,0,0,0
"E01019796","North East Derbyshire 009A","E07000038","North East Derbyshire",1159,0,0,0,0
"E01019808","North East Derbyshire 009E","E07000038","North East Derbyshire",2363,0,0,0,0
"E01020094","North Devon 008A","E07000043","North Devon",1570,0,0,0,0
"E01020103","North Devon 010B","E07000043","North Devon",2387,0,0,0,0
"E01020112","North Devon 001B","E07000043","North Devon",1868,0,0,0,0
"E01020552","Dorset 038B","E06000059","Dorset",1056,0,0,0,0
"E01020555","Dorset 044C","E06000059","Dorset",2172,0,0,0,0
"E01020569","Dorset 047B","E06000059","Dorset",1985,0,0,0,0
"E01020575","Dorset 041B","E06000059","Dorset",2967,0,0,0,0
"E01020592","County Durham 011A","E06000047","County Durham",430,0,0,0,0
"E01020606","County Durham 005A","E06000047","County Durham",2361,0,0,0,0
"E01020626","County Durham 006A","E06000047","County Durham",1714,0,0,0,0
"E01020647","County Durham 008A","E06000047","County Durham",2386,0,0,0,0
"E01020671","County Durham 009D","E06000047","County Durham",884,0,0,0,0
"E01020672","County Durham 009E","E06000047","County Durham",2751,0,0,0,0
"E01020673","County Durham 008D","E06000047","County Durham",1365,0,0,0,0
"E01020716","County Durham 026E","E06000047","County Durham",2653,0,0,0,0
"E01020724","County Durham 029D","E06000047","County Durham",1376,0,0,0,0
"E01020734","County Durham 035B","E06000047","County Durham",2434,0,0,0,0
"E01020739","County Durham 039D","E06000047","County Durham",147,0,0,0,0
"E01020741","County Durham 017B","E06000047","County Durham",2173,0,0,0,0
"E01020745","County Durham 032A","E06000047","County Durham",581,0,0,0,0
"E01020747","County Durham 018B","E06000047","County Durham",737,0,0,0,0
"E01020749","County Durham 018D","E06000047","County Durham",1922,0,0,0,0
"E01020752","County Durham 025B","E06000047","County Durham",41,0,0,0,0
"E01020757","County Durham 032C","E06000047","County Durham",971,0,0,0,0
"E01020758","County Durham 032D","E06000047","County Durham",332,0,0,0,0
"E01020759","County Durham 032E","E06000047","County Durham",932,0,0,0,0
"E01020762","County Durham 034C","E06000047","County Durham",1552,0,0,0,0
"E01020764","County Durham 036A","E06000047","County Durham",191,0,0,0,0
"E01020767","County Durham 036C","E06000047","County Durham",440,0,0,0,0
"E01020775","County Durham 018F","E06000047","County Durham",1450,0,0,0,0
"E01020777","County Durham 037C","E06000047","County Durham",2421,0,0,0,0
"E01020793","County Durham 043B","E06000047","County Durham",2870,0,0,0,0
"E01020798","County Durham 050B","E06000047","County Durham",1983,0,0,0,0
"E01020802","County Durham 059B","E06000047","County Durham",2528,0,0,0,0
"E01020805","County Durham 053D","E06000047","County Durham",2274,0,0,0,0
"E01020806","County Durham 049A","E06000047","County Durham",2874,0,0,0,0
"E01020807","County Durham 049B","E06000047","County Durham",121,0,0,0,0
"E01020816","County Durham 061A","E06000047","County Durham",301,0,0,0,0
"E01020839","County Durham 059D","E06000047","County Durham",2618,0,0,0,0
"E01020841","County Durham 059F","E06000047","County Durham",350,0,0,0,0
"E01020844","County Durham 061B","E06000047","County Durham",997,0,0,0,0
"E01020847","County Durham 061C","E06000047","County Durham",1054,0,0,0,0
"E01020849","County Durham 061D","E06000047","County Durham",1795,0,0,0,0
"E01020860","County Durham 064D","E06000047","County Durham",1741,0,0,0,0
"E01020873","County Durham 051A","E06000047","County Durham",561,0,0,0,0
"E01020880","County Durham 055D","E06000047","County Durham",1470,0,0,0,0
"E01020898","County Durham 045F","E06000047","County Durham",1206,0,0,0,0
"E01020901","County Durham 051D","E06000047","County Durham",600,0,0,0,0
"E01020902","County Durham 051E","E06000047","County Durham",571,0,0,0,0
"E01020907","County Durham 058C","E06000047","County Durham",2612,0,0,0,0
"E01020909","County Durham 058E","E06000047","County Durham",96,0,0,0,0
"E01020911","Eastbourne 010B","E07000061","Eastbourne",2749,0,0,0,0
"E01020912","Eastbourne 010C","E07000061","Eastbourne",391,0,0,0,0
"E01020920","Eastbourne 004A","E07000061","Eastbourne",1834,0,0,0,0
"E01020923","Eastbourne 002D","E07000061","Eastbourne",1670,0,0,0,0
"E01020925","Eastbourne 001B","E07000061","Eastbourne",2660,0,0,0,0
"E01020972","Hastings 005A","E07000062","Hastings",7,0,0,0,0
"E01020978","Hastings 009A","E07000062","Hastings",1957,0,0,0,0
"E01020979","Hastings 009B","E07000062","Hastings",485,0,0,0,0
"E01020980","Hastings 009C","E07000062","Hastings",2853,0,0,0,0
"E01020982","Hastings 011A","E07000062","Hastings",885,0,0,0,0
"E01020983","Hastings 011B","E07000062","Hastings",719,0,0,0,0
"E01020984","Hastings 011C","E07000062","Hastings",2578,0,0,0,0
"E01020989","Hastings 011E","E07000062","Hastings",2133,0,0,0,0
"E01020990","Hastings 008C","E07000062","Hastings",2691,0,0,0,0
"E01020992","Hastings 008E","E07000062","Hastings",2182,0,0,0,0
"E01020993","Hastings 003A","E07000062","Hastings",390,0,0,0,0
"E01020994","Hastings 003B","E07000062","Hastings",1123,0,0,0,0
"E01020995","Hastings 003C","E07000062","Hastings",775,0,0,0,0
"E01021005","Hastings 004B","E07000062","Hastings",616,0,0,0,0
"E01021015","Hastings 005D","E07000062","Hastings",25,0,0,0,0
"E01021019","Hastings 003E","E07000062","Hastings",426,0,0,0,0
"E01021020","Hastings 006D","E07000062","Hastings",2165,0,0,0,0
"E01021119","Rother 004E","E07000064","Rother",1750,0,0,0,0
"E01021135","Rother 007D","E07000064","Rother",1484,0,0,0,0
"E01021136","Rother 007E","E07000064","Rother",735,0,0,0,0
"E01021271","Basildon 013A","E07000066","Basildon",930,0,0,0,0
"E01021290","Basildon 016D","E07000066","Basildon",2824,0,0,0,0
"E01021302","Basildon 013B","E07000066","Basildon",1162,0,0,0,0
"E01021304","Basildon 013C","E07000066","Basildon",2050,0,0,0,0
"E01021306","Basildon 013E","E07000066","Basildon",2473,0,0,0,0
"E01021323","Basildon 019B","E07000066","Basildon",2708,0,0,0,0
"E01021324","Basildon 019C","E07000066","Basildon",2642,0,0,0,0
"E01021325","Basildon 019D","E07000066","Basildon",2017,0,0,0,0
"E01021507","Castle Point 010E","E07000069","Castle Point",2041,0,0,0,0
"E01021696","Colchester 008A","E07000071","Colchester",955,0,0,0,0
"E01021700","Colchester 008E","E07000071","Colchester",1335,0,0,0,0
"E01021968","Tendring 017A","E07000076","Tendring",1898,0,0,0,0
"E01021970","Tendring 016A","E07000076","Tendring",355,0,0,0,0
"E01021988","Tendring 018A","E07000076","Tendring",1,0,0,0,0
"E01021990","Tendring 018C","E07000076","Tendring",948,0,0,0,0
"E01021997","Tendring 001A","E07000076","Tendring",759,0,0,0,0
"E01022001","Tendring 001D","E07000076","Tendring",1709,0,0,0,0
"E01022025","Tendring 016B","E07000076","Tendring",11,0,0,0,0
"E01022026","Tendring 016C","E07000076","Tendring",176,0,0,0,0
"E01022027","Tendring 016D","E07000076","Tendring",1349,0,0,0,0
"E01022030","Tendring 015C","E07000076","Tendring",670,0,0,0,0
"E01022031","Tendring 015D","E07000076","Tendring",29,0,0,0,0
"E01022032","Tendring 015E","E07000076","Tendring",1774,0,0,0,0
"E01022042","Tendring 014A","E07000076","Tendring",866,0,0,0,0
"E01022043","Tendring 014B","E07000076","Tendring",1426,0,0,0,0
"E01022045","Tendring 018D","E07000076","Tendring",924,0,0,0,0
"E01022056","Tendring 006E","E07000076","Tendring",2925,0,0,0,0
"E01022147","Cheltenham 005C","E07000078","Cheltenham",1561,0,0,0,0
"E01022152","Cheltenham 004C","E07000078","Cheltenham",2298,0,0,0,0
"E01022289","Gloucester 005B","E07000081","Gloucester",2814,0,0,0,0
"E01022291","Gloucester 005D","E07000081","Gloucester",2608,0,0,0,0
"E01022311","Gloucester 002C","E07000081","Gloucester",2113,0,0,0,0
"E01022319","Gloucester 011A","E07000081","Gloucester",344,0,0,0,0
"E01022329","Gloucester 008E","E07000081","Gloucester",2963,0,0,0,0
"E01022333","Gloucester 009E","E07000081","Gloucester",1003,0,0,0,0
"E01022346","Gloucester 012D","E07000081","Gloucester",2551,0,0,0,0
"E01022818","Gosport 005D","E07000088","Gosport",2636,0,0,0,0
"E01022833","Gosport 008C","E07000088","Gosport",1945,0,0,0,0
"E01022843","Gosport 008D","E07000088","Gosport",1761,0,0,0,0
"E01022903","Havant 008A","E07000090","Havant",2899,0,0,0,0
"E01022905","Havant 010C","E07000090","Havant",887,0,0,0,0
"E01022915","Havant 009C","E07000090","Havant",1294,0,0,0,0
"E01022917","Havant 009E","E07000090","Havant",3015,0,0,0,0
"E01022933","Havant 019B","E07000090","Havant",1263,0,0,0,0
"E01022967","Havant 006D","E07000090","Havant",411,0,0,0,0
"E01023029","New Forest 013A","E07000091","New Forest",2828,0,0,0,0
"E01023536","Hertsmere 006C","E07000098","Hertsmere",2525,0,0,0,0
"E01024020","Ashford 008C","E07000105","Ashford",1442,0,0,0,0
"E01024028","Ashford 007F","E07000105","Ashford",2550,0,0,0,0
"E01024049","Canterbury 014B","E07000106","Canterbury",1829,0,0,0,0
"E01024091","Canterbury 011A","E07000106","Canterbury",1816,0,0,0,0
"E01024128","Canterbury 019A","E07000106","Canterbury",2802,0,0,0,0
"E01024193","Dover 011A","E07000108","Dover",2575,0,0,0,0
"E01024196","Dover 011D","E07000108","Dover",1163,0,0,0,0
"E01024214","Dover 013A","E07000108","Dover",2673,0,0,0,0
"E01024215","Dover 013B","E07000108","Dover",714,0,0,0,0
"E01024240","Dover 011F","E07000108","Dover",1895,0,0,0,0
"E01024247","Dover 012D","E07000108","Dover",2674,0,0,0,0
"E01024249","Dover 013E","E07000108","Dover",2635,0,0,0,0
"E01024257","Gravesham 002A","E07000109","Gravesham",2333,0,0,0,0
"E01024278","Gravesham 001C","E07000109","Gravesham",1201,0,0,0,0
"E01024295","Gravesham 002E","E07000109","Gravesham",1706,0,0,0,0
"E01024308","Gravesham 007A","E07000109","Gravesham",2520,0,0,0,0
"E01024498","Folkestone and Hythe 003C","E07000112","Folkestone and Hythe",1287,0,0,0,0
"E01024504","Folkestone and Hythe 014A","E07000112","Folkestone and Hythe",306,0,0,0,0
"E01024507","Folkestone and Hythe 014B","E07000112","Folkestone and Hythe",1198,0,0,0,0
"E01024563","Swale 015D","E07000113","Swale",2040,0,0,0,0
"E01024580","Swale 006A","E07000113","Swale",896,0,0,0,0
"E01024584","Swale 010B","E07000113","Swale",2354,0,0,0,0
"E01024590","Swale 010C","E07000113","Swale",554,0,0,0,0
"E01024609","Swale 001A","E07000113","Swale",95,0,0,0,0
"E01024610","Swale 001B","E07000113","Swale",1069,0,0,0,0
"E01024611","Swale 001C","E07000113","Swale",1344,0,0,0,0
"E01024612","Swale 001D","E07000113","Swale",2595,0,0,0,0
"E01024613","Swale 002A","E07000113","Swale",682,0,0,0,0
"E01024614","Swale 002B","E07000113","Swale",662,0,0,0,0
"E01024615","Swale 002C","E07000113","Swale",479,0,0,0,0
"E01024621","Swale 004E","E07000113","Swale",2512,0,0,0,0
"E01024657","Thanet 001A","E07000114","Thanet",87,0,0,0,0
"E01024658","Thanet 001B","E07000114","Thanet",505,0,0,0,0
"E01024660","Thanet 001D","E07000114","Thanet",1585,0,0,0,0
"E01024663","Thanet 006D","E07000114","Thanet",55,0,0,0,0
"E01024666","Thanet 006E","E07000114","Thanet",519,0,0,0,0
"E01024667","Thanet 016D","E07000114","Thanet",48,0,0,0,0
"E01024676","Thanet 003A","E07000114","Thanet",49,0,0,0,0
"E01024682","Thanet 013A","E07000114","Thanet",1062,0,0,0,0
"E01024683","Thanet 013B","E07000114","Thanet",139,0,0,0,0
"E01024687","Thanet 013E","E07000114","Thanet",1086,0,0,0,0
"E01024697","Thanet 003D","E07000114","Thanet",2500,0,0,0,0
"E01024855","Burnley 007A","E07000117","Burnley",331,0,0,0,0
"E01024856","Burnley 003A","E07000117","Burnley",1336,0,0,0,0
"E01024857","Burnley 007B","E07000117","Burnley",2810,0,0,0,0
"E01024858","Burnley 007C","E07000117","Burnley",116,0,0,0,0
"E01024865","Burnley 008B","E07000117","Burnley",2164,0,0,0,0
"E01024872","Burnley 010A","E07000117","Burnley",1203,0,0,0,0
"E01024875","Burnley 003B","E07000117","Burnley",1799,0,0,0,0
"E01024876","Burnley 003C","E07000117","Burnley",1769,0,0,0,0
"E01024877","Burnley 003D","E07000117","Burnley",436,0,0,0,0
"E01024878","Burnley 003E","E07000117","Burnley",1998,0,0,0,0
"E01024882","Burnley 006B","E07000117","Burnley",2277,0,0,0,0
"E01024885","Burnley 004C","E07000117","Burnley",1728,0,0,0,0
"E01024890","Burnley 004F","E07000117","Burnley",2518,0,0,0,0
"E01024895","Burnley 003F","E07000117","Burnley",917,0,0,0,0
"E01024898","Burnley 002D","E07000117","Burnley",1547,0,0,0,0
"E01024899","Burnley 010B","E07000117","Burnley",1193,0,0,0,0
"E01024900","Burnley 010C","E07000117","Burnley",780,0,0,0,0
"E01024906","Burnley 014B","E07000117","Burnley",303,0,0,0,0
"E01024907","Burnley 010D","E07000117","Burnley",392,0,0,0,0
"E01024908","Burnley 010E","E07000117","Burnley",768,0,0,0,0
"E01024909","Burnley 010F","E07000117","Burnley",772,0,0,0,0
"E01024910","Burnley 014C","E07000117","Burnley",2743,0,0,0,0
"E01024940","Chorley 010D","E07000118","Chorley",1917,0,0,0,0
"E01024953","Chorley 001C","E07000118","Chorley",2235,0,0,0,0
"E01024987","Fylde 006D","E07000119","Fylde",1708,0,0,0,0
"E01025036","Hyndburn 008B","E07000120","Hyndburn",327,0,0,0,0
"E01025041","Hyndburn 006A","E07000120","Hyndburn",419,0,0,0,0
"E01025042","Hyndburn 006B","E07000120","Hyndburn",733,0,0,0,0
"E01025045","Hyndburn 005B","E07000120","Hyndburn",569,0,0,0,0
"E01025046","Hyndburn 005C","E07000120","Hyndburn",2154,0,0,0,0
"E01025049","Hyndburn 002E","E07000120","Hyndburn",1327,0,0,0,0
"E01025060","Hyndburn 001A","E07000120","Hyndburn",2524,0,0,0,0
"E01025062","Hyndburn 001C","E07000120","Hyndburn",1792,0,0,0,0
"E01025067","Hyndburn 004F","E07000120","Hyndburn",1390,0,0,0,0
"E01025068","Hyndburn 004G","E07000120","Hyndburn",952,0,0,0,0
"E01025070","Hyndburn 003A","E07000120","Hyndburn",2872,0,0,0,0
"E01025082","Hyndburn 006E","E07000120","Hyndburn",1577,0,0,0,0
"E01025083","Hyndburn 006F","E07000120","Hyndburn",916,0,0,0,0
"E01025084","Hyndburn 006G","E07000120","Hyndburn",1044,0,0,0,0
"E01025110","Lancaster 009A","E07000121","Lancaster",457,0,0,0,0
"E01025112","Lancaster 006A","E07000121","Lancaster",1521,0,0,0,0
"E01025117","Lancaster 009C","E07000121","Lancaster",129,0,0,0,0
"E01025120","Lancaster 009D","E07000121","Lancaster",2789,0,0,0,0
"E01025136","Lancaster 006B","E07000121","Lancaster",347,0,0,0,0
"E01025139","Lancaster 006D","E07000121","Lancaster",155,0,0,0,0
"E01025154","Lancaster 011E","E07000121","Lancaster",683,0,0,0,0
"E01025156","Lancaster 020H","E07000121","Lancaster",340,0,0,0,0
"E01025171","Lancaster 010B","E07000121","Lancaster",377,0,0,0,0
"E01025181","Pendle 009A","E07000122","Pendle",1200,0,0,0,0
"E01025182","Pendle 009B","E07000122","Pendle",1430,0,0,0,0
"E01025183","Pendle 009C","E07000122","Pendle",1702,0,0,0,0
"E01025184","Pendle 009D","E07000122","Pendle",1554,0,0,0,0
"E01025185","Pendle 013A","E07000122","Pendle",1912,0,0,0,0
"E01025186","Pendle 013B","E07000122","Pendle",2633,0,0,0,0
"E01025188","Pendle 010A","E07000122","Pendle",1389,0,0,0,0
"E01025189","Pendle 010B","E07000122","Pendle",1720,0,0,0,0
"E01025205","Pendle 014E","E07000122","Pendle",2634,0,0,0,0
"E01025207","Pendle 014G","E07000122","Pendle",1503,0,0,0,0
"E01025215","Pendle 013F","E07000122","Pendle",1726,0,0,0,0
"E01025217","Pendle 010D","E07000122","Pendle",1265,0,0,0,0
"E01025218","Pendle 010E","E07000122","Pendle",449,0,0,0,0
"E01025219","Pendle 010F","E07000122","Pendle",368,0,0,0,0
"E01025220","Pendle 014C","E07000122","Pendle",1768,0,0,0,0
"E01025224","Pendle 011A","E07000122","Pendle",1505,0,0,0,0
"E01025226","Pendle 007A","E07000122","Pendle",1731,0,0,0,0
"E01025227","Pendle 007B","E07000122","Pendle",992,0,0,0,0
"E01025229","Pendle 011C","E07000122","Pendle",2294,0,0,0,0
"E01025230","Pendle 011D","E07000122","Pendle",1238,0,0,0,0
"E01025238","Preston 007D","E07000123","Preston",2492,0,0,0,0
"E01025248","Preston 016B","E07000123","Preston",824,0,0,0,0
"E01025250","Preston 016D","E07000123","Preston",2426,0,0,0,0
"E01025260","Preston 005A","E07000123","Preston",2065,0,0,0,0
"E01025275","Preston 011C","E07000123","Preston",2418,0,0,0,0
"E01025283","Preston 009B","E07000123","Preston",1384,0,0,0,0
"E01025286","Preston 009E","E07000123","Preston",935,0,0,0,0
"E01025287","Preston 009F","E07000123","Preston",1061,0,0,0,0
"E01025293","Preston 015C","E07000123","Preston",1539,0,0,0,0
"E01025295","Preston 014A","E07000123","Preston",2126,0,0,0,0
"E01025296","Preston 014B","E07000123","Preston",1929,0,0,0,0
"E01025297","Preston 014C","E07000123","Preston",1217,0,0,0,0
"E01025298","Preston 014D","E07000123","Preston",1820,0,0,0,0
"E01025369","Rossendale 003C","E07000125","Rossendale",2801,0,0,0,0
"E01025382","Rossendale 003E","E07000125","Rossendale",2337,0,0,0,0
"E01025389","Rossendale 010H","E07000125","Rossendale",2644,0,0,0,0
"E01025396","Rossendale 002E","E07000125","Rossendale",1170,0,0,0,0
"E01025423","South Ribble 015B","E07000126","South Ribble",1443,0,0,0,0
"E01025447","South Ribble 017B","E07000126","South Ribble",1120,0,0,0,0
"E01025482","West Lancashire 010D","E07000127","West Lancashire",1269,0,0,0,0
"E01025493","West Lancashire 014A","E07000127","West Lancashire",652,0,0,0,0
"E01025494","West Lancashire 014B","E07000127","West Lancashire",1219,0,0,0,0
"E01025504","West Lancashire 014D","E07000127","West Lancashire",1565,0,0,0,0
"E01025570","Wyre 008C","E07000128","Wyre",1478,0,0,0,0
"E01025574","Wyre 001B","E07000128","Wyre",330,0,0,0,0
"E01025579","Wyre 005D","E07000128","Wyre",1029,0,0,0,0
"E01025582","Wyre 001D","E07000128","Wyre",118,0,0,0,0
"E01025583","Wyre 001E","E07000128","Wyre",1348,0,0,0,0
"E01025584","Wyre 001F","E07000128","Wyre",35,0,0,0,0
"E01025590","Wyre 003A","E07000128","Wyre",724,0,0,0,0
"E01025592","Wyre 003C","E07000128","Wyre",518,0,0,0,0
"E01025606","Wyre 002B","E07000128","Wyre",1460,0,0,0,0
"E01025699","Charnwood 002A","E07000130","Charnwood",1701,0,0,0,0
"E01025725","Charnwood 003F","E07000130","Charnwood",1556,0,0,0,0
"E01025932","North West Leicestershire 009A","E07000134","North West Leicestershire",1293,0,0,0,0
"E01026010","Boston 002A","E07000136","Boston",2314,0,0,0,0
"E01026048","East Lindsey 010A","E07000137","East Lindsey",586,0,0,0,0
"E01026069","East Lindsey 010D","E07000137","East Lindsey",903,0,0,0,0
"E01026072","East Lindsey 005A","E07000137","East Lindsey",2058,0,0,0,0
"E01026073","East Lindsey 005B","E07000137","East Lindsey",1252,0,0,0,0
"E01026074","East Lindsey 005C","E07000137","East Lindsey",2153,0,0,0,0
"E01026083","East Lindsey 015A","E07000137","East Lindsey",128,0,0,0,0
"E01026092","East Lindsey 014A","E07000137","East Lindsey",1481,0,0,0,0
"E01026093","East Lindsey 014B","E07000137","East Lindsey",324,0,0,0,0
"E01026094","East Lindsey 015B","E07000137","East Lindsey",2090,0,0,0,0
"E01026112","East Lindsey 017D","E07000137","East Lindsey",577,0,0,0,0
"E01026114","East Lindsey 014D","E07000137","East Lindsey",1786,0,0,0,0
"E01026115","East Lindsey 012C","E07000137","East Lindsey",2478,0,0,0,0
"E01026126","Lincoln 004D","E07000138","Lincoln",744,0,0,0,0
"E01026127","Lincoln 007A","E07000138","Lincoln",2582,0,0,0,0
"E01026129","Lincoln 007C","E07000138","Lincoln",291,0,0,0,0
"E01026150","Lincoln 001B","E07000138","Lincoln",1446,0,0,0,0
"E01026152","Lincoln 004E","E07000138","Lincoln",293,0,0,0,0
"E01026168","Lincoln 001D","E07000138","Lincoln",878,0,0,0,0
"E01026173","Lincoln 010D","E07000138","Lincoln",91,0,0,0,0
"E01026308","South Kesteven 005A","E07000141","South Kesteven",839,0,0,0,0
"E01026312","South Kesteven 005E","E07000141","South Kesteven",2033,0,0,0,0
"E01026374","West Lindsey 006A","E07000142","West Lindsey",393,0,0,0,0
"E01026376","West Lindsey 006C","E07000142","West Lindsey",2293,0,0,0,0
"E01026378","West Lindsey 004A","E07000142","West Lindsey",1930,0,0,0,0
"E01026383","West Lindsey 004E","E07000142","West Lindsey",26,0,0,0,0
"E01026384","West Lindsey 004F","E07000142","West Lindsey",2001,0,0,0,0
"E01026467","Breckland 015C","E07000143","Breckland",1835,0,0,0,0
"E01026595","Great Yarmouth 005A","E07000145","Great Yarmouth",673,0,0,0,0
"E01026597","Great Yarmouth 005C","E07000145","Great Yarmouth",51,0,0,0,0
"E01026598","Great Yarmouth 005D","E07000145","Great Yarmouth",352,0,0,0,0
"E01026603","Great Yarmouth 009C","E07000145","Great Yarmouth",1083,0,0,0,0
"E01026604","Great Yarmouth 009D","E07000145","Great Yarmouth",1023,0,0,0,0
"E01026620","Great Yarmouth 011D","E07000145","Great Yarmouth",2808,0,0,0,0
"E01026622","Great Yarmouth 006A","E07000145","Great Yarmouth",250,0,0,0,0
"E01026623","Great Yarmouth 006B","E07000145","Great Yarmouth",406,0,0,0,0
"E01026624","Great Yarmouth 006C","E07000145","Great Yarmouth",56,0,0,0,0
"E01026625","Great Yarmouth 006D","E07000145","Great Yarmouth",37,0,0,0,0
"E01026626","Great Yarmouth 006E","E07000145","Great Yarmouth",478,0,0,0,0
"E01026635","Great Yarmouth 007D","E07000145","Great Yarmouth",1361,0,0,0,0
"E01026641","Great Yarmouth 004D","E07000145","Great Yarmouth",1216,0,0,0,0
"E01026687","King's Lynn and West Norfolk 007A","E07000146","King's Lynn and West Norfolk",2297,0,0,0,0
"E01026699","King's Lynn and West Norfolk 011B","E07000146","King's Lynn and West Norfolk",2640,0,0,0,0
"E01026700","King's Lynn and West Norfolk 011C","E07000146","King's Lynn and West Norfolk",2532,0,0,0,0
"E01026800","Norwich 001D","E07000148","Norwich",2502,0,0,0,0
"E01026808","Norwich 004F","E07000148","Norwich",1483,0,0,0,0
"E01026827","Norwich 016C","E07000148","Norwich",2096,0,0,0,0
"E01026833","Norwich 002F","E07000148","Norwich",1087,0,0,0,0
"E01026867","Norwich 006E","E07000148","Norwich",2385,0,0,0,0
"E01026869","Norwich 006G","E07000148","Norwich",2428,0,0,0,0
"E01026968","North Northamptonshire 007G","E06000061","North Northamptonshire",1264,0,0,0,0
"E01027127","North Northamptonshire 016D","E06000061","North Northamptonshire",1935,0,0,0,0
"E01027140","West Northamptonshire 026A","E06000062","West Northamptonshire",562,0,0,0,0
"E01027153","West Northamptonshire 032B","E06000062","West Northamptonshire",2088,0,0,0,0
"E01027244","West Northamptonshire 021E","E06000062","West Northamptonshire",2574,0,0,0,0
"E01027310","North Northamptonshire 033B","E06000061","North Northamptonshire",2028,0,0,0,0
"E01027318","North Northamptonshire 036B","E06000061","North Northamptonshire",2505,0,0,0,0
"E01027334","North Northamptonshire 028E","E06000061","North Northamptonshire",1961,0,0,0,0
"E01027363","Northumberland 006C","E06000057","Northumberland",2328,0,0,0,0
"E01027393","Northumberland 022B","E06000057","Northumberland",2652,0,0,0,0
"E01027415","Northumberland 023B","E06000057","Northumberland",546,0,0,0,0
"E01027416","Northumberland 022C","E06000057","Northumberland",63,0,0,0,0
"E01027424","Northumberland 022D","E06000057","Northumberland",1401,0,0,0,0
"E01027431","Northumberland 023C","E06000057","Northumberland",2112,0,0,0,0
"E01027451","Northumberland 008E","E06000057","Northumberland",1579,0,0,0,0
"E01027527","Northumberland 041C","E06000057","Northumberland",2408,0,0,0,0
"E01027528","Northumberland 010A","E06000057","Northumberland",1843,0,0,0,0
"E01027533","Northumberland 013A","E06000057","Northumberland",844,0,0,0,0
"E01027539","Northumberland 010C","E06000057","Northumberland",550,0,0,0,0
"E01027540","Northumberland 013B","E06000057","Northumberland",1529,0,0,0,0
"E01027542","Northumberland 009B","E06000057","Northumberland",926,0,0,0,0
"E01027545","Northumberland 010D","E06000057","Northumberland",523,0,0,0,0
"E01027546","Northumberland 010E","E06000057","Northumberland",748,0,0,0,0
"E01027740","Harrogate 013F","E06000065","North Yorkshire",2291,0,0,0,0
"E01027804","Scarborough 010A","E06000065","North Yorkshire",1015,0,0,0,0
"E01027805","Scarborough 006A","E06000065","North Yorkshire",1587,0,0,0,0
"E01027806","Scarborough 006B","E06000065","North Yorkshire",167,0,0,0,0
"E01027817","Scarborough 012A","E06000065","North Yorkshire",1510,0,0,0,0
"E01027819","Scarborough 012B","E06000065","North Yorkshire",1804,0,0,0,0
"E01027820","Scarborough 012C","E06000065","North Yorkshire",1374,0,0,0,0
"E01027847","Scarborough 006D","E06000065","North Yorkshire",659,0,0,0,0
"E01027874","Scarborough 007D","E06000065","North Yorkshire",462,0,0,0,0
"E01027939","Ashfield 016C","E07000170","Ashfield",2307,0,0,0,0
"E01027951","Ashfield 007B","E07000170","Ashfield",801,0,0,0,0
"E01027965","Ashfield 005B","E07000170","Ashfield",2895,0,0,0,0
"E01027966","Ashfield 003A","E07000170","Ashfield",2261,0,0,0,0
"E01027968","Ashfield 005C","E07000170","Ashfield",942,0,0,0,0
"E01027974","Ashfield 005D","E07000170","Ashfield",420,0,0,0,0
"E01027978","Ashfield 004D","E07000170","Ashfield",1354,0,0,0,0
"E01028001","Bassetlaw 004A","E07000171","Bassetlaw",990,0,0,0,0
"E01028065","Bassetlaw 012B","E07000171","Bassetlaw",722,0,0,0,0
"E01028066","Bassetlaw 012C","E07000171","Bassetlaw",1887,0,0,0,0
"E01028068","Bassetlaw 012D","E07000171","Bassetlaw",1951,0,0,0,0
"E01028173","Gedling 005A","E07000173","Gedling",2027,0,0,0,0
"E01028226","Mansfield 002C","E07000174","Mansfield",1666,0,0,0,0
"E01028247","Mansfield 008C","E07000174","Mansfield",1958,0,0,0,0
"E01028256","Mansfield 012B","E07000174","Mansfield",1021,0,0,0,0
"E01028261","Mansfield 012C","E07000174","Mansfield",2138,0,0,0,0
"E01028263","Mansfield 012D","E07000174","Mansfield",119,0,0,0,0
"E01028275","Mansfield 009D","E07000174","Mansfield",2404,0,0,0,0
"E01028276","Mansfield 009E","E07000174","Mansfield",47,0,0,0,0
"E01028281","Mansfield 004D","E07000174","Mansfield",2143,0,0,0,0
"E01028301","Newark and Sherwood 001A","E07000175","Newark and Sherwood",1909,0,0,0,0
"E01028311","Newark and Sherwood 007G","E07000175","Newark and Sherwood",2249,0,0,0,0
"E01028320","Newark and Sherwood 010E","E07000175","Newark and Sherwood",1662,0,0,0,0
"E01028957","Shropshire 015D","E06000051","Shropshire",1897,0,0,0,0
"E01029106","Sedgemoor 008C","E06000066","Somerset",1372,0,0,0,0
"E01029132","Sedgemoor 005C","E06000066","Somerset",1043,0,0,0,0
"E01029247","South Somerset 013C","E06000066","Somerset",2347,0,0,0,0
"E01029292","Somerset West and Taunton 014D","E06000066","Somerset",1656,0,0,0,0
"E01029293","Somerset West and Taunton 014E","E06000066","Somerset",1092,0,0,0,0
"E01029358","Cannock Chase 007E","E07000192","Cannock Chase",1875,0,0,0,0
"E01029427","East Staffordshire 008B","E07000193","East Staffordshire",2768,0,0,0,0
"E01029453","East Staffordshire 014E","E07000193","East Staffordshire",2953,0,0,0,0
"E01029468","East Staffordshire 010A","E07000193","East Staffordshire",2369,0,0,0,0
"E01029548","Newcastle-under-Lyme 007B","E07000195","Newcastle-under-Lyme",2818,0,0,0,0
"E01029566","Newcastle-under-Lyme 010C","E07000195","Newcastle-under-Lyme",2220,0,0,0,0
"E01029828","Tamworth 006D","E07000199","Tamworth",3041,0,0,0,0
"E01029840","Tamworth 007A","E07000199","Tamworth",3045,0,0,0,0
"E01029842","Tamworth 007B","E07000199","Tamworth",2480,0,0,0,0
"E01029845","Tamworth 007D","E07000199","Tamworth",308,0,0,0,0
"E01029859","Tamworth 007E","E07000199","Tamworth",3029,0,0,0,0
"E01029980","Ipswich 016C","E07000202","Ipswich",2936,0,0,0,0
"E01029994","Ipswich 014B","E07000202","Ipswich",2000,0,0,0,0
"E01030012","Ipswich 013A","E07000202","Ipswich",2300,0,0,0,0
"E01030018","Ipswich 015B","E07000202","Ipswich",1787,0,0,0,0
"E01030021","Ipswich 015E","E07000202","Ipswich",1465,0,0,0,0
"E01030024","Ipswich 006C","E07000202","Ipswich",1477,0,0,0,0
"E01030031","Ipswich 003E","E07000202","Ipswich",2155,0,0,0,0
"E01030079","Mid Suffolk 008C","E07000203","Mid Suffolk",2930,0,0,0,0
"E01030246","East Suffolk 004A","E07000244","East Suffolk",2543,0,0,0,0
"E01030247","East Suffolk 006A","E07000244","East Suffolk",219,0,0,0,0
"E01030249","East Suffolk 004C","E07000244","East Suffolk",2305,0,0,0,0
"E01030250","East Suffolk 004D","E07000244","East Suffolk",180,0,0,0,0
"E01030258","East Suffolk 006D","E07000244","East Suffolk",333,0,0,0,0
"E01030261","East Suffolk 002A","E07000244","East Suffolk",612,0,0,0,0
"E01030277","East Suffolk 002C","E07000244","East Suffolk",805,0,0,0,0
"E01030279","East Suffolk 002D","E07000244","East Suffolk",995,0,0,0,0
"E01030291","East Suffolk 009E","E07000244","East Suffolk",2217,0,0,0,0
"E01031015","North Warwickshire 003G","E07000218","North Warwickshire",1010,0,0,0,0
"E01031043","Nuneaton and Bedworth 005A","E07000219","Nuneaton and Bedworth",2021,0,0,0,0
"E01031057","Nuneaton and Bedworth 006A","E07000219","Nuneaton and Bedworth",619,0,0,0,0
"E01031090","Nuneaton and Bedworth 007A","E07000219","Nuneaton and Bedworth",769,0,0,0,0
"E01031116","Nuneaton and Bedworth 009B","E07000219","Nuneaton and Bedworth",2968,0,0,0,0
"E01031404","Arun 014A","E07000224","Arun",2313,0,0,0,0
"E01031427","Arun 004A","E07000224","Arun",2258,0,0,0,0
"E01031429","Arun 004B","E07000224","Arun",2030,0,0,0,0
"E01031436","Arun 017D","E07000224","Arun",1599,0,0,0,0
"E01031558","Crawley 013D","E07000226","Crawley",2719,0,0,0,0
"E01032096","Wiltshire 033A","E06000054","Wiltshire",2440,0,0,0,0
"E01032204","Malvern Hills 007D","E07000235","Malvern Hills",1512,0,0,0,0
"E01032232","Redditch 003A","E07000236","Redditch",2388,0,0,0,0
"E01032245","Redditch 002D","E07000236","Redditch",2546,0,0,0,0
"E01032252","Redditch 010C","E07000236","Redditch",1697,0,0,0,0
"E01032278","Redditch 005D","E07000236","Redditch",2962,0,0,0,0
"E01032302","Worcester 005B","E07000237","Worcester",2702,0,0,0,0
"E01032303","Worcester 002A","E07000237","Worcester",2909,0,0,0,0
"E01032313","Worcester 005E","E07000237","Worcester",2227,0,0,0,0
"E01032318","Worcester 009A","E07000237","Worcester",2718,0,0,0,0
"E01032332","Worcester 002D","E07000237","Worcester",30,0,0,0,0
"E01032333","Worcester 005F","E07000237","Worcester",2344,0,0,0,0
"E01032424","Wyre Forest 014B","E07000239","Wyre Forest",1760,0,0,0,0
"E01032434","Wyre Forest 004A","E07000239","Wyre Forest",2250,0,0,0,0
"E01032471","Wyre Forest 009C","E07000239","Wyre Forest",97,0,0,0,0
"E01032500","Leeds 067H","E08000035","Leeds",1597,0,0,0,0
"E01032508","Liverpool 027G","E08000012","Liverpool",2161,0,0,0,0
"E01032509","Liverpool 027H","E08000012","Liverpool",1075,0,0,0,0
"E01032512","Westminster 010F","E09000033","Westminster",1388,0,0,0,0
"E01032514","Bristol 053E","E06000023","Bristol, City of",211,0,0,0,0
"E01032515","Bristol 053F","E06000023","Bristol, City of",627,0,0,0,0
"E01032543","Stockton-on-Tees 009G","E06000004","Stockton-on-Tees",529,0,0,0,0
"E01032557","Oldham 026F","E08000004","Oldham",199,0,0,0,0
"E01032558","Oldham 007E","E08000004","Oldham",1055,0,0,0,0
"E01032561","Redcar and Cleveland 003F","E06000003","Redcar and Cleveland",900,0,0,0,0
"E01032575","Haringey 037D","E09000014","Haringey",2924,0,0,0,0
"E01032595","Kingston upon Hull 033E","E06000010","Kingston upon Hull, City of",2750,0,0,0,0
"E01032597","Leicester 037F","E06000016","Leicester",1637,0,0,0,0
"E01032659","Bournemouth, Christchurch and Poole 044C","E06000058","Bournemouth, Christchurch and Poole",2309,0,0,0,0
"E01032755","Southampton 033A","E06000045","Southampton",247,0,0,0,0
"E01032878","Gosport 008F","E07000088","Gosport",1943,0,0,0,0
"E01032879","Gosport 008G","E07000088","Gosport",2407,0,0,0,0
"E01032888","Walsall 018F","E08000030","Walsall",1045,0,0,0,0
"E01032898","East Staffordshire 011H","E07000193","East Staffordshire",2098,0,0,0,0
"E01032937","Gloucester 004F","E07000081","Gloucester",778,0,0,0,0
"E01032979","West Northamptonshire 032E","E06000062","West Northamptonshire",2631,0,0,0,0
"E01033035","Leeds 064F","E08000035","Leeds",1856,0,0,0,0
"E01033086","Haringey 020F","E09000014","Haringey",2939,0,0,0,0
"E01033094","Sefton 004F","E08000014","Sefton",1663,0,0,0,0
"E01033112","Fenland 003I","E07000010","Fenland",834,0,0,0,0
"E01033122","Ipswich 012F","E07000202","Ipswich",2552,0,0,0,0
"E01033129","Ipswich 007H","E07000202","Ipswich",2191,0,0,0,0
"E01033130","Ipswich 012G","E07000202","Ipswich",1790,0,0,0,0
"E01033151","Enfield 025G","E09000010","Enfield",2624,0,0,0,0
"E01033166","Derby 018F","E06000015","Derby",2433,0,0,0,0
"E01033167","Derby 018G","E06000015","Derby",1255,0,0,0,0
"E01033211","Dover 012F","E07000108","Dover",1789,0,0,0,0
"E01033212","Folkestone and Hythe 014C","E07000112","Folkestone and Hythe",2607,0,0,0,0
"E01033217","Bolton 016E","E08000001","Bolton",439,0,0,0,0
"E01033220","Bolton 016F","E08000001","Bolton",225,0,0,0,0
"E01033224","Preston 017G","E07000123","Preston",1901,0,0,0,0
"E01033228","Knowsley 008F","E08000011","Knowsley",1635,0,0,0,0
"E01033269","Sheffield 022G","E08000019","Sheffield",630,0,0,0,0
"E01033277","Sheffield 011E","E08000019","Sheffield",1682,0,0,0,0
"E01033330","Salford 033E","E08000006","Salford",1982,0,0,0,0
"E01033356","Bristol 056C","E06000023","Bristol, City of",1730,0,0,0,0
"E01033358","Bristol 054D","E06000023","Bristol, City of",1906,0,0,0,0
"E01033369","Bristol 056D","E06000023","Bristol, City of",2845,0,0,0,0
"E01033370","Bristol 054E","E06000023","Bristol, City of",1541,0,0,0,0
"E01033383","Portsmouth 027B","E06000044","Portsmouth",1882,0,0,0,0
"E01033396","Nottingham 026H","E06000018","Nottingham",2748,0,0,0,0
"E01033411","Nottingham 023I","E06000018","Nottingham",1775,0,0,0,0
"E01033437","Norwich 011H","E07000148","Norwich",3009,0,0,0,0
"E01033455","Brent 031G","E09000005","Brent",576,0,0,0,0
"E01033466","Hartlepool 003I","E06000001","Hartlepool",667,0,0,0,0
"E01033469","Middlesbrough 006E","E06000002","Middlesbrough",1618,0,0,0,0
"E01033470","Redcar and Cleveland 022G","E06000003","Redcar and Cleveland",205,0,0,0,0
"E01033471","Redcar and Cleveland 009F","E06000003","Redcar and Cleveland",408,0,0,0,0
"E01033485","Brent 031H","E09000005","Brent",2371,0,0,0,0
"E01033547","Newcastle upon Tyne 025E","E08000021","Newcastle upon Tyne",2601,0,0,0,0
"E01033598","Westminster 009F","E09000033","Westminster",2336,0,0,0,0
"E01033602","Westminster 009H","E09000033","Westminster",1874,0,0,0,0
"E01033604","Westminster 009J","E09000033","Westminster",2084,0,0,0,0
"E01033605","Westminster 009K","E09000033","Westminster",2826,0,0,0,0
"E01033627","Birmingham 137E","E08000025","Birmingham",2908,0,0,0,0
"E01033629","Birmingham 106F","E08000025","Birmingham",2424,0,0,0,0
"E01033638","Birmingham 049F","E08000025","Birmingham",629,0,0,0,0
"E01033642","Birmingham 063F","E08000025","Birmingham",2380,0,0,0,0
"E01033643","Birmingham 082F","E08000025","Birmingham",1356,0,0,0,0
"E01033646","Birmingham 031I","E08000025","Birmingham",907,0,0,0,0
"E01033648","Birmingham 084F","E08000025","Birmingham",902,0,0,0,0
"E01033649","Birmingham 058F","E08000025","Birmingham",755,0,0,0,0
"E01033650","Birmingham 077F","E08000025","Birmingham",1221,0,0,0,0
"E01033669","Manchester 015G","E08000003","Manchester",1333,0,0,0,0
"E01033676","Manchester 056D","E08000003","Manchester",608,0,0,0,0
"E01033678","Manchester 009F","E08000003","Manchester",599,0,0,0,0
"E01033679","Manchester 009G","E08000003","Manchester",208,0,0,0,0
"E01033687","Manchester 003G","E08000003","Manchester",1861,0,0,0,0
"E01033688","Manchester 062B","E08000003","Manchester",865,0,0,0,0
"E01033689","Bradford 020E","E08000032","Bradford",2403,0,0,0,0
"E01033691","Bradford 065B","E08000032","Bradford",583,0,0,0,0
"E01033692","Bradford 064D","E08000032","Bradford",320,0,0,0,0
"E01033693","Bradford 064A","E08000032","Bradford",923,0,0,0,0
"E01033697","Bradford 049J","E08000032","Bradford",1271,0,0,0,0
"E01033765","Liverpool 061D","E08000012","Liverpool",1885,0,0,0,0
"E01033767","Liverpool 050J","E08000012","Liverpool",2162,0,0,0,0
"E01033768","Liverpool 037F","E08000012","Liverpool",2325,0,0,0,0
"E01033794","St. Helens 013E","E08000013","St. Helens",1949,0,0,0,0
"E01033797","Sefton 004H","E08000014","Sefton",1745,0,0,0,0
"E01033798","Sefton 004I","E08000014","Sefton",1602,0,0,0,0
"E01033803","Luton 023A","E06000032","Luton",1464,0,0,0,0
"E01033804","Luton 023B","E06000032","Luton",2023,0,0,0,0
"E01033805","Luton 023C","E06000032","Luton",2263,0,0,0,0
"E01033806","Luton 021G","E06000032","Luton",1105,0,0,0,0
"E01033891","Sandwell 040C","E08000028","Sandwell",2776,0,0,0,0
"E01033894","Walsall 013F","E08000030","Walsall",1405,0,0,0,0
"E01033896","Walsall 030F","E08000030","Walsall",773,0,0,0,0
"E01033897","Walsall 030G","E08000030","Walsall",1677,0,0,0,0
"E01033899","Bradford 030F","E08000032","Bradford",875,0,0,0,0
"E01033933","Brent 010G","E09000005","Brent",1888,0,0,0,0
"E01033934","Brent 010H","E09000005","Brent",2019,0,0,0,0
"E01033947","Stockport 014E","E08000007","Stockport",2497,0,0,0,0
"E01033948","Stockport 014F","E08000007","Stockport",158,0,0,0,0
"E01033949","Tameside 013F","E08000008","Tameside",266,0,0,0,0
"E01033950","Tameside 013G","E08000008","Tameside",661,0,0,0,0
"E01033984","Salford 024E","E08000006","Salford",1854,0,0,0,0
"E01034053","Stoke-on-Trent 009G","E06000021","Stoke-on-Trent",855,0,0,0,0
"E01034069","Barrow-in-Furness 007G","E06000064","Westmorland and Furness",1610,0,0,0,0
"E01034096","Southend-on-Sea 010H","E06000033","Southend-on-Sea",798,0,0,0,0
"E01034111","Manchester 017G","E08000003","Manchester",649,0,0,0,0
"E01034113","Manchester 017I","E08000003","Manchester",2406,0,0,0,0
"E01034118","Manchester 019F","E08000003","Manchester",1669,0,0,0,0
"E01034120","Manchester 023F","E08000003","Manchester",921,0,0,0,0
"E01034123","Manchester 024F","E08000003","Manchester",1115,0,0,0,0
"E01034124","Manchester 025F","E08000003","Manchester",2259,0,0,0,0
"E01034125","Manchester 025G","E08000003","Manchester",1542,0,0,0,0
"E01034137","Manchester 063C","E08000003","Manchester",1078,0,0,0,0
"E01034138","Manchester 064B","E08000003","Manchester",493,0,0,0,0
"E01034232","Oldham 036A","E08000004","Oldham",1005,0,0,0,0
"E01034233","Oldham 036B","E08000004","Oldham",1222,0,0,0,0
"E01034234","Rochdale 008H","E08000005","Rochdale",2450,0,0,0,0
"E01034235","Rochdale 008I","E08000005","Rochdale",1842,0,0,0,0
"E01034237","Doncaster 019H","E08000017","Doncaster",2262,0,0,0,0
"E01034238","Doncaster 022G","E08000017","Doncaster",381,0,0,0,0
"E01034239","Doncaster 022H","E08000017","Doncaster",395,0,0,0,0
"E01034264","Wakefield 017E","E08000036","Wakefield",2169,0,0,0,0
"E01034265","Wakefield 017F","E08000036","Wakefield",785,0,0,0,0
"E01034275","Bournemouth, Christchurch and Poole 037F","E06000058","Bournemouth, Christchurch and Poole",1559,0,0,0,0
"E01034276","Bournemouth, Christchurch and Poole 037G","E06000058","Bournemouth, Christchurch and Poole",1773,0,0,0,0
"E01034306","Dudley 006H","E08000027","Dudley",1089,0,0,0,0
"E01034308","Dudley 011E","E08000027","Dudley",1864,0,0,0,0
"E01034309","Dudley 011F","E08000027","Dudley",1740,0,0,0,0
"E01034335","Hyndburn 006I","E07000120","Hyndburn",1825,0,0,0,0
"E01034399","Liverpool 022G","E08000012","Liverpool",727,0,0,0,0
"E01034400","Liverpool 022H","E08000012","Liverpool",701,0,0,0,0
"E01034401","Liverpool 035G","E08000012","Liverpool",1903,0,0,0,0
"E01034506","County Durham 053G","E06000047","County Durham",823,0,0,0,0
"E01034510","County Durham 057G","E06000047","County Durham",2468,0,0,0,0
"E01034514","Sunderland 005H","E08000024","Sunderland",556,0,0,0,0
"E01034517","Sunderland 021G","E08000024","Sunderland",1753,0,0,0,0
"E01034534","Wiltshire 031E","E06000054","Wiltshire",2187,0,0,0,0
"E01034582","Calderdale 008G","E08000033","Calderdale",931,0,0,0,0
"E01034669","Cheshire East 036F","E06000049","Cheshire East",1514,0,0,0,0
"E01034681","Boston 003E","E07000136","Boston",1528,0,0,0,0
"E01034736","Coventry 015H","E08000026","Coventry",1695,0,0,0,0
"E01034746","Coventry 035J","E08000026","Coventry",2219,0,0,0,0
"E01034748","Coventry 036I","E08000026","Coventry",1583,0,0,0,0
"E01034834","Knowsley 007F","E08000011","Knowsley",1299,0,0,0,0
"E01034836","Wirral 010G","E08000015","Wirral",871,0,0,0,0
"E01034837","Wirral 010H","E08000015","Wirral",2145,0,0,0,0
"E01034838","Wirral 016F","E08000015","Wirral",220,0,0,0,0
"E01034839","Wirral 016G","E08000015","Wirral",473,0,0,0,0
"E01034842","Sheffield 022I","E08000019","Sheffield",22,0,0,0,0
"E01034846","Sheffield 076H","E08000019","Sheffield",1739,0,0,0,0
"E01034915","Birmingham 023G","E08000025","Birmingham",613,0,0,0,0
"E01034917","Birmingham 035H","E08000025","Birmingham",2180,0,0,0,0
"E01034918","Birmingham 035I","E08000025","Birmingham",2589,0,0,0,0
"E01034919","Birmingham 037G","E08000025","Birmingham",1363,0,0,0,0
"E01034920","Birmingham 037H","E08000025","Birmingham",1689,0,0,0,0
"E01034921","Birmingham 039I","E08000025","Birmingham",1226,0,0,0,0
"E01034922","Birmingham 039J","E08000025","Birmingham",2489,0,0,0,0
"E01034923","Birmingham 041H","E08000025","Birmingham",963,0,0,0,0
"E01034924","Birmingham 041I","E08000025","Birmingham",2007,0,0,0,0
"E01034925","Birmingham 041J","E08000025","Birmingham",2558,0,0,0,0
"E01034926","Birmingham 041K","E08000025","Birmingham",877,0,0,0,0
"E01034927","Birmingham 043D","E08000025","Birmingham",1298,0,0,0,0
"E01034928","Birmingham 043E","E08000025","Birmingham",892,0,0,0,0
"E01034929","Birmingham 050G","E08000025","Birmingham",914,0,0,0,0
"E01034931","Birmingham 051F","E08000025","Birmingham",2499,0,0,0,0
"E01034932","Birmingham 051G","E08000025","Birmingham",1944,0,0,0,0
"E01034933","Birmingham 052G","E08000025","Birmingham",582,0,0,0,0
"E01034934","Birmingham 052H","E08000025","Birmingham",578,0,0,0,0
"E01034935","Birmingham 058G","E08000025","Birmingham",645,0,0,0,0
"E01034939","Birmingham 088G","E08000025","Birmingham",1800,0,0,0,0
"E01034943","Birmingham 125I","E08000025","Birmingham",802,0,0,0,0
"E01034952","Birmingham 142B","E08000025","Birmingham",1433,0,0,0,0
"E01034953","Birmingham 142C","E08000025","Birmingham",1639,0,0,0,0
"E01034954","Birmingham 143A","E08000025","Birmingham",2389,0,0,0,0
"E01034996","Maidstone 013I","E07000110","Maidstone",343,0,0,0,0
"E01035016","Nuneaton and Bedworth 002G","E07000219","Nuneaton and Bedworth",1047,0,0,0,0
"E01035187","Darlington 016H","E06000005","Darlington",484,0,0,0,0
"E01035188","Hartlepool 015C","E06000001","Hartlepool",132,0,0,0,0
"E01035189","Middlesbrough 001H","E06000002","Middlesbrough",224,0,0,0,0
"E01035190","Middlesbrough 001I","E06000002","Middlesbrough",729,0,0,0,0
"E01035192","Middlesbrough 001K","E06000002","Middlesbrough",2240,0,0,0,0
"E01035197","Stockton-on-Tees 025A","E06000004","Stockton-on-Tees",164,0,0,0,0
"E01035199","Stockton-on-Tees 025D","E06000004","Stockton-on-Tees",98,0,0,0,0
"E01035200","Stockton-on-Tees 026A","E06000004","Stockton-on-Tees",927,0,0,0,0
"E01035274","Dartford 001I","E07000107","Dartford",2179,0,0,0,0
"E01035316","Thanet 001F","E07000114","Thanet",897,0,0,0,0
"E01035317","Thanet 001G","E07000114","Thanet",638,0,0,0,0
"E01035368","Cheshire West and Chester 007I","E06000050","Cheshire West and Chester",312,0,0,0,0
"E01035414","North Northamptonshire 018G","E06000061","North Northamptonshire",2452,0,0,0,0
"E01035432","North Northamptonshire 032E","E06000061","North Northamptonshire",2679,0,0,0,0
"E01035464","Kingston upon Hull 017G","E06000010","Kingston upon Hull, City of",112,0,0,0,0
"E01035466","Kingston upon Hull 029H","E06000010","Kingston upon Hull, City of",506,0,0,0,0
"E01035468","Kingston upon Hull 031I","E06000010","Kingston upon Hull, City of",787,0,0,0,0
"E01035473","North East Lincolnshire 002E","E06000012","North East Lincolnshire",20,0,0,0,0
"E01035481","North Lincolnshire 015E","E06000013","North Lincolnshire",1296,0,0,0,0
"E01035540","Peterborough 013G","E06000031","Peterborough",2680,0,0,0,0
"E01035542","Peterborough 014F","E06000031","Peterborough",2521,0,0,0,0
"E01035610","Gateshead 008F","E08000037","Gateshead",2637,0,0,0,0
"E01035612","Gateshead 027F","E08000037","Gateshead",1359,0,0,0,0
"E01035618","Newcastle upon Tyne 038B","E08000021","Newcastle upon Tyne",958,0,0,0,0
"E01035619","Newcastle upon Tyne 038C","E08000021","Newcastle upon Tyne",212,0,0,0,0
"E01035622","Newcastle upon Tyne 040A","E08000021","Newcastle upon Tyne",70,0,0,0,0
"E01035623","Newcastle upon Tyne 040B","E08000021","Newcastle upon Tyne",973,0,0,0,0
"E01035685","Tower Hamlets 020F","E09000030","Tower Hamlets",2316,0,0,0,0
