"simulation","constant","Income","Employment","Education","Health","Crime","Barriers","Living environment","mean_absolute_rank_change"
1,25.2892442885786,0.203148201688714,0.241680147205484,0.167415698888032,0.108060667304354,0.105839920927234,0.0956541108077888,0.0782012531783938,271.004414160871
2,20.3631378943101,0.266799819166432,0.240493889087008,0.13049876580128,0.125367112102406,0.0775335997041436,0.0846097694626393,0.074697044676091,277.613272107839
3,17.230074047111,0.207027296185412,0.201561181328428,0.131508747698685,0.139847362875916,0.105616776224822,0.110293210587314,0.104145425099423,364.135505850991
4,24.9477571994066,0.255176857339647,0.198391087181521,0.133435444478149,0.14298314095163,0.0735929859370167,0.100342800979207,0.0960776831328301,156.674211227967
5,28.8624009629712,0.243712077973042,0.236812855764108,0.107213217072548,0.151026930553151,0.0936107056650839,0.0645298734381552,0.103094339533911,436.950851725683
6,21.135000907816,0.241087094646278,0.204643264785769,0.161690287033942,0.141741156218714,0.087746197478061,0.0727731446608739,0.0903188551763606,253.854362316702
7,15.5565132852644,0.214811897261378,0.204079012896626,0.155464738047578,0.136479534513793,0.0946677236462857,0.109659368726675,0.0848377249076638,291.482328543927
8,25.945403650403,0.235302675336048,0.214384507823702,0.130343686007863,0.144083260266245,0.113336670044904,0.0799608633958316,0.0825883371254066,276.882654421546
9,31.8357969541103,0.203502218146377,0.231458881546398,0.131638151515451,0.145172998840591,0.0864312195445753,0.0976844389003255,0.104112091506282,145.352214486741
10,15.7114443555474,0.239961385831297,0.241831426417484,0.13048756085968,0.150924132857121,0.0686882542200366,0.0981483003457713,0.0699589394686104,306.77908458007
11,16.2038217810914,0.233310207679026,0.239547712170207,0.114204700119651,0.144626017949007,0.0783649092292407,0.0949823344242029,0.0949641184286664,173.953369871129
12,26.0066717443988,0.212404755853368,0.237857185245264,0.12291141123157,0.117934094264203,0.0830674295462986,0.11355239636721,0.112272727492085,354.894030514025
13,25.5019516684115,0.25010898951221,0.182355952764033,0.125287551389777,0.149731068447694,0.108877674152371,0.107269117146194,0.0763696465877218,226.8299807436
14,31.8420851463452,0.235381425247934,0.223754240182401,0.119693005643457,0.136111799881704,0.0790263742085201,0.0949566609406781,0.111076493895305,201.533580210337
15,15.7497852528468,0.260873966277686,0.258071104346876,0.133975361083201,0.10372999412277,0.0809769311293398,0.0842285159831176,0.0781441270570104,254.232380388102
16,25.1739545958117,0.226969065947353,0.212447858060497,0.135380415882395,0.142265339116737,0.0922982258081531,0.118276976823165,0.0723621183617001,315.766967856612
17,29.3883495451882,0.239986519002939,0.203918342645557,0.129322635539067,0.136026657109776,0.0832937831670781,0.100983198196252,0.106468864339331,169.789305288104
18,30.1221976196393,0.277109415182914,0.209171113442908,0.129994994143611,0.112319413808438,0.0823409052361837,0.0973203769455424,0.0917437812404026,246.338557250773
19,19.5381815824658,0.230854850519326,0.220982147465598,0.115161707397238,0.165645526569084,0.0869364315749286,0.106375429676767,0.0740439067970572,248.557132276694
20,25.5066003417596,0.244662365169965,0.17575898302382,0.139141611007109,0.147379129034572,0.106536606058123,0.0835869515718257,0.102934354134586,209.004532661829
21,21.9041680684313,0.203086042838,0.242793566671556,0.12235365345834,0.161593711054922,0.0956764877742979,0.081878088681482,0.0926184495214025,233.977899570433
22,16.7004047613591,0.207590958458072,0.229067281528038,0.157994595976889,0.125204982599487,0.0806111938145663,0.0886085044056205,0.110922483217328,249.95491038366
23,28.3756130654365,0.258887187661771,0.227478935620066,0.150702580076183,0.101601242683747,0.0711784515482786,0.0932855336902794,0.0968660687196753,248.349874092724
24,21.2909875204787,0.217252853750045,0.25403881200623,0.121912996716908,0.122463132788251,0.088060401202707,0.108104245664581,0.0881675578712782,211.738883128421
25,18.1829999154434,0.24215776175012,0.203122937293907,0.147333000042379,0.0987182514972334,0.103413400587082,0.102721343456966,0.102533305372312,339.046067249296
26,32.9820256400853,0.269642048978452,0.208271101949121,0.114063242691256,0.122897159022312,0.0736035322143666,0.0989191986891059,0.112603716455386,281.717375203687
27,19.2683640867472,0.232944750486795,0.220526772564725,0.127886244739066,0.150324554828628,0.0848120354009201,0.08881902608008,0.0946866158997855,103.569604503037
28,15.7711590267718,0.265682006114677,0.216412014521116,0.121837297748468,0.140021319108907,0.0840387801751653,0.0921050810433068,0.0799035012883609,169.3408976448
29,17.6330191502348,0.180911774820517,0.215714333049923,0.141792447827867,0.166062484647762,0.0962369950401307,0.104676957751631,0.0946050068621687,270.598370611751
30,21.0836542630568,0.189593396184528,0.236179190295728,0.131497622161899,0.137320168141068,0.120416864920997,0.0975278872986257,0.087464870997154,162.282565545846
31,24.9699475057423,0.257004217009502,0.182084857689674,0.144392699245148,0.151285313319808,0.0823865094421815,0.0863571637698154,0.09648923952387,141.275840616207
32,33.0184726137668,0.268059909614664,0.167927448971245,0.124732236470559,0.140951737884718,0.0898793986313576,0.108829907410175,0.0996193610172821,251.069648940902
33,32.9047373309731,0.18618015786852,0.227638333750706,0.13985449878639,0.158484318300287,0.106105245452163,0.0842008875165315,0.0975365583254034,305.896430158492
34,15.6842567119747,0.212196140434246,0.243848543490472,0.140664153518803,0.130077709889637,0.0937940561225716,0.084122467887636,0.0952969286566334,127.922618871277
35,23.3921692753211,0.265920372966283,0.212283700975263,0.137691312491106,0.113359507875258,0.0883391287750323,0.0889038021092117,0.093502174807846,154.408709820767
36,23.6034229910001,0.255942810332443,0.214986928687414,0.108244085889181,0.134724182118073,0.0883882696062349,0.0941300410474696,0.103583682319184,196.284046807875
37,20.1917042117566,0.207990275848775,0.251328493833853,0.112223543651551,0.145145854732203,0.099502415810819,0.108960893074793,0.0748485230480057,236.026366464223
38,16.0701333731413,0.236044180968352,0.238592611528233,0.140267972450473,0.138836735337485,0.0710608357364567,0.0913395819077124,0.0838580820712877,183.496193156568
39,26.7598895309493,0.252904197554574,0.235265583341621,0.131378922331417,0.145881844118533,0.0669580660597864,0.0847794827113294,0.0828319038827389,291.00002962523
40,16.7699675634503,0.256966118632972,0.199557796111681,0.102431093857102,0.152723698546369,0.0879630657357691,0.091539511690098,0.108818715426008,314.974077914388
41,31.7497717775404,0.217590299314264,0.242678047432408,0.145571147721104,0.114169508875954,0.102009069646592,0.0779749634785146,0.100006963531163,274.777070063672
42,32.6452084397897,0.185687698075022,0.217932070878952,0.169431944974773,0.139541456642856,0.0746709493144572,0.108525005355633,0.104210874758308,259.4403199526
43,26.1907153110951,0.239806095088811,0.238894683579376,0.148497606677517,0.109025778012344,0.0836361509899664,0.0976166696462801,0.0825230160057055,238.512694415646
44,32.588053168729,0.250893402791397,0.204953796636661,0.114187081554728,0.125647527895893,0.108547126014267,0.109452770298998,0.0863182948080576,257.340838394316
45,28.8701782794669,0.250180003976203,0.241832597101666,0.106122185603825,0.109635104447763,0.0916790763048532,0.101944724398093,0.0986063081675966,227.789068286175
46,15.3168666176498,0.185623624967269,0.210789914569591,0.143657329037144,0.180848447530809,0.080539896963656,0.109572785347884,0.0889680015836466,346.810724337141
47,19.6972927963361,0.238933188639237,0.195273254492553,0.164036867101477,0.145164572645243,0.0878115204267239,0.0958923133498394,0.0728882833449258,271.349607465565
48,17.5098741194233,0.276139727382772,0.173990793003979,0.158166928051733,0.115646746247061,0.0824384124881645,0.114261692412034,0.0793557004142566,441.271574581541
49,17.0377116976306,0.179896719383305,0.273812258860457,0.160967561718434,0.102878801795283,0.101536404241914,0.0865067055012801,0.0944015484993262,203.451636794551
50,17.3920215107501,0.207051319526669,0.211406953771238,0.151383040272757,0.126052011800917,0.112185377868579,0.095598434257667,0.0963228625021726,201.203436527919
51,17.7804097626358,0.225017690355029,0.227011450698434,0.13102943633003,0.161890466883787,0.0941635340867112,0.0819228871481034,0.078964534497905,236.671189453413
52,22.9310014098883,0.249532415410011,0.183989146590425,0.14397103422328,0.113971763462389,0.116951022176419,0.107343416930173,0.0842412012073024,275.643726855278
53,24.5677638147026,0.182118308529055,0.262857322265874,0.137296354833918,0.122136352742078,0.0806410291826896,0.10756497486285,0.107385657583534,260.882595171082
54,30.9539937507361,0.186442225114726,0.184605065062738,0.155359946847277,0.164503285205227,0.092948349628122,0.120925508933059,0.0952156192088513,318.545874685223
55,27.444774908945,0.24244032341355,0.232712040381181,0.139581120040816,0.126814622190774,0.0860742878207622,0.0934791602332564,0.0788984459196608,241.47557398905
56,32.6485479110852,0.248131784791242,0.225526890490675,0.102969995440449,0.158262639082346,0.106139732849501,0.0754163434692502,0.0835526138765379,436.758820915453
57,25.7615140452981,0.242924727913165,0.196397405437923,0.158543706921088,0.13703146928268,0.095704659656134,0.0823719976676106,0.0870260331214005,218.767115982808
58,28.6379170184955,0.214231932142384,0.263177312291148,0.157144239552971,0.128699978193346,0.0775652229414129,0.0747597023369718,0.084421612541766,385.572981780472
59,25.0576084898785,0.249503922471109,0.242781515523501,0.118900773189412,0.1060159599445,0.0867499626013762,0.101423561504273,0.0946243047658282,205.757665531038
60,28.1895392620936,0.210751799041044,0.19277202809042,0.1614569104817,0.113602985465177,0.0996919977530912,0.106419723667509,0.115304555501059,326.084194934076
61,15.9209430124611,0.230090380573385,0.253641985568815,0.104251499205452,0.125861139287771,0.102859237898075,0.0969431771433284,0.0863525803231742,174.691749370455
62,31.4794140541926,0.248692431835352,0.21453488529032,0.112742882050097,0.15276790016666,0.0797957031711563,0.0776232579137273,0.113842939572687,323.996741223525
63,16.6060942504555,0.2170813958312,0.237397142760998,0.136166963730489,0.157947778792116,0.0768214028204254,0.0975727783602502,0.0770125377045219,235.119774848172
64,18.8491514883935,0.265454684371047,0.199262701561441,0.132068482738066,0.133976501473057,0.111533122979185,0.075254590203918,0.0824499166732863,254.683039549673
65,29.3562037870288,0.261139699704521,0.181936143985065,0.158580151007612,0.11788636661528,0.104012158617034,0.0735198970077992,0.102925583062689,314.044911864906
66,22.142919935286,0.213051270794542,0.223196294035728,0.154934942395245,0.157090047283661,0.0817451001391214,0.0902878270459184,0.0796945183057852,241.911716782696
67,34.7672245465219,0.235509813633573,0.232174140113947,0.114760029070749,0.120064575070102,0.103535909646118,0.0873069841760482,0.106648548289462,271.691838246184
68,24.2313517676666,0.209598081316278,0.220747601963256,0.124490590212348,0.161188715447923,0.105222608062735,0.0768383036393621,0.101914099358098,301.604088283213
69,20.3949741367251,0.255550034757702,0.232369781242151,0.121537406148022,0.132306551363094,0.0643924411644411,0.0898563979518329,0.103987387372757,209.241356836026
70,31.0068843374029,0.217602089305028,0.232728707896387,0.150095196352143,0.117542324742801,0.0832133123630115,0.0813426623007699,0.117475707039859,247.73834987409
71,29.2465310171247,0.208392804166065,0.255686080874181,0.144683921811922,0.119760754254238,0.0775933566854416,0.0904780360541654,0.103405046153987,157.594371204267
72,22.2328161727637,0.258351803572586,0.253062877023586,0.11351500668582,0.102527751231786,0.0946011204790918,0.0687078003520735,0.109233640655056,343.057087838848
73,33.0675684381276,0.252774233673637,0.198451139424003,0.12631003689476,0.120060221635775,0.0973472500386521,0.0985889623682792,0.106468155964893,221.213272107836
74,28.9456372195855,0.190627414116221,0.199017776334443,0.126106856220872,0.172688620320994,0.110322316328399,0.109967154087583,0.0912698625914883,240.541490149611
75,26.9599022250623,0.185748666809506,0.250012161125082,0.140852331977569,0.141011279164061,0.096816624050659,0.0779296330561397,0.107629303816983,270.006932306323
76,21.2898934446275,0.257662014170879,0.212359552419455,0.116679592164554,0.150682242928781,0.0930949243296003,0.0809815012620611,0.0885401727246694,190.093319508206
77,22.8945607040077,0.191099046633756,0.232926608857703,0.11336810451856,0.164984388439378,0.0904048356756389,0.116495136917038,0.0907218789579264,297.737994371195
78,29.2958773672581,0.187722638991384,0.225209349422149,0.146735688889825,0.135166599081487,0.100425373909533,0.0967320989198801,0.108008250785741,168.974907421119
79,28.0129931727424,0.27698415452463,0.182997035131312,0.123310367680199,0.117514891225458,0.103908717353755,0.090932182972079,0.104352651112567,252.288312842549
80,21.9726296095178,0.258354086400502,0.206298466433526,0.129447599851124,0.118196848591759,0.104774451733472,0.0732485112039877,0.10968003578563,295.533106206489
81,21.9724658317864,0.257607364990686,0.245249882040748,0.130223262801238,0.122739717307606,0.0785100466802821,0.0840613222901517,0.0816084038892883,226.251340542138
82,15.5621818173677,0.248236125411956,0.212019870910848,0.132243380352614,0.104537421293306,0.106125047821572,0.0894295841262942,0.107408570083409,303.48878684639
83,24.1481313994154,0.190951009842416,0.252689433239342,0.11489678237676,0.158732461500019,0.0769923040829348,0.0927795088676308,0.112958500090898,285.576951562741
84,32.8573550283909,0.245809531613363,0.221641962453297,0.117919621799111,0.140378323090127,0.0988566420783687,0.0879621633164068,0.0874317556493261,262.899363057316
85,24.6465200558305,0.191184026519734,0.262748743776957,0.129439553967756,0.14318830005277,0.100274542536628,0.08047367073933,0.0926911624068247,245.256465708787
86,17.067180541344,0.210060823744218,0.21213852555201,0.111024709884634,0.169874249532384,0.0860426459386079,0.0918451115252888,0.119013933822858,412.463101762707
87,26.4902743138373,0.267216079548937,0.19039619010516,0.13319805557698,0.160775528373675,0.0989212273477874,0.0681396704143295,0.0813532486331312,410.750111094636
88,26.0261835111305,0.219427476402752,0.185749322646514,0.157578533230556,0.144483209717107,0.0738876557889035,0.112104881808347,0.10676892040582,311.215345874701
89,33.3925407193601,0.197486862838519,0.222674262369521,0.136989875306764,0.172516403298864,0.0820301959633864,0.0877396342799074,0.100562765943038,285.173929788184
90,24.9701097095385,0.191977417444451,0.249364039573489,0.122098598333163,0.167594007014066,0.0730019440774965,0.108962240868982,0.0870017526883513,264.544808176559
91,33.3788032922894,0.260983123361831,0.231893963618629,0.121040732859387,0.109695776092855,0.0933119200495691,0.0845018031089958,0.0985726809087324,280.47536661235
92,24.9209241382778,0.248628656832188,0.193439643135316,0.112794334071038,0.167019528810458,0.0823901094273638,0.113863027045473,0.0818647006781643,268.852199674126
93,19.8489236552268,0.174451425319054,0.221975364715946,0.157344085027893,0.165640292720623,0.0913629847698845,0.0942292986528399,0.094996548793759,231.90170345134
94,30.1480950461701,0.207691128991706,0.202975810842041,0.130821679544496,0.131955780091843,0.103597447885858,0.110133382504136,0.11282477013992,289.317730706574
95,21.9272453151643,0.229669246760539,0.257150113524805,0.10309441484966,0.117037159732211,0.103235917141545,0.103076299255969,0.08673684873527,195.017982521115
96,28.1552004022524,0.23924933733935,0.19756887757683,0.147514133529767,0.143296148250707,0.0945396511181984,0.0843096331149941,0.0935222190701538,178.524663012876
97,16.2314646923915,0.239542643912523,0.250446806400466,0.116554106783135,0.142859254429309,0.0725199627587553,0.0904215475615846,0.0876556781542278,169.033743149162
98,34.2107358807698,0.180220823923299,0.222658215899844,0.129529396527919,0.125301770004582,0.106467490977386,0.116542021895241,0.119280280771729,365.747118945336
99,24.1344023216516,0.213208037352874,0.204681072247322,0.132085024038081,0.158030484704077,0.0998020102753479,0.088877861499447,0.103315509882852,178.436557547029
100,19.8118104692549,0.260438773286302,0.210804639528603,0.107292538271466,0.14432183071576,0.0748592831183685,0.0984157294439886,0.103867205635512,263.576477558883
101,20.0646581267938,0.21298695888424,0.2156093098569,0.15396481553766,0.13001831619415,0.113561050529712,0.086936850620168,0.0869226983771703,159.560953932746
102,20.997512890026,0.238769273721365,0.201680834084644,0.167517002721047,0.121575931609394,0.0787456626531717,0.0938549095714908,0.0978563856388866,201.62210042956
103,26.0714204236865,0.264495031497136,0.256636586260554,0.103346411222201,0.139751354784194,0.0767260493571473,0.0691190916188341,0.0899254752599334,390.257502592228
104,19.4761567376554,0.194086090452695,0.24064435827585,0.0980305883804385,0.142174904340403,0.107409398631925,0.108763963331031,0.108890696587658,403.60716930826
105,28.5729866521433,0.256206321593781,0.198112657048917,0.164601690538294,0.128009357572362,0.084674574714501,0.0745271928685434,0.0938682056636009,295.98649089024
106,24.0024956129491,0.183996949107831,0.229210018917538,0.112026941900106,0.167223931816754,0.118106990174071,0.0928470069871633,0.0965881610965364,272.829980743597
107,28.7036327645183,0.258209818856695,0.185734317621794,0.157466845872326,0.140653776106009,0.0849628177163567,0.0846593383182092,0.0883130855086093,244.143563916465
108,16.5374735323712,0.213467451941744,0.206829578298674,0.133358786743165,0.150035983494472,0.0867953413302131,0.0807239964760171,0.128788861715715,443.576596059849
109,16.9074472598732,0.222707506595485,0.190482124333579,0.141254794612348,0.149455372634131,0.097005433080871,0.115305354912063,0.0837894138315225,322.092430751009
110,15.7308565406129,0.28061183282965,0.188552544983743,0.109502649044198,0.110690047862017,0.113827191328554,0.113411984037141,0.0834037499146975,409.843697230045
111,15.1324987318367,0.173429923450973,0.216882961492167,0.161792934574561,0.165425123731816,0.0938481949377617,0.111619456608367,0.0770014052043544,369.048437268554
112,31.9309599744156,0.248882624395151,0.219505080411335,0.150610311257377,0.115529115894333,0.0868270138410915,0.0918822663032164,0.086763587897497,265.181810102218
113,29.0489604044706,0.231841200471369,0.21776038345538,0.120056768532554,0.149458860493805,0.107038905010319,0.0881316757606032,0.0857122062759706,228.128395793217
114,32.0661013526842,0.220719817454481,0.2181043634133,0.145213572150228,0.136433662518098,0.10116155321946,0.104016713555044,0.0743503176893896,296.808650570278
115,17.1729619475082,0.255206982426794,0.236521037191687,0.122472716636557,0.121677926200802,0.0841920417024599,0.0807436888424804,0.0991856069992195,179.116812324105
116,20.48416914884,0.189855759216445,0.244646194009411,0.170585639470991,0.113539206320813,0.11155478197039,0.0823907188940687,0.087427700117881,235.073500222198
117,21.6309301555157,0.248409224447535,0.168033900560574,0.151457919461765,0.160357957552375,0.0980523628695073,0.097382676883939,0.076305958224305,225.267190045926
118,25.1204295642674,0.204727762846449,0.219196904248801,0.147046007726764,0.116362210308229,0.100485745513436,0.0954857985389107,0.11669557081741,275.586668641685
119,32.6680227788165,0.226139949267109,0.256516355635918,0.143618312027842,0.118502356680037,0.0932214461437356,0.0867249143896466,0.075276665855712,384.320011850118
120,16.0474196029827,0.207348609082839,0.226473921245556,0.155333339366874,0.130919199938884,0.108818390675077,0.070444342677832,0.100662197012939,290.077025625829
121,19.4325227243826,0.179803696615917,0.211146059965747,0.170683499925048,0.164063936462525,0.0854740140623477,0.109109591325378,0.0797192016430388,347.938142497404
122,18.5818531690165,0.241227099044049,0.182991076122513,0.107805585422527,0.17505777581638,0.0792576210180728,0.0906060068348199,0.123054835741638,444.488816471624
123,18.5734266228974,0.231447633579834,0.209212663415099,0.125468451491097,0.16340826446245,0.112669520369688,0.088791013454209,0.0690024532276239,275.392090060728
124,19.5862843142822,0.224364639874823,0.231632914339138,0.136243545287745,0.148439204084779,0.0767259318722576,0.0773689012107692,0.105224863330488,215.018397274482
125,25.6595097761601,0.249577873346448,0.249720747809426,0.125128344978519,0.121687904825144,0.0932780443676404,0.0871562080125718,0.0734508766602509,296.232024885184
126,31.3473808020353,0.216719112092924,0.235582007675425,0.148789693961488,0.112337098606227,0.105518699310286,0.073493952860387,0.107559435493263,314.175855428826
127,34.1259209113196,0.201014053363362,0.205652657130338,0.147954969466888,0.146318043741774,0.116591519544186,0.102955307510471,0.079513449242981,292.782224855581
128,32.1275705704466,0.230637462063294,0.201339676945294,0.136735550063168,0.123421509387518,0.117039259019402,0.0887150972488531,0.102111445272469,236.453858687603
129,26.0685385018587,0.251626769885335,0.237877721053939,0.143252646105021,0.107720523966572,0.0898918199405796,0.097577713389447,0.0720528056591062,318.697911420531
130,19.7854389855638,0.191565817928329,0.250817905282818,0.14160228862886,0.167863817370757,0.0816078388425453,0.0727736587674597,0.0937686731792317,332.754732632204
131,15.8515725331381,0.217672403944179,0.226780002452579,0.155295333844482,0.151454283442395,0.0720375930622424,0.1060836333475,0.0706767499066227,354.016590134791
132,27.7544294390827,0.235187066745993,0.183582188138457,0.152402959612607,0.151509790282539,0.10452796212727,0.0792566737809953,0.0935333593121383,255.1091097615
133,15.3813028754666,0.217741083108914,0.201828040397079,0.143516496417933,0.166278262661716,0.10005811282136,0.0801669739486306,0.0904110306443677,228.742290031106
134,28.7031334498897,0.256881676011128,0.210647363520704,0.156754069393369,0.104485748282506,0.106213655431541,0.0748872439562524,0.0901302434045003,331.057739594163
135,34.8550529778004,0.179245102268085,0.230273860317519,0.156595008590924,0.152190677205944,0.103563874608457,0.0696468643079222,0.108484612701149,439.818338023997
136,28.2864938629791,0.190303257561386,0.198078937614441,0.143274309931474,0.14025875622872,0.112052074972923,0.0960362518589448,0.119996411832111,325.675899866692
137,17.7887854864821,0.270592418422886,0.218613570161782,0.133500298244915,0.135259124233713,0.0789050236125783,0.0929459857797174,0.0701835795444091,275.679099392692
138,27.0614316128194,0.239635131978898,0.25625625008903,0.0988360528684508,0.118213609769737,0.105441808867029,0.0764722243082671,0.105144922118587,332.86713079544
139,32.3094655014575,0.251282171039908,0.208976871871416,0.149616944633452,0.142962324851561,0.0772770093917393,0.0873330455431718,0.0825516326687512,323.92238186933
140,33.2336147129536,0.207241636731822,0.254487549006606,0.14107858762723,0.133530931809349,0.0997184694812827,0.0868398719409733,0.0771029534027365,372.153992001177
141,26.1887241061777,0.245836992074651,0.224068760933446,0.112248718224238,0.123057598495602,0.102348511059145,0.104226732208439,0.0882126870044786,179.690475485114
142,33.7642203317955,0.22964582511067,0.19027191761193,0.142284154473289,0.156824480497741,0.0791553305033363,0.0932889486954434,0.108529343107591,192.438927566289
143,30.8593012066558,0.235686546604794,0.273776525919504,0.118134881891233,0.114307337699147,0.0773418331975629,0.0935006798535415,0.0872521948342178,266.76865649534
144,22.1586682833731,0.27083251784738,0.178941862944537,0.159232678843084,0.117805110524427,0.0849068547364792,0.0815574379450881,0.106723537159005,235.622396681972
145,19.309525443241,0.21725113571429,0.232288136649334,0.124578482743878,0.153027855940549,0.0785174970680808,0.111171140261598,0.0831657516222697,264.366523478017
146,19.3485562410206,0.237479427640981,0.258792340507725,0.1102493338797,0.145524272659081,0.075843144679514,0.10470794737534,0.0674035332576587,319.125936898241
147,18.8092838320881,0.259662548229658,0.189347047015895,0.113434607693706,0.122365708410996,0.118685688549787,0.117465145333711,0.0790392547662467,381.501762701827
148,15.9482736000791,0.228812835502058,0.252968553133127,0.117159677849919,0.131322311595415,0.099629298007798,0.0900900448006129,0.08001727911107,147.913849800028
149,32.6788960304111,0.27570739942869,0.215699412069283,0.107178042860209,0.101884709622396,0.104725302912789,0.0961960085481884,0.0986091245584447,306.387735150337
150,19.3518766667694,0.222048209520227,0.244968440815968,0.110820215233745,0.158047675841486,0.103111317330322,0.0793236935343573,0.0816804477238945,275.042986224254
151,34.8398854583502,0.287843583859017,0.194869901796582,0.113658795505584,0.127186057218169,0.0992071036322365,0.0776156806196831,0.0996188773687287,366.744541549419
152,21.4282164629549,0.227888667618456,0.202130550655415,0.114993141448397,0.156964022679288,0.0780708289725041,0.102676063616169,0.11727672500977,373.430839875568
153,22.7617346681654,0.254568585698675,0.18039941769553,0.141149094627322,0.160578511550215,0.100520975952629,0.076125383391774,0.0866580310838556,265.287868463942
154,32.4452687287703,0.25242243924573,0.201268806876954,0.128470183384372,0.14586777717008,0.0816944260952182,0.0976892429026397,0.0925871243250064,181.63003999407
155,17.5011977879331,0.220014475843189,0.219568380292332,0.15291282773575,0.144878572844861,0.0880140635445176,0.0791052333835341,0.0955064463558156,176.074596356094
156,16.5336732147262,0.239760193631419,0.227519520034038,0.139051989608726,0.141470590645627,0.0909985599435382,0.0920699517210024,0.0691291944156491,252.858776477551
157,32.0267536118627,0.193021404713617,0.259146269576367,0.177231835232935,0.110975883548198,0.0979824404750617,0.0776257563140595,0.0840164101397619,419.487009331936
158,30.2433348540217,0.213757809720923,0.205860230143821,0.155047643997293,0.111878584648543,0.0888896282399672,0.115030169966415,0.109535933283039,332.056050955405
159,17.1196504682302,0.185419456525964,0.227640734396848,0.155826197769529,0.141057044776195,0.108254862461967,0.108869653112811,0.0729320509566853,302.986224263068
160,30.3311749221757,0.220939246395622,0.251851133456811,0.14544035607572,0.103057396423047,0.095827220804118,0.107941654361066,0.074942992483616,332.0325285143
161,29.4637621333823,0.194388071707887,0.255371454227303,0.126114948362206,0.131938924009421,0.100763492167834,0.0804929521565918,0.110930157368757,277.805599170489
162,25.4497452778742,0.192532477809453,0.243895344064972,0.15633487352007,0.155072292497035,0.102092915052892,0.0705299484096292,0.0795421486459491,446.08934972596
163,29.6169287525117,0.245459210186036,0.240519352153274,0.114921763584117,0.109115293204822,0.0863390799418318,0.0883041851852421,0.115341115744678,274.826307213744
164,29.1397479781881,0.249091924283193,0.222167516856492,0.114535748446912,0.131346470548922,0.0809454433619924,0.118897515418317,0.0830153810841716,323.78889053473
165,18.4378631412983,0.20844320091241,0.249348082312107,0.12839189387672,0.117620841311564,0.116351475270762,0.0782861360772733,0.101558370239163,249.046363501711
166,20.1958454959095,0.201994708163739,0.246532084466861,0.115582884286594,0.1390497227775,0.0962645042275389,0.10820308006667,0.0923730160110963,214.164657087821
167,19.2693147808313,0.23214894329871,0.244036756508884,0.132946582687512,0.125838295484073,0.0871842433815439,0.073268391826762,0.104576786812515,224.326410902093
168,16.2471542973071,0.167029698348292,0.258626768958798,0.165224537496126,0.147807503423578,0.0957437414594756,0.0786540200756264,0.0869137302381039,301.397422604068
169,26.0148937581107,0.26372501514871,0.224585622440846,0.122699335203711,0.156995721361106,0.069826451719488,0.0753679245988045,0.0867999295273354,329.047311509425
170,18.7112799938768,0.246333451816018,0.242972702425453,0.114466371423717,0.136062889567893,0.0710145443907494,0.0838748329169167,0.105275207459253,220.751473855728
171,28.4116653958336,0.275845956666864,0.180434945804283,0.125869720724868,0.14791240065533,0.0905175093622545,0.102916967515035,0.0765024992713646,263.487838838678
172,20.0255274167284,0.226680284120916,0.222246186599872,0.16806637109338,0.123505422953701,0.085312498731308,0.0834209182942187,0.0907683182066052,171.697111539038
173,18.6094507481903,0.235430217101039,0.189721365826181,0.147771245408108,0.113492873568283,0.0993208169801534,0.0941294843206984,0.120133996795537,401.713523922386
174,29.6059826482087,0.19982067668501,0.19311810798094,0.115031322201069,0.173864336422402,0.121206097572668,0.104059102293871,0.0929003568440404,266.928929047553
175,30.1700820960104,0.239407068028408,0.235526462082461,0.132978060545678,0.12238419629802,0.107066612261211,0.0938741708869584,0.0687634298972622,351.549874092749
176,15.2921719476581,0.218433221212181,0.241192472501118,0.112728981466242,0.14552360357358,0.0896958442400528,0.0875684456404114,0.104857431366414,240.372152273744
177,22.186230472289,0.233580200228984,0.204392047097431,0.156444089274122,0.154983035125207,0.0850749964190883,0.0907782082805347,0.074747423574634,267.222515182934
178,22.4636932695284,0.228982373622425,0.254274775887581,0.149789103282721,0.141545393978448,0.0729462344800443,0.0681457907809156,0.0843163279678653,378.048170641369
179,24.6365329250693,0.190215676227448,0.252837889442987,0.135250155803134,0.153505255689302,0.0880565598853663,0.097716257459621,0.0824182054921411,203.384624500081
180,20.6190781714395,0.245374078670625,0.21640140496719,0.101940610239923,0.148920286565571,0.0975218672472303,0.0978610350735468,0.0919807172359137,171.049859280101
181,19.1912791226059,0.22107328402691,0.265313836466232,0.126843206998146,0.125747766397597,0.099950118750858,0.0740343443023989,0.0870374430578583,249.612620352545
182,20.9795209206641,0.236678796696209,0.257470643525616,0.128303464722377,0.134343476341735,0.0982580885080253,0.0765544002094839,0.0683911299965532,373.351621981917
183,18.0162409413606,0.237990478126766,0.262682044446738,0.110008438056188,0.128940463595501,0.0951603035672096,0.0877724181038398,0.0774458541037577,196.397037475922
184,17.3745207348838,0.238993700553838,0.187971076727553,0.13569539320336,0.151223878674022,0.10815058960134,0.0711826287846855,0.106782732455202,322.477677381126
185,34.1176112368703,0.231672861937014,0.277386912618361,0.114144156960877,0.11603161467027,0.112846882814811,0.0762358267892964,0.0716817442093702,510.107598874231
186,25.8887794055045,0.284756836442262,0.195588368846436,0.15969255319593,0.110218651371162,0.0794061098323931,0.0863475680623138,0.0839899122495026,312.069737816613
187,19.2703729681671,0.262238595643644,0.262286142932414,0.126547540466824,0.0985732710890921,0.0962960880377755,0.076862468360007,0.0771958934702431,302.255369574877
188,16.135398526676,0.271921570110844,0.251076678172531,0.111529515368695,0.106500265620511,0.110633485488057,0.0732224227865937,0.0751160624527686,334.435076285
189,27.4940843181685,0.215647560321225,0.230718789994858,0.117429800212396,0.14943664930916,0.0938621801313886,0.0865340756022602,0.106370944428712,210.876136868614
190,23.1949849287048,0.190864189634342,0.225541704865295,0.154800020181327,0.146509630727068,0.0844017776912148,0.0846296831792865,0.113252993721468,237.161427936603
191,30.7106722798198,0.181205627538075,0.22109981209707,0.127645005349503,0.161137684726436,0.0878719385019255,0.114371494871791,0.106668436915201,268.223966819739
192,17.1321011753753,0.258881734298812,0.203746521204488,0.133753425362209,0.109878051848306,0.113375917292962,0.0886763417450233,0.0916880082481995,205.369574877799
193,29.0977694327012,0.208220185850354,0.241353359226682,0.114812165960914,0.113811908460283,0.121224655464069,0.0998802527082411,0.100697472329458,226.286179825214
194,31.8048664648086,0.284283342217496,0.225949826362804,0.10805369869068,0.135492189550144,0.0841090209196146,0.0769437172627151,0.0851682049965467,387.797837357434
195,24.7730378666893,0.243734241269278,0.245413492450127,0.136999165259346,0.155604208935603,0.072309004069045,0.0717658189366734,0.0741740690799273,448.687305584377
196,29.393111160025,0.177535037707105,0.237030365311217,0.136042528368301,0.151689707185553,0.113122097033424,0.114918410044939,0.0696618543494609,334.927566286477
197,27.3063305113465,0.238756865095141,0.186450753755396,0.129227967943675,0.152215582896052,0.106070345841487,0.100753475762618,0.0865250087056313,150.842364094201
198,19.0827636653557,0.239895047123155,0.221008394684973,0.162282027298942,0.105979444519485,0.0854174045277568,0.0968895730028325,0.0885281088428548,234.831047252261
199,20.3933707904071,0.257722906945832,0.205580248809002,0.10721454488408,0.154841378537005,0.105337887647609,0.0899311753698847,0.0793718578065871,195.573100281457
200,21.4683491829783,0.189479772463069,0.290936398581499,0.127032630034316,0.128961861245438,0.106545290743054,0.0814934810395089,0.0755505658931147,314.11861946379
201,19.362936927937,0.267514906203128,0.201721302227935,0.163564322380589,0.128478637852151,0.085669036368275,0.0790450068487382,0.0740067881191842,321.631462005614
202,30.4567809542641,0.252786649328153,0.188031914581392,0.110058542567505,0.16303619633987,0.105611568636169,0.081867859259492,0.0986072692874186,308.693349133454
203,29.5808186335489,0.205511067734374,0.248817971289154,0.150763000685595,0.112025017306123,0.0806905501684709,0.102963014516132,0.0992293783001509,190.041356836014
204,28.9313285797834,0.261317297442496,0.224947297057536,0.0983726237603969,0.118390571677004,0.0974380678554469,0.0969236358173875,0.102610506389733,247.705702858829
205,33.4086240828037,0.223722555007549,0.232104664152852,0.136396905804307,0.140822790299855,0.0734922552192402,0.0875557634737133,0.105905066042483,210.630839875575
206,24.591624760069,0.192145834220244,0.265221077310112,0.127943959138343,0.112905005287216,0.0985402433681767,0.0927821627941457,0.110461717881763,216.378373574281
207,20.664950972423,0.249185764927803,0.246658487216457,0.099978548162118,0.139813642861006,0.0836133819298916,0.102880107426124,0.0778700674766006,230.101140571773
208,23.4841011976823,0.238034595643847,0.210921116286681,0.132773900021535,0.163151071549155,0.0826814669846355,0.102722673375032,0.0697151761391139,284.751059102351
209,26.4066683035344,0.193451897856464,0.217485997753718,0.123750325538557,0.172866503776777,0.0768475563282697,0.110200121792394,0.10539759695382,285.044822989204
210,34.4346954580396,0.266893369983392,0.223908455280465,0.143283241351089,0.110918149214624,0.0758993869515743,0.0834316983399354,0.0956656988789197,316.224618575015
211,22.6785203302279,0.247974632384753,0.18353669709389,0.160376631714784,0.113151032471036,0.0888659232225305,0.0934636276339802,0.112631455479027,288.029625240705
212,21.351521811448,0.217171900256508,0.252541579338861,0.116906739749124,0.13406877560664,0.0990809582446335,0.0825125981193906,0.0977174486848419,178.413923863133
213,25.3223266312853,0.244708321231458,0.228940829289007,0.111920329221156,0.145843647867794,0.101293140337568,0.0725758473981264,0.0947178846548902,316.322559620789
214,18.7800371367484,0.268603385644826,0.1728699736596,0.124781331088275,0.129136763346786,0.108061834391123,0.0979475773444897,0.0985991345248995,272.651281291664
215,20.3548913728446,0.190070557702425,0.265640328957736,0.148756747523507,0.145846107798479,0.0704513602216648,0.0999520383285149,0.0792828594676745,281.326025773963
216,15.7063561119139,0.216140250315992,0.259589361684078,0.118234700819095,0.136538787980767,0.0817107845124093,0.0741678866503152,0.113618228037345,321.422900311063
217,23.6643558554351,0.225975947895986,0.199171265414675,0.172515474016146,0.142855622828616,0.0906646432687522,0.0882566309376043,0.08056041563822,257.257769219364
218,26.5575391706079,0.264142401278677,0.258001071465297,0.10858806287216,0.128890141134505,0.0904113443256822,0.0769524545007608,0.0730145244229168,404.382402607034
219,25.2200341923162,0.197495387829874,0.241825482171709,0.12257255690513,0.156756572099167,0.077529926652174,0.116161554522561,0.0876585198193849,280.456939712638
220,20.1865648804232,0.208591764755392,0.189041604902805,0.115278409006296,0.160051758732133,0.113318208005834,0.115095565431433,0.0986226891661065,370.229951118354
221,17.2715747123584,0.203617658800765,0.263041340120672,0.145191513915926,0.10847326278506,0.073527535206908,0.107497790373608,0.0986508987970623,321.336453858699
222,29.0431871172041,0.179238388655185,0.244417508291219,0.164079366973031,0.148792334218418,0.0703176952742736,0.0788538766320955,0.114300829955779,308.37997333728
223,15.2270493470132,0.188810170996759,0.254685657871212,0.118972257281757,0.156784611453163,0.0822881760257434,0.100010104579545,0.0984490217918193,264.291453118054
224,17.5843936158344,0.244175300504755,0.218399310652405,0.152456567793543,0.13809863163859,0.0720216387517824,0.0733949457729254,0.101453604886,225.031373129909
225,23.4622772270814,0.249788309510446,0.248093759896781,0.137783348119294,0.143152688084755,0.072536070298932,0.0784711392587945,0.070174684830998,407.614160865044
226,24.2944321362302,0.179639930300662,0.255196214840924,0.161803580460264,0.138202002706505,0.0852300050991283,0.100020507034447,0.0799077595580696,266.778432824768
227,19.6886318875477,0.20024423563868,0.196999105350195,0.169377885048269,0.15053943152733,0.0797040979988959,0.100444439814314,0.102690804622315,270.398222485558
228,19.0343562280759,0.246336597701236,0.200559223064011,0.149748806631145,0.119582998049618,0.0870028002834715,0.102205918350757,0.0945636559197607,236.251222041179
229,24.2536844825372,0.232541634902139,0.220054715709715,0.147167944981643,0.119525926189116,0.0860792451554118,0.0947053348999822,0.0999251981619923,118.170345134055
230,32.791541274637,0.221071585536937,0.249634628477042,0.121434232532107,0.148450829664875,0.0713878230566727,0.0961905473472356,0.0918303533851307,241.109702266323
231,24.5165008492768,0.227388661841462,0.261664950317026,0.130167607087096,0.143678507839072,0.0739925816906972,0.0808181008824835,0.0822895903421634,296.079632647031
232,28.3149002725258,0.258876569675265,0.199827673579489,0.116372330340375,0.159806034594536,0.0884746667953664,0.0940138109076162,0.0826289141073529,218.378669826678
233,23.6238750861958,0.266173124775121,0.235535415359711,0.115319928717536,0.120286705557029,0.100505378333722,0.0947507674234911,0.0674286798333901,304.392001185026
234,31.4528487762436,0.237542975418831,0.204910441086623,0.168326830993544,0.120570630037873,0.108692952133908,0.0802557341542514,0.0797004361749699,385.369634128303
235,30.7850978057832,0.22878912423621,0.225902983212508,0.128595977935251,0.146484895014405,0.0737961487921505,0.104201633263679,0.0922292375457961,185.270508072872
236,26.8444478930905,0.217140135060504,0.24061249914631,0.126304397394487,0.144057956049396,0.102848949096581,0.0673695618874591,0.101666501365264,374.108843134343
237,21.7469970835373,0.184505621134291,0.255443105967686,0.121092564449314,0.168635334768514,0.0901879861476982,0.08572231760547,0.0944130699270258,250.784772626276
238,26.5553516615182,0.188267913643538,0.228247601388393,0.138118934831264,0.15163123944526,0.11011498020145,0.0954655400012065,0.0881537904888889,177.950822100427
239,17.3061778303236,0.191482468343821,0.208599349062633,0.138525117518422,0.12527153217061,0.102832631811354,0.112485385692434,0.120803515400727,534.952984742971
240,26.2980482587591,0.180793256083586,0.192231023127279,0.134896364145639,0.175714051067929,0.111477859072793,0.0820240975910846,0.12286334891169,440.104458598727
241,23.3806893974543,0.253276280931177,0.219417250043545,0.10661118371628,0.162678907406488,0.0870656340817086,0.0989471784619449,0.0720035653588565,261.059931861953
242,33.7038153223693,0.256446466701239,0.248837216780094,0.101610983173087,0.130245018972205,0.0937491130111719,0.0820137423611556,0.0870974590010481,362.119448970516
243,32.3087650025263,0.219022311078465,0.185498287992637,0.153239939662829,0.148518376138445,0.10612454227777,0.0990517201597396,0.0885448226901134,212.515775440681
244,19.4222044991329,0.219724878169576,0.243820311819482,0.121893721798604,0.121847588272324,0.0913453227933937,0.0853124389194841,0.116055738227135,292.561457561837
245,23.1122944690287,0.223350991049876,0.252642188348598,0.146905740896743,0.143227527087876,0.0834359562642036,0.078561017595849,0.0718765787568543,381.815197748482
246,32.4132524151355,0.249115416238406,0.207759993754475,0.130134670119958,0.145573893313516,0.0719084250431844,0.103116457049726,0.0923911444807347,211.285498444683
247,34.8675474710763,0.257752767027053,0.235054044464542,0.138066427985302,0.142359460063742,0.0857801061188481,0.0675660848722086,0.0734211094683041,571.338231373143
248,30.1507854927331,0.211427089753793,0.221663182553018,0.115387690289438,0.112483164513841,0.120673488988483,0.102590352294359,0.115775031607066,347.270330321433
249,28.8691611681134,0.21486457276252,0.207806657407585,0.149522647368122,0.122826994889901,0.0937442568542473,0.112105743525817,0.0991291271918088,239.226307213744
250,31.5336171444505,0.259319481307327,0.191377229506586,0.135721910736479,0.135946046386195,0.0903371245054495,0.0966268437099777,0.0906713638479855,185.546437564805
251,32.8195978049189,0.255087473343832,0.259626100066092,0.104995557465358,0.121160020124674,0.0830550572803281,0.086159734368938,0.0899160573507771,315.621507924755
252,16.5872345911339,0.239292610980067,0.20785985827852,0.121667409738888,0.141724592335568,0.104841359136338,0.0981368260163468,0.086477343514272,146.764982965489
253,18.2402977161109,0.245159627030675,0.227982130516462,0.137895485846489,0.0987106261243004,0.0941998451077713,0.106426506286307,0.0896257790879947,294.415642127087
254,20.1156038511544,0.217752662872716,0.208965061261621,0.134952880023452,0.129993071511556,0.104430412831127,0.107439659011022,0.0964662524885051,242.539357132275
255,18.1836695270613,0.232920721353536,0.202525688667234,0.125923883275428,0.160034479968188,0.0894680268019011,0.0892498136600668,0.0998773862736464,174.190134794838
256,18.0299546942115,0.211389824404988,0.236680229713574,0.117271629719666,0.137212742399151,0.0940040323150542,0.098370133587519,0.105071407860048,247.529195674727
257,18.8360973540694,0.213907169636811,0.221899556061632,0.173836224156042,0.109634021749177,0.0750036112323418,0.0850990159487003,0.120620401215295,343.775025922076
258,31.4600879652426,0.222888117377967,0.210060952634223,0.134051541468011,0.153428780388061,0.0814959420061727,0.106903032727575,0.0911716333979915,184.503451340543
259,34.8567828722298,0.284304114621681,0.193585898484347,0.115727800875638,0.127726430339461,0.0939448785964007,0.103086145631906,0.0816247314505653,324.396859724488
260,27.8819047752768,0.259299039208244,0.219142379285423,0.111337101038251,0.151119168536006,0.0877226211981153,0.0748099977755848,0.0965696929583757,306.836735298472
261,30.1265767868608,0.232850972187097,0.215330630816756,0.148332887042744,0.150338650045786,0.0704513398237719,0.085968157382196,0.0967273627016494,219.091453118048
262,15.4124581627548,0.222239545235615,0.272008426708111,0.125835482503545,0.113513654338089,0.0823477829658579,0.108241716398036,0.0758133918507468,305.315538438759
263,15.2826564433053,0.239140118588789,0.215218788657996,0.148767205263396,0.119149967649666,0.0941392718945486,0.0857711647491956,0.0978134831964094,154.237179677085
264,30.7848245743662,0.207397310587298,0.23045416463442,0.116397413256697,0.150134006052979,0.113633337325205,0.0887737824182523,0.0932099857251482,253.758495037766
265,17.2145256306976,0.212963151872546,0.253008960231059,0.143358277809366,0.108052783138017,0.100254933301202,0.0770664279811394,0.105295465666672,228.511687157449
266,25.2923640003428,0.188028946657721,0.237427719382717,0.141107852903535,0.15398261153751,0.0823211089660447,0.0769867749471367,0.120144985605335,328.860316990075
267,22.062176251784,0.204241406139601,0.245448948123359,0.132597754840073,0.107760705469444,0.110401965958918,0.0852196930495864,0.11432952641902,288.918263960897
268,33.4269788395613,0.199652370972686,0.224123479797121,0.140116814568017,0.150747841269635,0.0969462406500497,0.0922097215158992,0.096203531226593,204.15529551178
269,34.5412232866511,0.194502795018154,0.266316420297214,0.112688979326037,0.151819036221503,0.100236411296524,0.0931465874962458,0.0812897703443223,347.407376684931
270,30.7710878364742,0.248892833137817,0.169651921396831,0.144075283315988,0.134133146280145,0.100986493004642,0.09466654113767,0.107593781726908,207.992534439343
271,25.650103725493,0.26682476960087,0.248309834703362,0.136312219911797,0.120259711479519,0.0760657244417572,0.0772392467202757,0.0749884931424194,387.552895867291
272,22.8768498962745,0.208561502426056,0.197367037539478,0.130319884571987,0.146750795359628,0.121074039357865,0.120590217707147,0.0753365230378379,333.618604651152
273,31.7040590802208,0.229554136123674,0.227384269238178,0.147290565543534,0.13717605294247,0.0782207907951927,0.0913904616776588,0.088983723679294,233.076877499635
274,19.0531326970086,0.227078439747819,0.202268257257218,0.148476454249744,0.128175498830446,0.111607997743209,0.102021784957822,0.080371567213742,204.07915864316
275,18.1713574659079,0.192674313740697,0.252561928820121,0.165826168810948,0.117701178806677,0.0778303454443013,0.101368394823356,0.092037669553899,263.364005332542
276,27.9532156791538,0.276482989271297,0.182841595819251,0.146009292705462,0.106859759696366,0.0745044026456178,0.102225006038172,0.111076953823834,332.750170345132
277,27.6066186837852,0.253974009897287,0.248596992530045,0.101272208961518,0.133404613626958,0.0674145424083643,0.0872334013520492,0.108104231223779,262.296963412821
278,21.5349584585056,0.191875129378552,0.209824600846093,0.134436816194074,0.135792960917816,0.106794225598418,0.0919786798890872,0.12929758717596,464.433772774397
279,24.976839129813,0.197158573041876,0.257150677328108,0.109389094348319,0.152345075994142,0.083805183132749,0.10130665670811,0.0988447394466956,193.71085765071
280,23.3112284587696,0.21212286955453,0.266325927980576,0.112829522209203,0.103644306467734,0.100430692846988,0.0983201978178304,0.106326483123139,253.340838394318
281,15.108121773228,0.249094038139005,0.243879814841875,0.142461430823144,0.0932260076939491,0.0939955737577793,0.0763449442525306,0.100998190491718,246.770908013629
282,18.9783231774345,0.208152616727332,0.232940413195823,0.15269722465761,0.122699584905773,0.111332814478838,0.0804010140912496,0.0917763319433748,185.467515923571
283,23.0523776262999,0.210222885225384,0.225943296243962,0.123141250420049,0.139193060396418,0.10112066131951,0.111456706310681,0.0889221400839962,206.80977632943
284,32.7455295901746,0.20738442728069,0.194197095372324,0.164301314788419,0.131924390188222,0.0758128401216893,0.11760010217923,0.108779830069426,337.84843726855
285,27.3043084563687,0.218435394449288,0.248379402198708,0.111661640369247,0.158865011931744,0.0820934253586288,0.0694792800510262,0.111085845641358,393.32418900904
286,32.2523581748828,0.195764587420756,0.232383758509313,0.160349197944179,0.137844151921646,0.082773495161454,0.0799343255066907,0.110950483535961,267.290416234627
287,32.3435186222196,0.196058412686938,0.208904211693878,0.159616060905164,0.124590483070632,0.113463526963615,0.084472270747578,0.112895033932195,283.408146941186
288,34.2740268819034,0.195448023960209,0.211281624333268,0.130875307472376,0.127185259157643,0.114830217721704,0.116660577587836,0.103718989766965,282.225507332249
289,21.7456802818924,0.18866890358894,0.222994167726358,0.116325988237003,0.135489242139749,0.122075108189223,0.0937519710648866,0.12069461905384,436.790460672493
290,29.6290550893173,0.241606745801281,0.231691206435986,0.120868817702198,0.135108252202538,0.09922477716107,0.0842317085248698,0.0872684921720571,244.537757369291
291,15.2412390336394,0.241190634296167,0.188657023732163,0.126198469399687,0.153534961495159,0.111339122577822,0.0962614821761233,0.0828183063228792,176.234631906388
292,26.5138426283374,0.193768714133549,0.202950482782688,0.113317827876671,0.179167563997198,0.103083840208859,0.123147493419172,0.0845640775818639,341.057502592203
293,32.9304027697071,0.240827189080094,0.211268545759478,0.135738076128008,0.137038732587783,0.0888463210872276,0.0804401065612241,0.105841028796186,244.471693082517
294,27.9261619504541,0.21292891038216,0.26602777380868,0.126131491301645,0.135958009587045,0.0848094844491955,0.089966739641269,0.0841775908300056,232.682269293429
295,24.4068718282506,0.209927755473386,0.220674837930704,0.142746083641453,0.137743816910852,0.0934244382392466,0.0965808878688902,0.0989021799354685,81.1038957191485
296,19.967051781714,0.213057817340712,0.179753885730425,0.150874482715444,0.162113448306379,0.0933011310501657,0.103155555138675,0.0977436797181993,236.794548955708
297,28.3154952339828,0.214253609421848,0.224537512192187,0.119573904179009,0.157036375978158,0.0759618555287488,0.101588730726898,0.107048011973152,197.425033328389
298,30.0956409610808,0.193402887408708,0.186759880902264,0.152636930080797,0.151992778490851,0.114220858709001,0.0908960865872273,0.110090577821152,265.618545400684
299,24.9551551090553,0.185300525513601,0.254628936361876,0.12605505861899,0.143337253168412,0.0833839895921606,0.101729107386414,0.105565129358547,203.181632350752
300,34.1194573696703,0.193707462365547,0.225189549661915,0.16316815750079,0.127630176093456,0.106917276726073,0.113828957996615,0.0695584196556047,404.951681232403
301,16.4282226096839,0.245938854758908,0.258487738625418,0.115532885943447,0.113099903121208,0.0974155296904594,0.100664216367119,0.0688608714934395,271.779469708194
302,23.5065204789862,0.252925519507086,0.195106865575651,0.143851882570275,0.119873506709108,0.102027725172032,0.109063503302028,0.0771509971638212,277.468345430309
303,16.9896326679736,0.217043004898048,0.24654470677257,0.123436939551906,0.126470975279927,0.0899345608012323,0.116237913098582,0.0803318995977329,324.002666271676
304,17.2247622674331,0.211256598488322,0.234136003228154,0.144905073915205,0.124729045731007,0.0960615061309618,0.0769590468352312,0.111952725671119,261.901584950368
305,15.8860629796982,0.238549748382284,0.248275886526803,0.118229535154993,0.121877851069178,0.0801981214433107,0.100382820803327,0.0924860366201052,212.351829358617
306,27.8259505843744,0.228733475060169,0.238159699209118,0.138125402775361,0.156228299552902,0.0721788835644974,0.066089524357634,0.100484715480318,386.996533846842
307,32.3964583268389,0.2475899059031,0.189796941278069,0.146762558242977,0.136531867427649,0.105968384964058,0.101487038218616,0.071863303965532,335.845830247361
308,33.5835986118764,0.241955171551767,0.243691440112937,0.121162773964004,0.135769525181379,0.0768140210418936,0.0824496236404255,0.0981574445075943,283.888372093026
309,17.1604530652985,0.213281703063642,0.196798921464995,0.15372873729894,0.154721052315576,0.104638529232107,0.0883071248004196,0.0885239318243199,172.198903866094
310,15.5494936462492,0.199526163162079,0.236435195635362,0.14018070071083,0.113203386942312,0.0944491857413208,0.11130150946584,0.104903858342257,385.540038512831
311,34.4146805489436,0.175470606710909,0.261323707749687,0.114144702667748,0.126882662311585,0.0993854161190527,0.107549517848808,0.11524338659221,288.948955710256
312,17.9152105608955,0.242189725289193,0.211705897948972,0.142206043815206,0.116040353657771,0.0967878976729724,0.0983761925996463,0.0926938890162395,185.361457561844
313,15.1694923220202,0.16577844057377,0.261533632947103,0.128934943329697,0.140238820584531,0.0973798270491273,0.0988544657258043,0.107279869789968,319.388653532794
314,29.9683192605153,0.205438429417518,0.243832133186973,0.167087658586419,0.113167973552571,0.0866088588081788,0.0744487767814021,0.109416169666938,289.383735742843
315,28.6304483888671,0.221050523429041,0.219826059987147,0.145967216802005,0.149867448842009,0.0754231709517377,0.100920267423061,0.0869453125649993,199.590519922982
316,19.8361010989174,0.212675912193126,0.21464323719656,0.145066484115505,0.135832612310455,0.0879551247080029,0.109032368109627,0.0947942613667252,247.284372685541
317,32.7123760292307,0.181934718107278,0.251877748890245,0.123162757264781,0.12717873594661,0.115121438089991,0.0951834397802108,0.105541161920884,236.387912901796
318,22.8273229207844,0.18027263580611,0.267146646234315,0.158663197724529,0.134692805478549,0.0888408390970325,0.0940925147691562,0.0762913608903083,286.2900311065
319,24.4397995993495,0.185135505619335,0.263295118739299,0.126565599179484,0.105580177178106,0.117369742794705,0.117805472524173,0.0842483839648981,311.120071100572
320,33.8797206012532,0.233224827698444,0.194455756558423,0.132212683499568,0.151559060509296,0.103330540186583,0.0823442490890593,0.102872882458627,276.736542734397
321,22.8194594290107,0.241856459305921,0.189164613127237,0.129043524998869,0.143451055717176,0.0935198384945652,0.111470432016566,0.0914940763396656,242.047992889949
322,15.2757991058752,0.276076316061258,0.175768035496924,0.138805865087967,0.125633231825953,0.0819352365162193,0.108031504788897,0.0937498102227817,353.582461857497
323,21.4279793202877,0.210522682040005,0.240831296059933,0.148749317121692,0.125616127473906,0.108237013150887,0.0807842486625152,0.0852593154910601,205.138142497416
324,23.1005213456228,0.232154592327824,0.217217758114352,0.138150947597864,0.133925996561979,0.0908286293793067,0.0992524542356632,0.0884696217830108,93.9653977188557
325,26.5401973528787,0.209584935346676,0.266834533488981,0.103855068332311,0.118987257157791,0.110230287512692,0.100474254447113,0.0900336637144359,186.505169604507
326,25.2823325106874,0.231864017858465,0.178228761242967,0.166709457822801,0.120715415385625,0.0891632079187896,0.0983474394709565,0.114971700300395,299.407554436379
327,23.0391606781632,0.257962459585999,0.250493538437525,0.127812600542711,0.111811561213318,0.0867150304008126,0.0684691995351347,0.0967356102845009,299.138083246942
328,23.262760033831,0.247988540898461,0.187275900462512,0.135907161209222,0.144498278829851,0.0697248117412213,0.106440525765077,0.108164781093656,299.495659902243
329,27.4907659273595,0.176967096313376,0.239955292150794,0.132486420951819,0.157870874075013,0.120825559746054,0.098310621735857,0.0735841350270871,318.384713375791
330,28.6708741169423,0.214503883093826,0.195299009764728,0.162015236636782,0.146720265146534,0.0785588663626579,0.0769093334450165,0.125993405550456,329.680876907118
331,28.3833358436823,0.254418817133516,0.225006478257745,0.104633651775772,0.135273299832962,0.0886888122702183,0.097936515770441,0.094042424959346,172.893082506293
332,28.9293542597443,0.252577336034294,0.219195314641385,0.15624065093439,0.127376392430105,0.0791516181533372,0.0955366058469597,0.0699220819595294,386.615494000909
333,21.9412514101714,0.220881056458759,0.222854304732979,0.141646920712744,0.156686935149464,0.0714237314033491,0.0778038379440075,0.108703213598697,239.788416530888
334,29.521705666557,0.193074375436145,0.246573846856257,0.109423008806581,0.166109147025556,0.0851252959943916,0.105135024855555,0.094559301025514,225.442808472822
335,16.6098872572184,0.234864861819158,0.192778217307391,0.172325699253207,0.130154298170423,0.076362981943222,0.0872471692642693,0.10626677224233,250.733046956004
336,31.1831317003816,0.194736355687746,0.24082613574962,0.154295220720984,0.124630855886048,0.0814852548509745,0.0803467625251695,0.123679414579458,295.147859576368
337,19.9669195245951,0.239973465954776,0.223700429110087,0.136838184692694,0.10683052602768,0.0703263877069832,0.106650153971711,0.115680852536068,427.104725225884
338,31.4294235454872,0.25495297597599,0.219956879359245,0.13030783927833,0.134946159719187,0.0998819153180998,0.0781346055995463,0.081819624749602,354.229180862075
339,27.6777657773346,0.244583911592152,0.222670671888698,0.0969239755170238,0.124173566619882,0.096623427948648,0.109813042879093,0.105211403554504,305.907924751891
340,26.7544423788786,0.195066571076001,0.258531076751512,0.140731457093252,0.122776826910387,0.0920723665349472,0.111181733803972,0.0796399678299281,251.966878980894
341,24.1778183868155,0.221681204469682,0.24580737264688,0.165750770256428,0.108859250100445,0.0860231128427378,0.0972773662300882,0.0746009234537388,313.250125907286
342,33.7544321129099,0.168948302924874,0.221734255154448,0.158507880395183,0.148341681768788,0.108303619635899,0.0878840039501226,0.106280256170686,286.610872463335
343,27.1980237727985,0.232836741390154,0.253243591129252,0.164903365474236,0.108834202723438,0.0962033118378299,0.073534404081323,0.0704443833637671,475.172804029047
344,16.9897850695997,0.252227384859778,0.19928206606843,0.140109461573984,0.14970289069551,0.0636503224622317,0.104877911808255,0.090149962531811,278.795970967259
345,25.8768735639751,0.207611574387415,0.202744005562144,0.152215444204036,0.121411394050773,0.0942965528681278,0.11288677160829,0.108834257319215,327.221448674284
346,31.9094963883981,0.260575127210549,0.180635093168411,0.153457640865355,0.13162809333726,0.093832444222442,0.0879082885662292,0.0919633126297546,240.450718412104
347,28.7049737805501,0.202579876549297,0.208640890300904,0.141016872220517,0.147532792795566,0.0976558013660318,0.0920519477638714,0.110521819003813,191.536424233453
348,33.0418231943622,0.257875680010045,0.250961401833218,0.130112687110927,0.0961952581889555,0.0881876984074352,0.103097525308414,0.0735697491410055,401.56996000592
349,29.4745902949944,0.221859398537649,0.213886954020573,0.126269975707548,0.143718282706235,0.0944201054446973,0.0906387854691619,0.109206498114136,184.316160568805
350,28.5763915581629,0.25104160153409,0.224222441861325,0.144262839651419,0.133339779066756,0.0869793820032815,0.080301569846476,0.0798523860366528,324.971174640782
351,15.1714671356604,0.183085457291444,0.256280620306621,0.159687401669883,0.158719947871882,0.0762158928323781,0.0812446882139334,0.0847659918138596,302.917908458002
352,18.1495892768726,0.248646423801014,0.188128827780723,0.147956643487321,0.120691929710095,0.0902660636266573,0.100694710777721,0.103615400816469,287.508932010072
353,19.0396978287026,0.191157173623647,0.227147693318841,0.129603143867083,0.139560045011157,0.101653372482131,0.116081394374461,0.0947971773226803,324.473648348412
354,28.321022586897,0.26570856738927,0.193405171555513,0.122352863578128,0.131362454266996,0.0941638374932842,0.108497302402186,0.0845098033146233,238.106591616055
355,24.7538187913597,0.246704787719675,0.174115972540024,0.155961532126112,0.133207986644429,0.0774349015325288,0.108899397385369,0.103675422051861,302.971411642715
356,26.3248232845217,0.252327889962959,0.237259328265539,0.134437014403279,0.128772705667876,0.0981266504267104,0.0672971246176551,0.0817792866559816,397.087187083368
357,34.0169754903764,0.239054817414545,0.19691158865301,0.0970118002895118,0.152933387894036,0.100970005519307,0.107266077114576,0.105852323115014,275.138023996451
358,25.1146744564176,0.231252881240607,0.209970245761861,0.141766839959047,0.138463960418167,0.0903648885576505,0.110895841958311,0.0772853421043575,247.886476077622
359,24.7489256458357,0.198765803570328,0.27185426361323,0.0989383694798681,0.121313691966844,0.0896953684532414,0.11044586336741,0.108986639549078,339.910057769193
360,33.3896479709074,0.254312865994641,0.185758996396222,0.148296203626748,0.114608590445193,0.104008576867957,0.0927261217869885,0.10028864488225,239.272463338762
361,21.0239959135652,0.279443437270614,0.189752242890294,0.101935706212896,0.159518236140124,0.101631681801716,0.0970628828077191,0.0706558128766367,263.841682713683
362,29.1481500351802,0.197284749815186,0.260691311462689,0.121314051578922,0.140494139929201,0.114440008560489,0.0854285127178779,0.0803472259356354,321.221389423794
363,26.5440797992051,0.25909687738479,0.211882082103407,0.129278901055358,0.123145452671916,0.0784465629290326,0.111485585721176,0.0866645381343201,280.353488372095
364,30.2414683997631,0.183156256923971,0.254440855018975,0.109604174860709,0.153125757844678,0.106705527201131,0.0981140451633855,0.09485338298715,229.299363057326
365,26.4465023670346,0.225755518453226,0.263081667084139,0.11661697031412,0.114716236229366,0.10536020591571,0.084965869401983,0.0895035326014558,213.590993926826
366,18.9815227827057,0.235272926442758,0.191539988836763,0.136072713327986,0.1374671431252,0.108361994101477,0.103653509251284,0.0876317249145319,195.851281291647
367,16.6910138400272,0.206065968949248,0.200285507238484,0.185243379255669,0.121388009414969,0.0792202415281631,0.106423273381696,0.101373620231771,390.9278625389
368,34.4934214232489,0.254727842976452,0.224886734318715,0.137559483566459,0.111125791779784,0.0847417778277007,0.0906569943397168,0.096301375191173,252.688016590131
369,32.0578145049512,0.203282595977504,0.27699513675776,0.11447914049202,0.1140201182665,0.097659390717359,0.115406614035172,0.0781570037536847,314.850481410161
370,29.0534407971427,0.200627109596911,0.257025640405507,0.101887999681444,0.128849842063596,0.102910298289512,0.103110207772344,0.105588902190685,234.440349577842
371,32.2189162950963,0.1799296221195,0.187889573737903,0.152938122055468,0.169420220847241,0.118498955856976,0.113698902380448,0.0776246030024642,346.867486298331
372,18.0306443292648,0.24938627574496,0.23046495458172,0.118687641907637,0.110499809802529,0.098163705105207,0.0946073367758177,0.0981902760821298,215.41170197008
373,30.5817025247961,0.255319957545452,0.195217821893347,0.125701938736747,0.125212749968742,0.108934577537055,0.0841436964180596,0.105469257900598,261.461768626867
374,18.6891255015507,0.279367305261507,0.189843987714474,0.13086525909565,0.124386704174434,0.0970354049185761,0.0848080411777025,0.0936932976576555,179.220559917048
375,33.0547968577594,0.173800863473079,0.271987483823993,0.132183893322282,0.143269463619289,0.075989739629927,0.112803758970311,0.0899647971611198,285.05003703156
376,16.4175686147064,0.253740431887363,0.216610458051588,0.127825805958939,0.100010464401777,0.103724744732762,0.098046039054916,0.100042055912656,299.14335653977
377,18.3762566791847,0.257347040798503,0.258698294445531,0.103870449108214,0.131814082069608,0.0729033744260818,0.092272348072408,0.0830944110796543,215.623226188717
378,22.0341043174267,0.235771873754412,0.222029092866846,0.155013643808772,0.139332370216379,0.0740320340901851,0.0845828767207234,0.0892381085426831,176.537164864461
379,34.3533105356619,0.26583146995915,0.196585433130489,0.141720957841029,0.128821007228552,0.0766781462737477,0.0823671140695612,0.107995871497471,264.518323211381
380,20.4264430049807,0.242773317839061,0.187020355579555,0.150922379140628,0.131341735673355,0.0957072585583383,0.103598546418178,0.0886364067908843,208.843430602877
381,29.4424710981548,0.249598220916854,0.192702063408396,0.12814434761701,0.162040060404388,0.092426552893786,0.0886025837782607,0.0864861709813048,224.481291660493
382,23.7097469950095,0.266539810718915,0.185749963216501,0.115153152036868,0.15922208409281,0.0885132371648236,0.0899814373771194,0.0948403153929623,159.073440971709
383,27.2899383213371,0.281953143831405,0.197726457522224,0.119571070770165,0.141750013449116,0.0893075331694013,0.0861404073185602,0.0835513739391295,245.984061620485
384,31.179183521308,0.218006429209312,0.287274422794969,0.105238832008314,0.112944630896672,0.0938365453289684,0.0985960777620487,0.0841030619997147,271.039964449714
385,27.669818601571,0.22719226784363,0.220278185865899,0.154717098424567,0.138460035050537,0.0814573103057575,0.0962497229877152,0.0816453795218948,234.15197748482
386,16.9647382153198,0.249614810393772,0.234011071804366,0.124527190695288,0.122886137677667,0.0881971491916396,0.0716893360560733,0.109074304181194,275.791319804474
387,34.3051262479275,0.223826858512124,0.223768963958561,0.123367513537137,0.126267318142128,0.103825690352128,0.0942225090849851,0.104721146412937,201.522026366463
388,28.3000335190445,0.24083611034339,0.221184562534273,0.162232948382452,0.102600061737108,0.086335944192078,0.085397254892376,0.101413117918324,217.856080580652
389,34.4360086647794,0.242695391227959,0.246418640915034,0.103999653708375,0.137482078059745,0.0776839360397417,0.0782897392428899,0.113430560806256,355.708843134356
390,24.0015580505133,0.209003111932986,0.233829852146673,0.11973518344008,0.119726355906096,0.0993836059300856,0.109266019002098,0.109055871641982,316.952036735307
391,20.3984296973795,0.200954358703352,0.207525905711818,0.131507244717652,0.178621077974679,0.100980024115976,0.0934421439827768,0.0869692447937466,209.77905495482
392,19.4935880880803,0.241498457169135,0.229891829399734,0.140376453214015,0.104005120471099,0.10820823260113,0.102101211974385,0.0739186951705017,262.379914086799
393,32.8253757348284,0.231567931496773,0.210806164881545,0.137532167227028,0.127121383484549,0.0857441224040222,0.114468892980343,0.09275933752574,261.077529254927
394,31.3973769266158,0.2223940057547,0.221807644668118,0.158330536846845,0.139615576703082,0.072907091333989,0.110922021376251,0.0740231233170149,380.43555028885
395,33.3275761408731,0.18126088415892,0.248817743326892,0.150853176686141,0.109342045779608,0.1113354478497,0.112300820027399,0.0860898821713401,281.438305436235
396,15.8448562026024,0.244270942861964,0.212004393301374,0.149710297831595,0.135023503646646,0.0643992631719674,0.0907077802957129,0.10388381889074,225.773248407646
397,16.9359442451969,0.285594097755452,0.187569721969596,0.130887039303818,0.110444312221919,0.0765721569680952,0.0958231862507715,0.113109485530349,400.729432676645
398,21.201679110527,0.26240548692778,0.192239195009176,0.105016779385033,0.134576708938283,0.0996177659468911,0.107715859075237,0.0984282047176005,308.213301733079
399,23.478343305178,0.189884707620477,0.217031836948777,0.116273670209741,0.156061358152413,0.11010984059246,0.103988553104693,0.106650033371441,299.587379647472
400,20.096492394805,0.201341313207292,0.249366361535456,0.147797730264633,0.142997567492997,0.108946798702334,0.0776270047122605,0.071923224085026,359.334380091825
401,16.2817248562351,0.259923035229775,0.185493777981894,0.130571914980187,0.131149304912946,0.0887432830351506,0.0945045142090723,0.109614169650976,309.79197155977
402,18.2782294694334,0.232653372512718,0.247184326491507,0.124253319987482,0.122719976396119,0.103150438522022,0.102459839576833,0.0675787265133188,256.520337727748
403,18.7644601520151,0.236803166455397,0.255557365098381,0.121918707313983,0.146678742616846,0.0944094428226064,0.0758110431691399,0.068821532523647,369.1301436824
404,29.1727644717321,0.188108473187367,0.248386869933631,0.168162429713811,0.139324422369782,0.0847161512729243,0.0770550092560579,0.0942466442664266,329.471722707755
405,24.2370031774044,0.268126947512653,0.19471966696156,0.11932593760177,0.104808915561837,0.10471771634521,0.102668274210222,0.105632541806748,335.371648644642
406,16.4053913671523,0.266084055416485,0.211094310836016,0.120283700418751,0.162970344503319,0.0909547331693088,0.0771536209966619,0.0714592346594583,320.010783587627
407,29.1603958234191,0.190167208575277,0.283082019425119,0.127170986011582,0.119189506356077,0.0825703474999321,0.115413069157473,0.0824068629745399,300.776003555024
408,25.7136019039899,0.18351290795613,0.277885089015546,0.112786263854319,0.149911686530424,0.110434986508604,0.0783348604482058,0.0871342056867723,359.439134942978
409,20.9509108634666,0.219849580729138,0.266664919040378,0.123605992450292,0.125915576074086,0.0933896052796177,0.0872927910638172,0.0832815353626714,156.238483187672
410,20.3270049579442,0.253903519829024,0.20341188214085,0.149504844107277,0.115310331400392,0.103751374386486,0.084798680913319,0.0893193672226518,165.251607169317
411,18.1260214745998,0.214185233337554,0.259845430835454,0.129911329982372,0.114733880717946,0.0896100673759958,0.103075317163102,0.0886387405875761,193.27720337728
412,26.8375929957256,0.245026582038059,0.262162723919814,0.112256707546877,0.104707967753679,0.0736060712265838,0.0881883918195529,0.114051555695435,280.985691008739
413,34.2320701200515,0.189497066246382,0.251985723028496,0.161387885070479,0.108888345802093,0.114572846819718,0.0940659113759792,0.0796022216568539,354.891364242342
414,34.0878157597035,0.191641818224776,0.234929346747928,0.14445521603176,0.123267149497189,0.088325157865183,0.11443396161108,0.102947350022085,246.300518441712
415,16.2357261637226,0.194698794817542,0.239920317053794,0.17531375720179,0.130137576454697,0.0897941083834525,0.0861067529637252,0.0840286931249995,235.652614427489
416,29.4949017511681,0.205729301217328,0.219050233604315,0.174988309175137,0.125259745645214,0.0797379574585919,0.109252460795701,0.0859819921037129,315.387824026075
417,32.4979590019211,0.259215201013605,0.23302526783147,0.125410208502817,0.120892366190005,0.082005737614331,0.108610800850655,0.0708404179971172,385.801096133917
418,34.5870843203738,0.224315159837505,0.262317553117157,0.142832848963612,0.131072571002451,0.0702428788999189,0.0821790876602052,0.0870399005191514,382.362553695731
419,26.5613775281236,0.238848989061577,0.190782976093099,0.153375380320971,0.140902895568953,0.0903149085055093,0.101449300845221,0.0843255496046694,187.661798252109
420,18.1368110189214,0.196035336072093,0.236472613135674,0.151127545601771,0.126725330731692,0.0898087300688668,0.102390162953046,0.0974402814368567,216.538823877953
421,19.8701254557818,0.214821665772557,0.228658241825889,0.118019926652935,0.129427707192026,0.0851364518988115,0.109389826554004,0.114546180103777,406.284757813647
422,15.2987575763837,0.247357748358547,0.191280606994299,0.132493057631076,0.156145929394392,0.0778114372243214,0.105326495111022,0.0895847252863417,250.880876907112
423,23.8348023267463,0.238012132212197,0.2159899951671,0.146039569336683,0.146904177993138,0.0889209508743232,0.0988845356574117,0.0652486387591471,331.692075248113
424,19.1878160927445,0.258806745237289,0.200475360638971,0.152806237487511,0.101599338589783,0.0780011716687564,0.100816186634969,0.107494959742721,357.715893941637
425,27.2248075297102,0.240228519236318,0.238921447448561,0.154255110367373,0.118819242144826,0.0766489074427096,0.0986860805366096,0.0724406928236025,350.435668789824
426,27.8791596973315,0.227499583616092,0.20180917180018,0.141840462387359,0.155440189528482,0.0882986309432219,0.101947302941621,0.0831646587830445,184.536335357723
427,32.3414441244677,0.190739204645984,0.261951323186523,0.132403981662733,0.142476360002869,0.0796839060976084,0.0949492923546477,0.0977959320496354,205.237861057617
428,34.2066058749333,0.284289481534684,0.190985987395298,0.147836489579572,0.145198601963102,0.0755006763917373,0.0807221679346164,0.0754665952009895,460.834957784023
429,34.4928322499618,0.211638762393854,0.18183236928395,0.165017002917751,0.155135126797631,0.102739714893107,0.107679892914841,0.0759571307988657,355.840734705964
430,29.9959592614323,0.218173669484572,0.202439027426096,0.146061365185695,0.13201253531544,0.0831638531156141,0.0882692006110949,0.129880348861489,336.943741667903
431,30.6666570762172,0.226777927644429,0.266615215279013,0.117258575681869,0.143271049529053,0.0709601535504763,0.0891960327577546,0.0859210455574043,301.886653829059
432,28.2998636504635,0.246074436607727,0.213405287243852,0.114789116699407,0.151291490885069,0.0697746688665201,0.105637086871002,0.0990279128264225,206.8596059843
433,31.2371297366917,0.222151835164973,0.259837219199577,0.149951894200923,0.127937526980092,0.0746991065914343,0.0772236361177554,0.0881987817452454,361.275425862829
434,16.5664174733683,0.229632925061869,0.185633246823888,0.125815272705395,0.154867233114953,0.0917755033297158,0.109548369543426,0.102727449420752,348.248081765656
435,34.4776355754584,0.232009421477839,0.199721505595407,0.105210038734191,0.167233663814014,0.113990324985542,0.0816787659003041,0.100156279492703,386.712546289444
436,17.2205739561468,0.210764836479404,0.236139686234647,0.105732765022585,0.160213666331125,0.0983191079900842,0.0983881027910931,0.0904418351510622,206.170345134062
437,22.063519093208,0.245320711723451,0.235423088202334,0.141323901175693,0.122822211877242,0.085117968250187,0.0846952593545152,0.085296859416578,167.778462449999
438,21.1381664685905,0.248987682291641,0.208754685207836,0.14241533309924,0.131209394160843,0.0945663669628711,0.0879823545239107,0.0860841837536575,112.856169456372
439,24.6641653962433,0.274914667490013,0.213830054313177,0.107990072035895,0.106758660762918,0.100945956259936,0.111002778894903,0.084557810243159,319.19022367057
440,31.2414807360619,0.191084301608476,0.26124585615976,0.140996784091111,0.126099869603729,0.0968852015797115,0.103021410394296,0.0806665765629162,252.73802399644
441,29.4118113489822,0.216852740677801,0.261508522556368,0.114252001099569,0.133612435138632,0.0740536696217637,0.0961244223116823,0.103596208594184,186.866242038225
442,33.2417066534981,0.208549762680214,0.18261221657122,0.152908547602916,0.1528221765125,0.105706919584064,0.0967827035792355,0.10061767346985,199.524751888611
443,20.2744787186384,0.232384557881271,0.2327906791468,0.0993047044556038,0.142676745846052,0.0957741393035546,0.0979267946320909,0.099142378734627,218.740512516674
444,24.4364400021732,0.255578089865835,0.220831071771478,0.104875686707799,0.141707919404346,0.113502676284228,0.0733234504647933,0.0901811055015206,337.906561990809
445,30.154424617067,0.208201570816485,0.245029405327283,0.120263402814721,0.13644998637904,0.103969379071615,0.0740431576540683,0.112043097936788,351.457917345583
446,15.361949452199,0.244444311285945,0.237023282951525,0.13512659641817,0.140677819829495,0.0849875727615749,0.0888300867664329,0.0689103299868566,272.725285142937
447,21.0545314196497,0.20587004416512,0.25669638616413,0.129586996634528,0.106014515036364,0.104061982925917,0.109077058212163,0.0886930168617785,240.360302177463
448,16.7960103042424,0.188739140697114,0.271185112187054,0.110474682199056,0.108130351674835,0.114168112154953,0.100812918119833,0.106489682967156,354.326707154486
449,29.6030251169577,0.253870453886155,0.248402819052363,0.110279366160434,0.10728686527381,0.100755741272836,0.092630126625953,0.0867746277284497,252.378669826678
450,16.7055365629494,0.219271856614917,0.223747155334459,0.117977731411845,0.135764671149491,0.101114820814001,0.104790418496281,0.0973333461790045,251.930676936747
451,24.8816612549126,0.296631288643528,0.193729724084973,0.110431126204559,0.124408027911133,0.0854660517646436,0.104482602554224,0.0848511788369391,276.529817804764
452,26.3814089307562,0.184117204156968,0.211955413945951,0.14568306894711,0.158137629021523,0.0947391129068201,0.107715835524898,0.0976517354967302,202.395556213885
453,23.8014492811635,0.203678558833931,0.275830355638506,0.128913929954438,0.131920163230476,0.113583878918394,0.071828620026775,0.0742444933974803,422.372152273721
454,34.8693278525025,0.243881121568554,0.19634792216454,0.141284339520262,0.113496561222355,0.119194671336907,0.0990213151793586,0.0867740690080231,290.579469708193
455,32.5886860024184,0.203791522706699,0.18337559127846,0.150442904002063,0.138149940436592,0.103125603550058,0.122036614361668,0.0990778236644602,323.188327655172
456,27.1705926582217,0.184774895010491,0.188135059708834,0.150154798012219,0.130716071240139,0.118291782189658,0.116971863190255,0.110955530648404,403.57392978817
457,25.5118254432455,0.203346314426312,0.179240428726126,0.13136598560562,0.168342662027546,0.11266341186298,0.104488094024565,0.10055310332685,247.17464079397
458,33.7706531025469,0.233737345596634,0.244333511197116,0.14756915710159,0.0959436658904443,0.0877780082194118,0.0921645847961962,0.0984737271986082,253.343149163093
459,18.2359022460878,0.243070573299414,0.187307428336168,0.140041277484581,0.145308966933415,0.0939364965437866,0.0909900262757285,0.0993452311269077,153.952303362465
460,22.2482688119635,0.228052672829546,0.216955902821665,0.120559764438459,0.161663469039527,0.113221073086833,0.0790112615187014,0.0805358562652687,301.317434454163
461,33.4102593781427,0.222928108376782,0.234087652564476,0.131795001023178,0.13428264707903,0.0716207607285489,0.099777935985641,0.105507894242344,180.327477410752
462,20.5637315753847,0.220581722632042,0.192151130632295,0.140887242412384,0.154927840985809,0.0888043429513875,0.097100865358891,0.105546855027192,213.236320545114
463,16.90057748463,0.214551054290128,0.25053432007244,0.12247514777463,0.145597231270699,0.0881016308461422,0.0787385390098906,0.10000207673607,218.78767589987
464,28.5098935896531,0.262330615084776,0.187960003680185,0.142511007890652,0.114848177174177,0.112351646489165,0.0804924182428842,0.0995061314381614,272.692638127685
465,17.8435292840004,0.25560724142598,0.194224447430926,0.145916771483031,0.146366707988734,0.0947485126343039,0.065191371566492,0.0979449474705332,312.77150051845
466,23.5289734136313,0.200382826645185,0.255120954338984,0.168344317593285,0.123154615683578,0.0935209131349225,0.0834867049328134,0.0759896676712312,329.946496815279
467,24.973959508352,0.22422351187723,0.191018066649855,0.132575216299217,0.122555370472093,0.108457883786031,0.12062068540294,0.100549265512634,386.273322470762
468,27.6781570771709,0.193491641237497,0.241676857717362,0.137821464580011,0.144993409197665,0.081422084781477,0.0945812095734393,0.106013332912549,151.775855428822
469,16.2331409333274,0.19946113116653,0.197474994912004,0.168223334865954,0.133608189031851,0.116570511682514,0.100160141689903,0.0845016966512433,262.064997778112
470,22.2440869640559,0.199385385834259,0.242829477945816,0.14497605670013,0.121079252458473,0.0828321865033147,0.0936239220690355,0.115273718488972,252.130528810543
471,17.4037194950506,0.225294479286937,0.226065767420753,0.143334301595762,0.122100632787688,0.0906536541489637,0.0925565515506888,0.0999946132092065,151.319271219078
472,20.3686739783734,0.203075225920551,0.200210309638395,0.155625282318592,0.144124973018948,0.0933370298778658,0.107773082692108,0.0958540965335395,251.71002814398
473,33.2953631971031,0.242061794290925,0.261781552782916,0.109094756804958,0.112763364248196,0.0966834351367896,0.0772106235035522,0.100404473232663,346.422337431499
474,22.2616363689303,0.218951823300718,0.27009769276842,0.125841270740801,0.132642487939107,0.0946185942573285,0.0856695031422657,0.0721786278513606,290.545756184273
475,27.8702281881124,0.188506681620375,0.208489890881003,0.135735808829812,0.1640891884166,0.0908158746911656,0.11604268671645,0.0963198688445942,259.74433417273
476,34.6699158661067,0.225140937457221,0.212847752590599,0.143841924814452,0.125882945751651,0.0861087462541363,0.103167387143514,0.103010305988426,179.119656347209
477,31.6470008995384,0.236076034683873,0.207494239266844,0.11205204735367,0.168152776735988,0.100451363649074,0.0741670819149039,0.101606456395647,387.546674566734
478,19.4362622499466,0.18217496051876,0.258557052589286,0.154947028606785,0.125857217533745,0.0948214235926596,0.104676111174846,0.0789662059839193,251.734380091842
479,33.110939944163,0.225993213383178,0.196956533136657,0.128067357465228,0.161734848969677,0.101862555580026,0.0992000842301255,0.0861854072351092,220.300873944606
480,22.1793724782765,0.234792474804229,0.207299600192356,0.158440104405312,0.117957485604683,0.097420299624166,0.0861996390725346,0.097890396296719,141.348600207376
481,26.1501190485433,0.269586683734205,0.195062777999924,0.101513927006371,0.138636624491464,0.103564697643778,0.0901227899649123,0.101512499159344,241.964982965484
482,32.2964291041717,0.263305304110272,0.217023830731199,0.127737301073767,0.135796323773831,0.0683400304154928,0.0891983286169828,0.098598881278456,231.529847430013
483,24.6513372240588,0.246110661842854,0.236785581148512,0.138437194159269,0.124021699487297,0.0689761283878627,0.0874787470379213,0.0981899879362851,153.005599170498
484,22.7638882864267,0.200161736833629,0.238726514107507,0.153857721541094,0.112199528090096,0.0747989245687735,0.114834102598822,0.105421472260078,374.907598874205
485,30.2275397488847,0.183239131555168,0.252662453448422,0.147480316149058,0.152609147756028,0.0960251125098497,0.101568740100134,0.0664150984813415,411.129788179526
486,16.5592916449532,0.225857127719553,0.24215221293402,0.103083405126836,0.110910858234935,0.0929470626575839,0.11159785323496,0.113451480092113,492.94320841356
487,26.5014281356707,0.259585299929309,0.231728712012262,0.105952027596321,0.145965372221087,0.0762163444032783,0.0929141055570272,0.0876381382807159,209.032676640503
488,16.0616000322625,0.232731947396102,0.200800596810782,0.122264821838901,0.119828959540138,0.109186755373791,0.121852985511769,0.093333933528516,457.105080728767
489,22.0232119830325,0.249558463147172,0.22429487073842,0.108831405849069,0.113973894126744,0.0952504634027385,0.0966093472869232,0.111481555448933,319.67850688787
490,28.5636863671243,0.222377052013807,0.230810925349372,0.117213910433031,0.129479363144488,0.103996988432871,0.0896622722211317,0.106459488405299,200.820915419937
491,20.5815652478486,0.240676102171766,0.268994733444473,0.132842722019428,0.106218446345726,0.0792459208499063,0.0776721967396736,0.094349878429027,209.711213153603
492,23.3701241668314,0.226282272314307,0.189042532763643,0.137387818844666,0.156766264065369,0.0842797074392069,0.0987104402193622,0.107530964353446,209.7249592653
493,16.6112130787224,0.201827800383682,0.272699526072883,0.130619297745172,0.156429466574064,0.0808839604767141,0.0778355627519882,0.0797043859954956,312.470034069024
494,18.9264809526503,0.226252026906079,0.196951897861841,0.157538587527832,0.136688418684012,0.0804775792770786,0.107639473217752,0.0944520165254063,281.440319952605
495,23.3806371688843,0.187518586144781,0.240896889330232,0.133238059586581,0.136146345464022,0.103796436840502,0.0899696635085515,0.108434019125331,211.972330025174
496,34.5848832372576,0.242118376734895,0.240853179697869,0.120469861629615,0.140623239849955,0.103673869290795,0.0827428356890174,0.0695186371078542,469.164568212117
497,34.1317612212151,0.236500415160199,0.221876217438157,0.11498314761194,0.166128609743638,0.0760938334778719,0.101163301448231,0.0832544751199639,296.338912753658
498,18.0897772079334,0.272764734098017,0.179712515025401,0.15534163040634,0.134889503705302,0.0888629016519992,0.0942019790220333,0.0742267360909075,261.935179973334
499,19.9786539096385,0.193937944804892,0.235382575053083,0.120767113016058,0.113696486183813,0.111548769929287,0.112446317868648,0.112220793144219,445.868404680788
500,27.3010586574674,0.219034371331771,0.206708687692918,0.159533988276965,0.142335414827907,0.0852917851028186,0.0931685604137934,0.0939271923538273,142.495511776029
501,31.9963078433648,0.208970105031401,0.276897450437392,0.103314345595178,0.159229050379787,0.0756067275494222,0.0804610799485572,0.0955212410582625,383.570552510737
502,26.3241805136204,0.24809128074713,0.198632172683878,0.134080416773387,0.126005357074651,0.10005705007117,0.102919259801684,0.0902144628481005,159.391616056883
503,26.0755453258753,0.230097898209314,0.194855178840584,0.119301076600831,0.148740449046542,0.0937935452929344,0.0988082820152512,0.114403569994543,276.085913198037
504,22.079988354817,0.175607330218799,0.238607499876348,0.110460640014256,0.161941936098468,0.113069832255071,0.0885160654135764,0.111796696123482,371.408917197452
505,22.769416118972,0.242058233761746,0.245558627351548,0.0952996976750801,0.149210959151722,0.0996460348141621,0.0864600301137184,0.0817664171320235,247.49406013924
506,28.640392520465,0.181440298820139,0.253190957851728,0.146974123284212,0.118952495985764,0.119470766762857,0.102893261699121,0.0770780955961806,269.543830543624
507,18.0190744344145,0.215138146749893,0.272206868803275,0.142378403915708,0.114338222267177,0.0965717549667827,0.0788961042311393,0.0804704990660258,237.078477262622
508,18.7956335488707,0.261360224981271,0.198784163788916,0.164089161714672,0.105949499944193,0.0889795480965977,0.0830101657907996,0.0978272356835517,221.449740779143
509,23.5816671932116,0.225875771529912,0.232220166987479,0.140887097224322,0.13413207308606,0.0672558262653346,0.108465880315571,0.0911631845913223,249.984891127256
510,17.1252456586808,0.177724476626137,0.255078367488206,0.143071466718921,0.136113598724247,0.0826442184981721,0.0853200516922871,0.12004782025203,345.257413716492
511,27.3563777003437,0.174224230077932,0.256541921977271,0.154642679479476,0.133791930432409,0.0771262038379578,0.104494290031371,0.0991787441635828,209.652851429417
512,32.724318462424,0.242396757595736,0.215586425911527,0.129218058005438,0.112112232365248,0.0877006596731628,0.105434807550263,0.107551058898626,243.632291512366
513,27.1295782458037,0.214611419186814,0.188153941573116,0.174578803266202,0.15532670900938,0.0762848079953461,0.0832996014993133,0.10774471746983,241.852170048886
514,20.2815462974831,0.226985263561578,0.225348487379986,0.14138287807604,0.123840328942474,0.0868453052963519,0.102175694918586,0.0934220418249837,171.79552658866
515,30.7901772670448,0.18170525766323,0.217709303186975,0.112877138343485,0.165395106566627,0.10422069095365,0.102006898283798,0.116085605002234,331.688401718257
516,18.8684331951663,0.230062867858268,0.227536259285921,0.12889103435985,0.10564533108908,0.0838956019948603,0.11065205547544,0.113316849936582,446.511390905062
517,25.6682627927512,0.196062109396248,0.238603539698429,0.146751504375343,0.13542375025175,0.0913806897605104,0.104923090735184,0.0868553157825361,164.667752925495
518,26.5232261596248,0.213338020288765,0.250341692436704,0.123971067244281,0.124409003116562,0.092490038367235,0.103501926666432,0.0919482518800202,129.984891127239
519,29.2386190732941,0.210832005430038,0.202132427177798,0.140548006903759,0.157697995093539,0.0947609262725605,0.117484522086151,0.0765441170361542,295.807021182043
520,29.3463697470725,0.218677552839123,0.223416851984913,0.153532338022201,0.141232325568759,0.0934628458611063,0.0958391940721449,0.0738388916517512,312.7946082062
521,21.1552156880498,0.225311044220027,0.225937253443399,0.133389870594979,0.127545679373878,0.0960577504929576,0.0980130064384784,0.0937453954362808,96.3712635165177
522,33.3944552158937,0.190105278615419,0.232990894889306,0.125542089255328,0.114178048834251,0.122832411786432,0.115031587567545,0.0993196890517188,284.283928306916
523,16.252263057977,0.249189162879418,0.185279493453375,0.152923456468244,0.151083323128686,0.0897278714659513,0.0948968503135474,0.0768998422907784,216.518323211376
524,29.9010055186227,0.227456636583834,0.244870117843568,0.129379742859118,0.130871314020409,0.0854249094016523,0.0778225262741737,0.104174753017245,248.98663901645
525,15.5388563591987,0.182930893239045,0.288770769770559,0.121748471849186,0.126562625641794,0.0800585801963564,0.0869947110271919,0.112933948275868,313.432143386154
526,29.8449456179515,0.171559228833082,0.239425039092084,0.165492950206015,0.135656978604759,0.0798660304295271,0.0942683841854281,0.113731388649105,230.358998666862
527,15.1361537724733,0.219747803497636,0.199935914389505,0.157486430898493,0.12531778532083,0.0976378706904607,0.0975273242118589,0.102346870991217,260.592090060725
528,25.7859226269647,0.211223477476665,0.240293186189242,0.0930652248900284,0.150790938060851,0.103320148156106,0.0994790802187343,0.101827945008373,243.60100725819
529,29.9558699736372,0.198965392753265,0.212508942131793,0.132428449792863,0.145771445974338,0.0847222970290575,0.123979498429709,0.101623973888974,338.182254480835
530,16.9796172296628,0.194730350113843,0.289875235780922,0.1278079062997,0.105662616643747,0.114172290551785,0.0734131409983184,0.0943384596116841,286.885913198036
531,22.4202122539282,0.210001904372586,0.197423851934877,0.167400835625189,0.134063139649222,0.0835130989892127,0.104608469055422,0.102988700373491,264.351533106223
532,25.4690897651017,0.253170789203899,0.247258319691307,0.131980003648721,0.124442686877061,0.0771753428666425,0.0906287906729539,0.075344067039415,293.09453414308
533,31.9683758541942,0.20831081188583,0.252551471948335,0.133218390045908,0.121654280867928,0.102868070107865,0.079590621862557,0.101806353281577,271.037357428524
534,15.0739842699841,0.238090925525235,0.244753382012753,0.119701373643498,0.105910494413584,0.0799599970928391,0.108095742387993,0.103488084924098,384.023996444967
535,17.3948046937585,0.262691967491124,0.200252299324692,0.107744424028307,0.10722060298301,0.106818811817309,0.117843279632972,0.0974286147225878,480.819493408371
536,20.8892149059102,0.182854067068549,0.266211603460409,0.120424984986376,0.115982813421236,0.118906744570116,0.076299374106716,0.119320412386597,408.53218782403
537,21.6836518095806,0.201789814259528,0.194442055022714,0.124683305213398,0.160445792456961,0.0813465337603485,0.118841010914948,0.118451488372103,505.328099540772
538,34.8784147808328,0.19207551235318,0.216429231464317,0.158160807143581,0.151591568927707,0.104967238482363,0.087627978659129,0.0891476629697226,325.460228114358
539,33.8536584656686,0.28119679108849,0.191677768073264,0.105128965096683,0.124471011994061,0.0980584966577421,0.102805514112506,0.0966614529772544,283.305288105459
540,31.7890742653981,0.258672700213014,0.189102266001437,0.14084244519412,0.122605562977831,0.0984520368424488,0.0998858082422676,0.0904391805288823,217.952836616793
541,19.627648126334,0.240256949228962,0.190224013664441,0.162267405355876,0.11598715167767,0.0988832844402083,0.078412022069776,0.113969173563067,293.439490445859
542,30.7706736540422,0.26753729646138,0.194868535106201,0.149562659320491,0.137864405684839,0.0823031229315914,0.0828231684577422,0.0850408120377555,305.374077914382
543,34.9055076157674,0.183561629163215,0.262309313499035,0.139073224796894,0.165510748623416,0.0901633974937322,0.0810148396542901,0.0783668467694171,494.83904606725
544,17.8327328106388,0.216238872895473,0.20665572837295,0.128807597732276,0.141865312572582,0.110450310110863,0.0853050516320474,0.110677126683809,299.23981632351
545,17.8338655130938,0.240124893334309,0.186870871885923,0.113557369003834,0.170789674373135,0.113783277456597,0.0819832115703099,0.0928907023758921,274.760065175525
546,23.4361263737082,0.196710022518403,0.233249674598705,0.121453602210762,0.126035567434968,0.11852112642076,0.118705579408567,0.0853244274078334,305.934528218046
547,18.456166270189,0.221310457862392,0.234483549192405,0.129492469003468,0.142209700717091,0.0788164609969022,0.0743772031055101,0.119310159122233,328.760716930825
548,20.0697031337768,0.214053298949382,0.248235887288957,0.124872781523783,0.106335206327803,0.10118706090245,0.0987871181429194,0.106528646864705,267.857147089318
549,23.265845538117,0.204947150114186,0.245761882953621,0.124747451998206,0.181313484959175,0.0857736422891583,0.0792498888388471,0.078206498846807,386.976210931711
550,26.9408601801842,0.263829965377136,0.264410831976719,0.115765892584695,0.100856038169865,0.10306996202807,0.0727288189608287,0.0793384909026851,402.273144719336
551,27.6111100474373,0.219263867661824,0.200609460683941,0.13450358755394,0.125353353705873,0.111302770763558,0.116413615769006,0.0925533438618577,274.691927121915
552,19.0935089159757,0.209770396259748,0.228420663209861,0.141188652062862,0.114665835639325,0.101431433224795,0.106197930085572,0.0983250895178358,259.288105465857
553,23.5954126296565,0.226933237037359,0.249857590861582,0.138559635881357,0.115159269730996,0.0807382430220368,0.0915597010503637,0.097192322416306,109.925462894388
554,22.3848616750911,0.205886455393597,0.239354648250384,0.131994408900879,0.140658400363366,0.0880602510185312,0.110444744737188,0.0836010913360541,214.925255517697
555,30.3917106566951,0.192106704756343,0.198558614542581,0.160154624672802,0.136485030107994,0.115776019709791,0.0887116492482869,0.108207356962203,253.467219671164
556,31.4988565910608,0.22263281477734,0.185760646323883,0.166781627790257,0.109877446357451,0.0839403035148292,0.114054830942181,0.116952330294059,392.107776625689
557,20.922727631405,0.188995128669909,0.268270744370286,0.110066849911636,0.17187198025968,0.0850790754143576,0.0808697291001658,0.0948464922739657,313.95751740483
558,19.9038305040449,0.251593828752313,0.25726706086501,0.125686225356172,0.105013150677962,0.0846851174482827,0.0911654825536839,0.0845891343465766,184.291453118056
559,27.8921315213665,0.261871132322829,0.207319203657885,0.124158433690806,0.118608794699803,0.095739402118825,0.102155179036381,0.0901478544734711,196.183676492377
560,17.4548177281395,0.235456580264242,0.251807680691362,0.141144452297456,0.117867837980371,0.0729302793088994,0.0818737063797599,0.0989194630779093,171.66665679159
561,27.8193307807669,0.26776198120193,0.192432211272117,0.11824009232328,0.149752508635035,0.0833688674571842,0.0960436077891241,0.0924007313213297,159.920189601537
562,28.1562057510018,0.241377925023899,0.267812444907498,0.132637950570268,0.120888716760169,0.0865610836719392,0.0685031855811113,0.0822186934851152,422.894089764495
563,28.709129546769,0.214960923724309,0.277891893727408,0.132809958999807,0.126676971369475,0.0970982819881733,0.0718069917858113,0.0787549784050161,432.542023403928
564,30.8088847901672,0.223152543317263,0.17968277541025,0.160454978949627,0.16397867201566,0.0959852488692415,0.0967687169902844,0.0799770644476738,296.572241149469
565,33.3156465971842,0.237362432407144,0.164354378946302,0.146828476268869,0.154064615320833,0.104272028044141,0.102477109706752,0.0906409593059606,217.872907717383
566,28.6200280161574,0.249326483468309,0.211250721836483,0.11288553895501,0.127548609724358,0.11894500167045,0.103482274376715,0.0765613699686762,261.490623611317
567,28.0044355196878,0.179173217343036,0.227306326475713,0.124083879132248,0.162372019026456,0.10761784283941,0.086073552269187,0.11337316291395,331.89459339357
568,22.2189132636413,0.189106669429091,0.217202163853629,0.128540402733565,0.161916229787429,0.0860842879001918,0.119244743463964,0.0979055028321301,347.52303362462
569,24.358589341864,0.280876220458837,0.259286594912349,0.111055102346603,0.104891087401271,0.0747628472164117,0.0979647079631505,0.0711634397013787,369.3727151533
570,19.4058945635334,0.19240545798813,0.216830491953833,0.162239405133842,0.145202570261578,0.11405947942882,0.0958689603001226,0.0733936349336752,268.529521552358
571,34.9126659333706,0.296962055834888,0.193668277008859,0.118719669657909,0.142106052618512,0.0767580727334997,0.0917912283156156,0.0799946438307162,375.968656495338
572,21.7294975137338,0.185518482647934,0.246400425115793,0.146583459922485,0.150967627520171,0.0749850682916653,0.0885915210073814,0.10695341549457,219.464197896617
573,32.6229467522353,0.237773590291623,0.221096607017483,0.149896430163281,0.114855558576944,0.0985342425261437,0.0928683037647353,0.0849752676597895,264.974966671617
574,32.051975345239,0.165487464678976,0.262950998239679,0.152391165935813,0.139495547753884,0.0961416026107118,0.0704629740540074,0.11307024672693,405.363946082057
575,24.5230968529359,0.178281183406011,0.264768619189023,0.123081431903531,0.154636260711642,0.0978730753855021,0.091314666152764,0.0900447632515255,210
576,31.4980848599225,0.245506895800157,0.203317197517271,0.104379018132442,0.143755152266714,0.105579266289515,0.0967686640158343,0.100693805978068,222.505525107397
577,17.2066102409735,0.21738701277335,0.24558293773157,0.138834473862305,0.141700556643757,0.0860091546581046,0.0928285991307355,0.0776572652001786,188.299688934974
578,23.6099020810798,0.238983853721744,0.24920248335827,0.147432615693971,0.126079593024384,0.0659508322594817,0.0947250553623381,0.0776255665798111,290.587942527038
579,23.1271304003894,0.278399857800405,0.192638794433907,0.133131365582663,0.150956417178922,0.0779848008408206,0.0884487972793382,0.0784399668839437,241.233298770547
580,21.1339932493865,0.20869776732465,0.214160658959466,0.121146216580943,0.166507383296089,0.114811730859592,0.0785709596177859,0.0961052833614734,306.546407939559
581,21.37101912871,0.251518717339429,0.191309361639394,0.162306078973735,0.147593560501218,0.081434000048331,0.0846942776523257,0.0811440038455667,239.443104725232
582,25.2059149369597,0.193521964518387,0.251776264291826,0.115571344117874,0.139923002212885,0.104809581560063,0.116959886847448,0.0774379564515161,266.109139386756
583,20.5864479998127,0.232452531437403,0.253464642411967,0.109666901964339,0.106453207197884,0.0901264480850517,0.091361620340837,0.116474648562518,343.995200711001
584,23.2660405477509,0.201464483933562,0.192932481476365,0.158496602170438,0.142678587807582,0.0987142596947813,0.117094242993039,0.088619341924233,317.330588061034
585,24.4598082220182,0.22205216915418,0.226661696182154,0.155078506980276,0.121970753420705,0.0995209494660126,0.0903364778332225,0.0843794469634498,169.291008739449
586,31.1325471987948,0.214623326396874,0.21121114630172,0.13350060229795,0.146222849121107,0.10491168448323,0.0754690615425931,0.114061329856525,338.790460672484
587,30.3881674911827,0.248407901981173,0.196560431140413,0.14239912475549,0.145462534828424,0.0913787150820572,0.0845326950157383,0.0912585971967046,219.727447785506
588,34.1150600323454,0.188538909358227,0.230347955464383,0.139385988259417,0.158961251407409,0.084684602673465,0.116512086079734,0.0815692067573658,314.85427344097
589,17.8968767309561,0.183693651977141,0.281935033595137,0.141727478065677,0.105579164685832,0.114994525554289,0.0710869144209286,0.100983231700996,314.044437861048
590,21.3248140830547,0.185593482767401,0.227849783042311,0.140657905681419,0.152944530029202,0.104983792547916,0.0906505864353608,0.0973199194963905,176.098237298177
591,19.6154270507395,0.203599141074463,0.191319047279459,0.119748048828776,0.164617146362128,0.08071935756133,0.118727572000523,0.121269686893321,562.792771441316
592,18.052113824524,0.254412655694656,0.166700123581289,0.144549341451191,0.127328008117099,0.0994754406138381,0.0984945724299819,0.109039858111944,340.272078210631
593,30.7389548188075,0.244172630089072,0.2405851329442,0.116480799877855,0.142019735472792,0.0653391974149362,0.0940696645472708,0.0973328396538733,217.95526588654
594,25.1455229846761,0.217976374078557,0.214421501167143,0.14617284810365,0.126476883665485,0.0880427985472606,0.106978543988561,0.099931050449344,201.535357724791
595,16.1265111202374,0.213714170528249,0.243896690250265,0.117479058467382,0.122509738939516,0.108827797232535,0.0921415298327385,0.101431014749314,229.649237150058
596,20.6979824695736,0.201661460875717,0.23467732941126,0.151681971629246,0.156084951175913,0.0769910280892426,0.0844798512387356,0.094423407579885,191.125996148717
597,27.3602162674069,0.249523739571828,0.225317650578976,0.133725172336443,0.144698862114756,0.0909804614459592,0.0669463847671415,0.0888077291848957,379.70422159681
598,28.8516921410337,0.195205892370312,0.198241257407745,0.119516410046302,0.172956797797488,0.0883202859889634,0.101405377521859,0.124353978867331,386.218812027859
599,30.4024666454643,0.239640410574497,0.219346743331392,0.118835247761184,0.143374875765364,0.0983204117094,0.0942398040198726,0.0862425068382908,189.382550733227
600,15.6829492608085,0.236837928213939,0.250443948238574,0.121300463804741,0.140742110403656,0.0991181857333223,0.0749280742217717,0.0766292893839958,285.570137757386
601,34.7805550182238,0.196557564848415,0.188004155675919,0.142550212284477,0.14141149625329,0.107969258317772,0.1173609767193,0.106146335900827,289.031787883284
602,25.7016629446298,0.191444847060401,0.193668028147675,0.170573316478935,0.141529333467666,0.0914006210106026,0.117337365096387,0.0940464887383339,337.62097467043
603,23.9309749146923,0.294653444724723,0.187383498126929,0.110429218297798,0.135783499172245,0.100124233322371,0.09440709921655,0.0772190071393835,251.934883720923
604,23.6462300876155,0.206351597443063,0.259298513794952,0.110035000594063,0.155934962110663,0.0996137329192701,0.0923053627384361,0.0764608303995527,255.583943119539
605,23.7208060221747,0.226203964959772,0.246967782406062,0.131731351109703,0.12128364508115,0.0669229598321621,0.101333288177882,0.105557008433268,233.03954969635
606,30.1474091410637,0.230046410054286,0.241542747060925,0.149957779124814,0.134574783845487,0.0695601244575265,0.0984295636358834,0.0758885918210781,349.329936305718
607,22.0480123488232,0.209314613365998,0.211327278767157,0.112126686379102,0.145574593002731,0.119790370714839,0.0988730758111848,0.102993381958988,275.293378758697
608,15.3711933456361,0.191730618973207,0.1957369550894,0.161225371551587,0.155681948301725,0.0970195587974967,0.0827892599300878,0.115816287356497,355.690475485114
609,15.6655560387298,0.188709528733405,0.257386963898931,0.156700670747523,0.142067249263908,0.0909872635582571,0.0909803618847127,0.0731679619132645,284.141075396243
610,32.9736374365166,0.213611662781608,0.265243363080204,0.11951474273626,0.113351546419406,0.108956446851806,0.0976240002348599,0.0816982378958553,273.341016145749
611,20.4562919354066,0.181821552671043,0.212320101231715,0.159331490064684,0.154728025442353,0.0896893461606435,0.0949195843037006,0.107189900125861,255.803999407485
612,26.1242724442855,0.240714227949426,0.253991108545494,0.112268323343377,0.110271412277732,0.0880645773589197,0.0759510789914819,0.118739271533569,334.461087246336
613,22.6923316111788,0.240237850181212,0.242220806318083,0.144812910436066,0.143352739503911,0.0723294970315794,0.0707600487682618,0.0862861477608857,329.420530291788
614,22.0282659633085,0.211116821551718,0.239675671875155,0.170806943729273,0.116740426165855,0.0819227384636313,0.0950247987341364,0.0847125994802317,229.260198489107
615,32.6592492638156,0.222544872422924,0.241995587920079,0.146334158393076,0.122223683272216,0.0999106380265671,0.102276439010542,0.0647146209545969,418.062568508388
616,16.0023451503366,0.194433978031842,0.246446200213617,0.162108483527901,0.114582754251517,0.0972078094178078,0.0791618600963919,0.106058914460923,240.32018960154
617,24.5874976925552,0.185617399686,0.260283062821627,0.125075089629898,0.118881973038488,0.103032413421011,0.0984861576174182,0.108623903785557,228.438809065324
618,22.7400749735534,0.198944153142597,0.211926269398335,0.147576700156591,0.131029621077394,0.103151186100481,0.0912526707921112,0.116119399332491,283.513138794264
619,24.6185510559008,0.238845818053433,0.19351435656462,0.161442960291002,0.109050151809943,0.102959115869396,0.096711773198434,0.0974758242131728,203.884639312695
620,24.3069285387173,0.281104891719278,0.197356075341831,0.132880887933038,0.127868603003408,0.077389032298899,0.0918077251702489,0.0915927845332968,175.240705080725
621,24.9927521497011,0.180013117876434,0.250016336955491,0.150620771640418,0.127100078685798,0.113107688719311,0.0919598534983512,0.0871821526241969,186.48306917494
622,28.5996646806598,0.251535903203301,0.222513406324,0.114766055543241,0.148827499775197,0.0858493630037905,0.0831591413266414,0.0933486308238287,231.490208857957
623,17.4853021977469,0.262688674156535,0.229877277123837,0.134027784373479,0.114071642228663,0.0878274848742622,0.0978981995385588,0.0736089377046651,257.097496667166
624,21.2987587414682,0.229020879038168,0.209771405481074,0.166038995557294,0.140303346379943,0.0828945098953252,0.099217856083353,0.072753007564843,294.293526884908
625,24.7196897258982,0.184467849789335,0.238757478337802,0.110683820069879,0.150522904812808,0.0831767276009066,0.118965292033592,0.113425927355679,422.272374463049
626,21.6289245197549,0.173400209598527,0.236077219983115,0.14279914665058,0.160468569263438,0.0922780116561677,0.111553298610461,0.0834235442377122,278.49094948897
627,17.0550289424136,0.187338185084907,0.27445911751606,0.159870767895383,0.117473458009194,0.100553432425373,0.0717134898086187,0.0885915492604646,294.875840616217
628,29.8951650876552,0.223143133595463,0.224904517457497,0.141122561606592,0.146208942164748,0.102238578837222,0.0859891217416246,0.0763931445968531,328.241860465113
629,34.6631991909817,0.234268297740416,0.236892262122436,0.123295296860568,0.135983771432815,0.10953175241038,0.0823140451562255,0.0777145742771587,402.123655754715
630,30.2297190902755,0.273281757736562,0.218933085622147,0.107772068236368,0.161085106418999,0.0900720336150758,0.0742800752453216,0.0745758731255278,463.896133906114
631,21.2136038159952,0.222884966169326,0.248109942520439,0.154053017606049,0.113372991365385,0.0731848752438066,0.0997142639060018,0.0886799431889926,228.547415197739
632,23.8495957199484,0.237509323319408,0.239899884370772,0.147766164051654,0.141815698972709,0.064361952665374,0.0756378738372947,0.093009102782789,271.640171826399
633,33.9612893713638,0.238828744485695,0.201568874456218,0.12773566067439,0.138795938275437,0.11049558472625,0.100409049457448,0.0821661479245615,248.299392682563
634,26.3540802989155,0.198312047756084,0.227964027014913,0.122827439789227,0.122905160367226,0.122851276347811,0.103463767307598,0.101676281417141,235.800148126204
635,30.5070764198899,0.22277654885541,0.236536327525546,0.109083471059408,0.133666698088673,0.0917208061421219,0.0921332670026214,0.11408288132622,251.60551029477
636,27.5139114120975,0.222966240236542,0.193920476892796,0.150393543831238,0.134381860215672,0.0939846284468643,0.116919424026477,0.087433826350411,285.256524959266
637,15.635952972807,0.190026940542803,0.21478799058646,0.162167926755571,0.123073140859919,0.118316503563601,0.0913586913206319,0.100268806371014,265.230039994071
638,16.4587021665648,0.217025508775709,0.25335870593474,0.13529444636902,0.141037830098935,0.0657869737543933,0.0829060832479218,0.104590451819281,221.126114649683
639,26.3407416315749,0.271669207949507,0.201047322897563,0.0992742532935482,0.139337806843555,0.106209853700374,0.092948815825227,0.089512739490227,220.823107687744
640,23.8036140846089,0.237063731956635,0.223771930185167,0.149824760446374,0.13835774067789,0.102157051011047,0.0812472439691915,0.0675775417536963,374.709761516824
641,20.9407695010304,0.241696609770585,0.231086242905821,0.14556529047479,0.122961990743379,0.0847343851939213,0.106065536581939,0.0678899443295648,326.573426159079
642,23.9271005336195,0.187658726009153,0.186447481880845,0.165115746536741,0.152009507245349,0.108122423326946,0.0831376986515408,0.117508416349425,339.437238927567
643,31.4998044958338,0.191752973209709,0.249168244603263,0.142771728598253,0.146594114267747,0.0966365700400232,0.077457181096478,0.0956191881845274,329.521019108279
644,16.2946743983775,0.210293036742086,0.223980935257031,0.135421748677948,0.164523767002453,0.102929810890332,0.0821726734964503,0.0806780279337007,245.188801659011
645,15.7397314580157,0.181852894358524,0.291040331042344,0.153926362523783,0.110755624760719,0.0878561444227676,0.0923385521413923,0.0822300907504704,235.581810102201
646,27.2396640479565,0.19444961133106,0.224836580320154,0.124958751991364,0.147622915671613,0.0901765079989253,0.102335036710301,0.115620595976583,273.348422455923
647,17.4317832803354,0.209380670811802,0.187173842130909,0.170195058149719,0.120799675559054,0.106368303843843,0.0961584847428523,0.10992396476182,343.366612353733
648,34.217411656864,0.257963802134583,0.194450854229871,0.156709945140023,0.130720313843448,0.094259926392849,0.0865289625381053,0.0793661957211207,368.736898237294
649,33.776311064139,0.19760333585758,0.222768844817322,0.133385287968087,0.134950356551015,0.118610743530853,0.106694543018347,0.0859868882567958,229.555443637979
650,19.7179703554139,0.240921999734482,0.197125688033605,0.152751305313502,0.147556393045371,0.072961552605864,0.107422550356937,0.0812605109102378,287.379291956755
651,17.0713974162936,0.237485549586489,0.202595780311732,0.135469211745668,0.165146237547029,0.085621061706582,0.084951260168086,0.0887308989344139,163.180091838245
652,20.2111521083862,0.184407630794402,0.222366119999241,0.166266502500643,0.145231892051404,0.0846764896128883,0.0904947930658626,0.106556571975559,232.875781365719
653,30.7566801598296,0.199922943395529,0.230552140062821,0.168148899316478,0.117437294066611,0.0891038530475654,0.0999465031302006,0.0948883669807945,212.093793512069
654,22.084426023066,0.228068309705933,0.205106860441695,0.153458386634466,0.150528821796696,0.0878504510553359,0.0933955997641236,0.0815915706017497,175.226840468081
655,17.3927935352549,0.25378514723791,0.223762037413778,0.113891883094234,0.126451000242737,0.10880574836827,0.0701230714195097,0.103181112223562,318.81795289586
656,22.4918645014986,0.250622778464944,0.241230256678558,0.115430715001848,0.131774846723192,0.0742929793020052,0.0929361979848155,0.0937122258446383,143.181513849801
657,20.0764343654737,0.271732076923802,0.18070646751404,0.12446726756648,0.164634936873481,0.0754649500170499,0.074925240878388,0.108069060226759,283.266834543033
658,24.4683879381046,0.239671388985941,0.259158732138361,0.134001694238166,0.109730186197893,0.0760131536312915,0.0815897456347912,0.0998350991735566,191.879780773234
659,26.4805345470086,0.233071030516192,0.214112933151071,0.128367303696425,0.151346612020394,0.0802281999985942,0.0981521713624322,0.0947217492548925,104.924722263368
660,29.8342034453526,0.23727990325291,0.18470131260289,0.14095305229102,0.130466677551062,0.0794648783969955,0.107666666031888,0.119467509873234,334.576388683153
661,21.4078114135191,0.261807423439759,0.196874422890225,0.153747477474605,0.0986504186301364,0.105279582009366,0.109054377867655,0.074586297688254,367.945963560955
662,22.7172783017159,0.218137500812458,0.195070802186846,0.137017316209835,0.149566687438086,0.0871602805553523,0.12070469825103,0.0923427145463924,343.426751592369
663,26.8572309473529,0.27430843634937,0.189867486600274,0.14921620465678,0.107053092057874,0.091079792849302,0.0908961199168109,0.0975788675695897,222.358169160125
664,21.8579914374277,0.253636893875346,0.253884607559414,0.0979475997535026,0.129392873239924,0.0735244329702253,0.0861113719638912,0.105502220637698,254.171648644646
665,26.9974184082821,0.193458886696929,0.244509314372912,0.109188984502615,0.110316994540639,0.112901627511433,0.114412296707864,0.115211895667609,423.614220115517
666,21.481997417286,0.261830457952588,0.245872029282631,0.1372872620059,0.104714395436564,0.091672356046265,0.0819796801324398,0.0766438191436126,282.290682861788
667,25.0355248665437,0.188173664060115,0.248862973450305,0.14647711550448,0.116997732742302,0.0956806178182641,0.110576181227128,0.093231715197405,225.21398311362
668,25.2720271237195,0.260489730543283,0.168567796682502,0.126595718271729,0.157584593539004,0.0994080157563111,0.0851008422180636,0.102253302989107,212.694356391636
669,18.3199450466782,0.214591946053517,0.241585580116341,0.130351319011806,0.124370538288371,0.103516632568206,0.100360447068047,0.0852235368937133,138.560272552213
670,29.7806187113747,0.263009922893759,0.206525407545932,0.161330317803216,0.11034130977225,0.0773835921769002,0.0783836453712032,0.103025804436738,277.575411050207
671,21.2514620972797,0.211164581104723,0.28310828550948,0.120409775396278,0.136828775258264,0.0901289747744043,0.0755655548794046,0.0827940530774465,304.814931121322
672,20.1647775573656,0.251794776663277,0.24767558196649,0.113868659404636,0.144686543650935,0.0836428961062521,0.0758142039030308,0.082517338305379,275.571796770833
673,23.0433719605207,0.208191780812294,0.21199226773819,0.131426412905826,0.13358746746361,0.117716812480537,0.0839720899975056,0.113113168602037,303.824974077905
674,22.3894608858973,0.232619252496556,0.249287552775974,0.140904570506741,0.100532777242811,0.0811465634724695,0.0958139282472866,0.0996953552581616,194.896222781814
675,23.5417581163347,0.23326539518354,0.192243828532623,0.116798169128915,0.159821149351062,0.114145996778729,0.0792048144752905,0.10452064654984,310.393186194631
676,28.8013368612155,0.206954019623496,0.220046467672851,0.14191889249498,0.137017941066709,0.0992395033275747,0.108128976930764,0.0866941988836255,173.584772626277
677,15.8261957159266,0.228524552294101,0.217364739819657,0.106699621798084,0.142313643165497,0.102059961789564,0.108173948051684,0.0948635330814128,292.991556806408
678,18.4883283870295,0.203896103073584,0.217409430110504,0.145172359349658,0.126309867039131,0.107812365496002,0.0890873324801507,0.110312542450971,268.753962375949
679,19.4357417011634,0.189977845345423,0.256263312771244,0.131326820398463,0.160031302797774,0.101355558223663,0.0904270470707817,0.0706181133926514,299.711390905052
680,19.5800661854446,0.260653396556346,0.205206285044345,0.162051850533304,0.115209784904166,0.102720052203978,0.0773292086301749,0.0768294221276856,301.223107687745
681,15.10037610773,0.274604748680015,0.199499830340321,0.125943529252019,0.125642423197346,0.0815370801858061,0.0823552114574648,0.110417176887027,288.408591319803
682,26.3642737688497,0.17857042052513,0.232254582792213,0.152144532186094,0.165142658297879,0.102191672050816,0.0787004693392964,0.0909956648085713,340.83015849504
683,31.337434258312,0.200280461072367,0.196530409754845,0.127909256111114,0.156127742922206,0.101788093522698,0.115236208107314,0.102127828509456,248.604117908447
684,33.4423301042989,0.19491087450307,0.239113887002151,0.161871086042665,0.165333134524156,0.0751631829313254,0.0728462623251868,0.0907615726714455,468.48312842541
685,24.0969892404974,0.221012025487424,0.241418227004718,0.118802670540588,0.142702428753868,0.080304916556792,0.0900204116525039,0.105739320004106,165.410694711891
686,19.1494961595163,0.258515847609743,0.195219839973828,0.111426816772679,0.135472260127124,0.0961966066952222,0.102956195608397,0.100212433213007,280.595171085753
687,29.4941211631522,0.210635526993674,0.193597666962473,0.125477936264437,0.174969996967932,0.122703771865746,0.0930244966680166,0.0795906042777214,324.831758258027
688,19.0210501104593,0.231193288636664,0.180896082373048,0.147946780184192,0.144980554908579,0.109742423104139,0.0984129734425387,0.0868278973508396,174.729847430005
689,27.5696228956804,0.192062739012482,0.216804005514254,0.16618142006784,0.104190240644424,0.108214746811886,0.109945093912583,0.102601754036531,296.980654717812
690,26.8589630257338,0.243034273916425,0.239439660875547,0.097694019521156,0.117937019827988,0.104215006664986,0.0940185481077549,0.103661471086143,242.457887720343
691,33.4624953940511,0.263823118613676,0.20268813876232,0.140844461968725,0.136028312025426,0.0785820163449817,0.0859919122910032,0.0920420399938682,269.71411642719
692,24.0301273716614,0.202453644020282,0.213426332566541,0.151401218977005,0.160944871202805,0.107130283421094,0.079439715447476,0.0852039343647957,300.013923863135
693,28.1075264932588,0.221680748587681,0.262591876712468,0.162388177078628,0.129938947237518,0.0719565304009633,0.0760561818966103,0.0753875380861306,462.310591023542
694,20.1647833455354,0.250090411558275,0.234944979013506,0.151648230916416,0.119693749782924,0.0852714108329184,0.0812905294527659,0.0770606884431953,267.243549103828
695,31.7724247602746,0.195270057657508,0.247446209766754,0.161188235057109,0.114712721799473,0.0786440355289945,0.0775187511519044,0.125219989038257,321.896963412836
696,27.1062984270975,0.244329952288475,0.20163365666501,0.151853481277566,0.153624058182892,0.0816043956544904,0.0793878221537273,0.0875666337778396,271.986431639756
697,27.6449219090864,0.210219460149693,0.270873803253851,0.160214083486259,0.0986435471750128,0.101738053366504,0.0858154590756249,0.0724955934930552,387.630217745524
698,20.7707175472751,0.251193480155897,0.202880642588095,0.114575416300721,0.135565923225657,0.0855486022875196,0.10541935451107,0.104816580931041,300.789157161897
699,29.6484191529453,0.202433838704657,0.204102685620838,0.148396172246567,0.121747710599937,0.0981682020423408,0.111569976742483,0.113581414043177,309.150229595625
700,24.089852264151,0.213418667655305,0.247832399636548,0.121065811998258,0.148149864187578,0.0954133938377464,0.0772626811692752,0.0968571815152898,254.128336542735
701,23.228024803102,0.263956914804824,0.197175694603167,0.152412332590473,0.114018832189071,0.0827450814289732,0.107839970375197,0.0818511740082958,317.170019256404
702,29.7502803895622,0.190901346511499,0.246688493917643,0.142372034824383,0.113405147404248,0.119856856015004,0.0828787195936174,0.103897401733607,266.943860168867
703,33.6164534091949,0.227130449049688,0.230168830755756,0.150814474681164,0.133281003809158,0.0849099154613219,0.0709895205844322,0.102705805658479,349.857324840777
704,28.9212234690785,0.248517153009905,0.186830913300927,0.147150468765151,0.161234074742309,0.0792832132246732,0.0899084473585244,0.0870757295985111,229.898918678721
705,26.1792285507545,0.201124977518292,0.259893824229381,0.139537805485826,0.10599995309393,0.113814929228933,0.0994559752561792,0.0801725351874572,216.766049474154
706,22.0322394790128,0.209883413198763,0.255477675625204,0.141336780974433,0.137659265942134,0.0679548374709356,0.0896562318089007,0.0980317949796305,154.954466005041
707,18.400298813358,0.210908307097238,0.198444758768809,0.141413276337849,0.160615703884628,0.101821586625403,0.0851617235544047,0.101634643731669,219.661976003556
708,31.0464777331799,0.198891937235538,0.242948612374455,0.158063438472339,0.147791343031465,0.0911356808811609,0.0884770513577651,0.072691936647277,415.369456376827
709,30.8140882011503,0.286913633069132,0.183587258962584,0.111129991256593,0.136991697787922,0.0896508880766376,0.0969197445193404,0.094806786327791,231.894474892607
710,26.6029867716134,0.251997544570448,0.232323888712103,0.139310057341409,0.154354695839746,0.0698463791465158,0.075459489229981,0.076707945159797,412.013035105914
711,23.3152722660452,0.196389986883568,0.207774737163271,0.170605191598342,0.111936667168136,0.116877348036864,0.113080835475069,0.0833352336747514,339.841801214639
712,29.0566917695105,0.242270569799123,0.262535624391012,0.117425762597058,0.142937875460601,0.0755666224042505,0.0810201315980188,0.078243413749937,381.88783883867
713,31.6403030557558,0.196802674186629,0.226709319187626,0.145188793971844,0.159424038290908,0.0987310731459272,0.0851202225728027,0.0880238786442637,308.967145608062
714,26.3031638879329,0.195951136240874,0.260643736729184,0.120462188767116,0.12813265916484,0.0933452958782586,0.105955469213194,0.0955095140065335,158.37819582285
715,24.9200381617993,0.188737611129902,0.25708331177041,0.153482395105221,0.104186475256492,0.0795908868680639,0.100663504047878,0.116255815822034,298.250688786842
716,34.5962334284559,0.228088227001926,0.219844690321648,0.147407685621847,0.11543562515514,0.109352693476289,0.106199697897818,0.0736713805253312,351.925818397269
717,31.2663817685097,0.198077711992541,0.243524280804434,0.1329337228041,0.145438008988068,0.108024501167072,0.0963544806738275,0.0756472935699567,303.277025625839
718,26.2316463980824,0.253644817232387,0.216717354202508,0.135078657384641,0.143995274578969,0.113167636955117,0.0681173801905161,0.0692788794558626,489.11213153609
719,33.6052664881572,0.262159729283565,0.215326853061419,0.148445393936971,0.113568103771955,0.101079232718899,0.0709404794736189,0.0884802077535732,412.627403347615
720,19.8245033808053,0.23275732483512,0.282734506115414,0.110593782983311,0.110952274572788,0.0971405353705057,0.0924859715547972,0.0733356045680631,243.270211820465
721,23.9227535389364,0.217376868836528,0.223291550361171,0.11340635981973,0.14506036120633,0.120435778558507,0.0910577124610567,0.0893713687566775,193.444763738702
722,21.5399528294802,0.186861648328674,0.270676886934503,0.160037609935133,0.142977638356224,0.0801992524763787,0.0718874478997167,0.08735951606937,356.273855725082
723,29.623222858645,0.190039627142159,0.233941754787312,0.16496811170759,0.130775986214991,0.0914240586746787,0.104742412162617,0.0841080493106525,256.393482447049
724,32.9130240436643,0.1861609172277,0.252992181380304,0.159375738812474,0.110250504955692,0.106142737170112,0.0833770050853242,0.101700915368394,270.114175677695
725,33.9822830492631,0.201324406422368,0.243165932908175,0.149504804817946,0.146108299067031,0.0894564829720822,0.0909464650463816,0.0794936087660164,358.292341875286
726,17.3077941918746,0.236419957190882,0.227767016197226,0.125893003402111,0.119964614164396,0.093715003110074,0.103978862818554,0.0922615431167576,219.334083839428
727,25.9855230059475,0.192286333914188,0.24577340896294,0.142035414196636,0.127370349249688,0.0907887330652206,0.103641582338239,0.0981041782730877,139.072552214481
728,28.4447324089706,0.231828774705175,0.223132381909088,0.137738997294075,0.144981427880149,0.0842954268415271,0.0741390015906526,0.103883989779334,268.696548659449
729,34.4188165664673,0.218521463412513,0.222557673924314,0.151355343778123,0.152924121863557,0.0779953242890252,0.102389235316974,0.0742568374154938,381.888549844466
730,24.6127984067425,0.186512828857633,0.268918677068614,0.11003691486915,0.12722356315801,0.11288948349011,0.0963045380404795,0.0981139945160027,196.23350614724
731,28.5139664076269,0.191227070076558,0.223682289642918,0.174123053682758,0.129596665533517,0.0799418555683393,0.0993208512013848,0.102108214294525,209.460050362902
732,32.8658414073288,0.209194827248929,0.258631766366077,0.147695719480638,0.140887106192383,0.084068980141903,0.0837690313324969,0.0757525692375741,431.288816471657
733,32.787815425545,0.174410826977248,0.263007108459891,0.156275554439042,0.141116165429025,0.0802366058691718,0.105310832636483,0.0796429061891389,351.091690119973
734,33.26959323138,0.248417800913723,0.233729554400932,0.110808290872881,0.146809795647075,0.104135253234848,0.0762543744726467,0.0798449304578931,434.839283069198
735,23.8778601586819,0.206444477889524,0.172938051664001,0.133827707141486,0.170126626711744,0.10108593375673,0.10449672903897,0.111080473797545,327.721700488811
736,33.957771458663,0.211916453947558,0.192043963675101,0.177748551518148,0.13758147250773,0.10479340358046,0.0965288056492667,0.0793873491217349,360.193689823727
737,15.9026962192729,0.254676667443177,0.261266695749987,0.138026869399994,0.100705981338811,0.0724516526553459,0.0751455105144986,0.0977266228981866,247.539505258471
738,19.2790427198634,0.240261378319514,0.23507369627994,0.123059755108728,0.134580981762261,0.0957341218943673,0.08989597301544,0.0813940936197504,123.56267219671
739,28.3775654202327,0.246519957147584,0.243141597762576,0.138940609901694,0.109851092814023,0.0735134824403411,0.0942490689505725,0.0937841909832083,205.89358613539
740,23.2272976310924,0.236775567001616,0.17052256216883,0.136574269336864,0.158644729901047,0.111999152456485,0.096483739501254,0.0889999796339035,158.418841653084
741,23.3919774740934,0.223903979773109,0.268867817463819,0.106403471446676,0.102135005759605,0.10503888617536,0.0836947246340283,0.109956114747402,290.211938972005
742,20.500121046789,0.230191767265276,0.270614408428416,0.129600252465305,0.108541674570691,0.108147386371639,0.0753848606551654,0.0775196502435076,304.326114649695
743,26.917033540085,0.252391284335801,0.18290579808737,0.144704840934943,0.145789182874707,0.0760760855040545,0.100045922106685,0.098086886156439,158.919567471485
744,31.2103621754795,0.198115935179964,0.186995387831799,0.150110834833872,0.140919145172197,0.115409323522308,0.0994557841487411,0.10899358931112,239.882624796324
745,27.5126662524417,0.23009318802095,0.197304837831332,0.152641371431371,0.130837815453748,0.102894488511296,0.100160905222618,0.0860673935286843,172.761842689971
746,25.0389937544242,0.240726214222232,0.228570582352804,0.14018351814659,0.144454869066792,0.0984985877614895,0.0722204269495831,0.0753458015005093,390.611761220554
747,22.485556663014,0.253381643207452,0.223088554756269,0.0965525625672964,0.141574011779448,0.0841766842289295,0.104538139338706,0.0966884041218994,239.787113020285
748,19.4424159545451,0.220289349057292,0.223382183046894,0.131897898550369,0.112300603077553,0.103433971837287,0.108433829171993,0.100262165258613,304.430276996008
749,20.0911796558648,0.213522962644506,0.264097054706496,0.153111876993958,0.148721307183662,0.0843553523202932,0.0685845018030711,0.067606944348013,501.059694860026
750,28.3848578017205,0.169191914880871,0.264941543884316,0.147633635842243,0.140613721060387,0.0700155710705981,0.106292965757784,0.101310647503801,242.000592504797
751,30.8426827099174,0.21754453600969,0.229234931291708,0.13261271570862,0.139034936575332,0.0874238272844716,0.0976846159722194,0.0964644371579593,111.565042215967
752,21.2656402308494,0.195291199320314,0.193476583218329,0.166292026748593,0.119520113048123,0.115928478623068,0.124661412793905,0.0848301862476665,455.858035846552
753,28.0661017633975,0.219717992286717,0.212060741506571,0.117846389900745,0.13342606818622,0.128054110002662,0.103771361495449,0.0851233366216352,219.619671159825
754,28.5344973579049,0.212657898558734,0.243600100947341,0.142978942349093,0.140226410667804,0.0838296949959481,0.0808393314826443,0.0958676209984353,227.933461709381
755,20.917190387845,0.253155617402,0.194089775589825,0.128868605731191,0.111603102029937,0.105342724440772,0.116230161863553,0.0907100129427221,371.630454747434
756,31.8004438141361,0.218390935512851,0.227806182737939,0.159039343220769,0.110733976124353,0.099777678843928,0.0916036092754899,0.0926482742846708,220.614486742715
757,23.0566310230643,0.255762973388393,0.239977358861802,0.126714522228766,0.117091288520283,0.0803128403966157,0.104462492916091,0.0756785236880485,274.299333432085
758,18.6949883028865,0.242606434828186,0.197319452953576,0.153006197245032,0.112836457029071,0.109165733197457,0.113174676665105,0.0718910480815724,369.810516960448
759,28.5558237880468,0.207548293241964,0.225023016328457,0.145238667664924,0.151176440806527,0.0732862286567864,0.0815022723641459,0.116225080937195,254.950792475184
760,33.4696991974488,0.27831027285578,0.21548938235617,0.121311224323618,0.11433281882784,0.106538716970001,0.0929443815091556,0.0710732031574361,403.465264405268
761,28.6428075795993,0.212187297659535,0.236878829099812,0.115705623421742,0.158054160262747,0.0874501596131773,0.10415889339424,0.0855650365487468,194.500548066956
762,30.3846891690046,0.259679439645954,0.245461336215436,0.129587801058682,0.136929710173263,0.0848035543880114,0.0756969714487258,0.0678411870699275,502.230365871744
763,21.8504985049367,0.213131066757772,0.24763304146061,0.159283521803319,0.100892067299923,0.0929512844778349,0.0845975806133855,0.101511437587156,174.774166790109
764,23.3988457312807,0.212194125232121,0.205037840452939,0.124802161139147,0.169436070202266,0.0980027958363419,0.107094854657969,0.0834321524792167,199.141993778699
765,33.5324610443786,0.208734817608872,0.267051151030211,0.159891720339935,0.0974009658415314,0.0886060457168569,0.0898578355822844,0.0884574638803092,319.649177899559
766,18.7577571021393,0.246763338261461,0.241432483395903,0.121977851341733,0.146660721042057,0.0680160849078974,0.0745773401461228,0.100572180904826,248.523241001337
767,23.5986684681848,0.205166402858894,0.232590096768427,0.159923866168629,0.125269557657017,0.0964757538425552,0.0786046434417944,0.101969679262684,198.008887572209
768,33.7540909508243,0.252690029713063,0.250360897744577,0.115851921174457,0.129352381220517,0.0686530073388233,0.0760336105080956,0.107058152300467,346.011316841955
769,19.2706306045875,0.189488388972109,0.254838380658605,0.146360702811314,0.121063958006628,0.0944011054212788,0.0907635120735068,0.103083952056559,170.002903273595
770,34.7606194205582,0.222060985431799,0.23656802225575,0.153630099495147,0.127504610186379,0.0979375591832554,0.0832648696729846,0.0790338537746845,397.067575174032
771,33.7397535517812,0.236004275734574,0.247879851173989,0.125782573607983,0.137078637095745,0.0829516547668525,0.0861284513784534,0.0841745562424032,328.259754110517
772,15.9509115805849,0.258257387367027,0.244563065599304,0.111333021929432,0.131501160695474,0.105724105448178,0.0689081600335817,0.0797130989270028,333.795704340099
773,32.9113874817267,0.271373152976109,0.19854098558396,0.14966297876302,0.116864798318321,0.0803521752964469,0.101007307936813,0.0821986011253307,337.483395052575
774,15.0950787123293,0.205920786713929,0.194156790027613,0.14305742424256,0.136564916730877,0.122466523671149,0.114820289868342,0.0830132687455291,355.657709968901
775,30.1495950762182,0.239061392785744,0.222840688987355,0.110741759974134,0.114321706954026,0.102779084736977,0.102435281386835,0.107820085174929,257.015079247513
776,23.9457093598321,0.209755363246666,0.267184282533754,0.13131490544895,0.122262067006135,0.0817266486892131,0.0990868282714302,0.0886699048038517,145.159650422155
777,20.9566334169358,0.174674626958969,0.231555703603258,0.161632595509081,0.158737543111951,0.0871713038795469,0.0746672907337052,0.111560936203489,335.900044437871
778,29.5899576554075,0.258450726247754,0.179478544889232,0.116345054915192,0.137314141211807,0.118418449129037,0.0842172620081806,0.105775821598798,311.440675455483
779,33.4217081218958,0.169979839014324,0.258866436292579,0.135526578116799,0.143010992884627,0.108023102989993,0.0921457426217404,0.0924473080799386,271.301022070802
780,24.9149640602991,0.265135991593277,0.204992490136337,0.123751204627305,0.104859918927912,0.102490057094003,0.105157143268359,0.0936131943528073,263.476996000599
781,23.8959697401151,0.220975752396355,0.261362851454988,0.129807068475398,0.107591228595524,0.0999685159802156,0.0954217548196033,0.0848728282779151,150.556836024285
782,18.5530859883875,0.213072936126973,0.249318351532071,0.132752297407801,0.137915267953277,0.0964049974006069,0.0901224409947729,0.0804137085844992,146.603999407495
783,23.511037202552,0.247765470661244,0.186035503304176,0.156332241420701,0.146623821722271,0.0824983651015016,0.112314513641782,0.0684300841483253,366.563531328693
784,31.0235051391646,0.194080253427915,0.274484276367717,0.123987729970953,0.130493020440362,0.0799183469130378,0.101574181410956,0.0954621914690593,191.911835283658
785,17.8989144926891,0.226715905638623,0.25988409289607,0.126847476698547,0.129593790885538,0.104326115303284,0.0726064440505589,0.0800261745273793,294.143208413548
786,29.0468560857698,0.243181106254465,0.18178937447795,0.160376358684229,0.157331315193547,0.0958255227454405,0.0813167827802055,0.0801795398641622,344.187409272725
787,20.3606559382752,0.232193116574615,0.235338794909258,0.101551762457254,0.154121554067199,0.104404994081999,0.0921640958986802,0.0802256820109947,194.09426751592
788,34.1221136413515,0.231557249833188,0.235103480298357,0.150361327127773,0.101856641965114,0.0743504273896124,0.102515835595687,0.104255037790269,261.803051399792
789,26.3537480914965,0.192369692745065,0.241070310593187,0.161996487612553,0.134603388995796,0.0871591506700808,0.0789902564127036,0.103810712970614,230.381750851715
790,31.4975968794897,0.245955905852305,0.206551496978697,0.140120727607169,0.134470631912605,0.0934367780102363,0.101032575366954,0.0784318842720347,263.263516516069
791,30.1873996388167,0.264722268958262,0.193558149484291,0.149937255974823,0.142274272707919,0.0873028859451412,0.0865544647962263,0.0756507021333374,348.393482447041
792,17.1581559209153,0.197606857748683,0.273452154966173,0.141085715490177,0.125774759665964,0.079451838529433,0.0802875726641671,0.102341100935403,205.266005036281
793,30.6112350989133,0.20400018564453,0.238233188059688,0.157391667643677,0.120034163119483,0.0963712476448844,0.0943908866733134,0.0895786612144248,201.565516219816
794,27.3027903400362,0.229907494732086,0.219821173120786,0.116469991903316,0.184751575538921,0.0818184749562875,0.0832206826938306,0.0840106070547733,340.871989334908
795,33.5014403704554,0.242353600864322,0.230837149276931,0.144163083990877,0.132859882677848,0.0683314450292227,0.103149382146143,0.0783054560146548,356.253414308984
796,27.0179830910638,0.207026671574011,0.187297968409025,0.157288160451324,0.124775804604431,0.121331796305955,0.0957454994444558,0.106534099210799,249.204977040436
797,33.1963150110096,0.237818503817246,0.235693244713079,0.139412464610899,0.112610476563988,0.102650293737657,0.105661065741141,0.0661539508159899,407.31097615167
798,17.4839136982337,0.227375255826683,0.240949107448662,0.12282295343053,0.150098603780787,0.0994095964244062,0.0693924767390251,0.0899520063499063,310.555058509848
799,27.9509638855234,0.226868268397595,0.273894706840245,0.112971504252858,0.108184300195148,0.107068057979966,0.0938179338422173,0.0771952284919714,275.753932750705
800,18.9514510938898,0.197967685309337,0.248175183296693,0.124574623266444,0.153406937215691,0.0800216823550308,0.0964576928970338,0.0993961956597719,200.747563323956
801,19.0272858832031,0.233001482977012,0.18845083952266,0.122121750471127,0.161537897806282,0.078054287616781,0.109374871726662,0.107458869879475,362.375648052147
802,16.4934179792181,0.241861858608901,0.248091094218765,0.126185387931224,0.101182816935189,0.086685979872846,0.102002977337317,0.0939898850957583,264.906058361729
803,18.0961386114359,0.256939940147769,0.179664297503605,0.125277944839642,0.164372725782336,0.0824456853607238,0.0918179644271178,0.0994814419388058,196.77126351652
804,30.0148453935981,0.238675083707737,0.189288555358857,0.135158373770537,0.139786397665256,0.105674063971057,0.109729296509406,0.0816882290171503,229.961309435643
805,17.8978074947372,0.227499864896149,0.236087913168112,0.14263730456026,0.131754582169134,0.0748761393212244,0.0970232198851295,0.0901209759999917,162.75959117167
806,29.48154930491,0.202489584879456,0.262868265637798,0.141329019586328,0.139897687513257,0.0866664101172298,0.0831394367375729,0.0836095955283594,319.254154940002
807,18.173773731105,0.252234688815995,0.238718123711469,0.140520114281181,0.117934956101426,0.0771472797554184,0.10075161727313,0.0726932200613798,296.04420085914
808,15.6900709215552,0.240861344023998,0.185381877838763,0.159142680774839,0.117429344675767,0.117350033436573,0.0920317776246452,0.087802941625416,230.259280106646
809,33.1216656556353,0.191753018613636,0.211121803267321,0.148080383672532,0.161633084382739,0.097284925991065,0.108553165662706,0.0815736184100015,281.537253740188
810,18.9357255632058,0.187332064411359,0.272326242427523,0.123699182863703,0.155281745677304,0.112668578200574,0.0796037092215339,0.0690884771980026,392.244052732931
811,28.1961802672595,0.212348226725779,0.204430053618885,0.123740702175739,0.126841781152133,0.108472905677657,0.103056994087768,0.121109336562039,368.86843430604
812,29.3285353155807,0.21581541323352,0.26121797219297,0.12217045271603,0.1106600715383,0.0878806847685103,0.111662917375704,0.0905924881749656,244.647963264707
813,16.327419388108,0.241433334278179,0.249841129604587,0.135818715303606,0.12180022661289,0.0850559798197951,0.0823401729613789,0.0837104414195644,170.864523774263
814,18.2639767462388,0.253958682854386,0.217381831870147,0.125825051186631,0.101730590508064,0.102859755386706,0.088114080707156,0.110130007486911,313.421241297589
815,27.662676400505,0.267648599221091,0.206865751616477,0.142184436514111,0.129588231012069,0.0781020150002089,0.0790709197511563,0.0965400468848869,228.924544511912
816,23.2533915573731,0.194657933371688,0.202592898064733,0.142692605648245,0.146208654696533,0.0905779927080371,0.103101774550466,0.120168140960299,364.564360835411
817,21.2641169317067,0.188636746383202,0.220183367086397,0.140510897886017,0.15147763447701,0.0952251792069307,0.107559638257675,0.0964065367027685,226.360953932756
818,34.6728209918365,0.249859973472715,0.213602014441474,0.149957646360273,0.109297186071533,0.0934239847551016,0.102097498356027,0.0817616965428778,329.123981632342
819,34.5710720214993,0.242517173975394,0.227044385210851,0.117948802695653,0.172018427539836,0.0823407415796448,0.0866379175506158,0.0714925514480057,466.672374463042
820,16.2275121873245,0.277316708608251,0.217229982879415,0.111602286210946,0.107185952357065,0.115444404812968,0.0954368944959504,0.0757837706354051,269.788475781356
821,27.4709464842454,0.234320741810182,0.194539701951322,0.113246019106866,0.17259503389368,0.076102409403976,0.110750168587923,0.0984459252460525,248.815168123252
822,26.3077396387234,0.20169946229772,0.275135729706683,0.129039690445791,0.125969764135127,0.0751046319148864,0.0773850881199377,0.115665633379855,283.539446007998
823,26.5881336620077,0.244518204706885,0.215159199213733,0.136600047858194,0.140679734099726,0.0788722504977889,0.0809119716251423,0.10325859199853,177.781721226485
824,29.9120871769264,0.231216118509908,0.208317948343058,0.117817810395851,0.152019346849522,0.0844572402490612,0.10472708865285,0.10144444699975,168.159502295959
825,16.9025218533352,0.237361383326179,0.20708026407477,0.1326300482205,0.126844045449798,0.11188795488936,0.0932678029444712,0.0909285010949218,152.901733076581
826,26.3365680491552,0.191450756327123,0.216626628840908,0.174431185274935,0.149652555238095,0.0761067380754488,0.104984042105147,0.0867480941383434,284.600444378603
827,34.0809778589755,0.270597633712569,0.233915303961601,0.133141282353682,0.117366795842733,0.0756486656465166,0.080833432605951,0.088496885876948,362.985691008749
828,23.7506964476779,0.195293951385735,0.24511510330617,0.113150499333392,0.140007978668119,0.0908293146695619,0.0873353886046978,0.128267764032325,413.052644052728
829,33.5923393536359,0.189224625759367,0.195437331116304,0.173840776389308,0.134176130546646,0.0869522014648973,0.0977009824886615,0.122667952234817,294.282861798259
830,19.9037137906998,0.193059255787178,0.211745946506048,0.16245326515015,0.131400761825626,0.102880875141994,0.106143889941784,0.0923160056472207,249.783854243819
831,31.9621059298515,0.263164245966175,0.20113980755242,0.121462433965584,0.133906851791748,0.0782730683869471,0.0851673971863397,0.116886195150786,278.395793215817
832,22.5891784066334,0.231731224300507,0.245557373909154,0.104988128531097,0.138851951902292,0.0828580551198406,0.0926592950458786,0.103353971191231,192.888697970677
833,27.0890672923997,0.202232926672475,0.211550595308042,0.141160918490946,0.11303742138721,0.105610264625406,0.116580381694953,0.109827491820967,370.167501110956
834,27.2294322634116,0.190150309095767,0.269470360540648,0.161579466040308,0.117816043634058,0.07145597415229,0.085660090913572,0.103867755623356,219.327151533111
835,20.9411565121263,0.186862074236842,0.222466872995383,0.132831771140718,0.164286028138754,0.113818846378092,0.0878407393536291,0.0918936677565818,231.022900311071
836,33.1023511802778,0.251650866230413,0.205844862086537,0.137449020323393,0.121969134960371,0.0803765452874306,0.12025004893222,0.0824595221796346,377.427640349576
837,17.1125787636265,0.245787974872102,0.233179714977459,0.100506145734962,0.139656789295491,0.0953948718442419,0.102162945135168,0.0833115581405771,200.869204562296
838,22.5932140368968,0.224426660020543,0.181317652490651,0.158342852946017,0.166771268843056,0.0887349804509252,0.0931449731689994,0.0872616120798078,183.254569693381
839,27.5801511993632,0.265597131045164,0.179928226289365,0.163481493761535,0.112040510601712,0.0955061205703925,0.107868040512524,0.0755784772193081,371.238749814848
840,20.1552252378315,0.22602280163473,0.226012575135864,0.158433058647029,0.107090838354574,0.076969812623723,0.0973635468955276,0.108107366708552,277.687809213445
841,15.2551262406632,0.259580136755645,0.179334825444495,0.150501654902606,0.130078480706991,0.0962184376664018,0.0776405323847935,0.106645932139069,257.736572359649
842,22.4791466537863,0.245691209868777,0.205786094953419,0.120841709560762,0.162823446226039,0.0827458358823864,0.076290533417148,0.105821170091469,261.96847874389
843,22.4352047918364,0.17467979509414,0.271283751565464,0.150071877737697,0.138695438470711,0.116756781156712,0.075346212185798,0.0731661437894771,426.974433417276
844,34.749322575517,0.216895807697248,0.19619911918398,0.16735358347977,0.124229914871082,0.102880242277133,0.0878783188250594,0.104563013665728,245.914264553411
845,16.3455713912845,0.21190516729687,0.257037582723745,0.112470524941911,0.121049492936294,0.099191582711845,0.0985784994046186,0.0997671499847161,235.601481262048
846,29.3524916749448,0.212481337520792,0.236708305637907,0.154649491198795,0.109691029740998,0.104382305395979,0.0789325720621773,0.103154958443352,247.158643163978
847,31.2424409622326,0.241545862724052,0.232186371615155,0.152031974686444,0.148874995521383,0.0723068953723531,0.0876310149000017,0.0654228851806112,500.219878536523
848,20.423744963482,0.258761577860944,0.227270225046899,0.103454580076042,0.142623350727552,0.087543553215589,0.0820325416984113,0.0983141713745619,210.917730706557
849,29.857750441879,0.171403252503784,0.279949286523046,0.137300454051477,0.123248411422553,0.0793893137906725,0.105316456518007,0.10339282519046,212.760124426029
850,34.0305558685213,0.234665084483649,0.19776558826299,0.14974836208517,0.115714151755783,0.115576035376696,0.102336589070932,0.0841941889647811,284.59149755592
851,26.5205168584362,0.191542164890695,0.234265991100865,0.159805599449108,0.147698110224772,0.079030504354748,0.085267093311056,0.102390536668754,203.138201747898
852,30.001805559732,0.185488838309128,0.18690109728466,0.173183793746531,0.17531172138088,0.0794836106349112,0.109445151180265,0.0901857874636253,323.562316693817
853,20.323643963784,0.224912330339036,0.24707302089564,0.13960523159246,0.144428603305096,0.0831629570773119,0.0887047924320095,0.0721130643584469,274.911864908901
854,28.3389143552631,0.214311213796802,0.212094108938678,0.16036763627621,0.124170062255939,0.0838813358074761,0.0950448872952893,0.110130755629606,177.747355947264
855,27.8461051965132,0.235122978422272,0.205351236870404,0.102984684243717,0.155271111807655,0.112119935262994,0.113044298133998,0.0761057552589602,269.131091690131
856,16.8124751653522,0.238554737159079,0.244037250507818,0.131093071174244,0.112039490754855,0.0799469236178496,0.11438666467177,0.0799418621143837,363.81253147681
857,15.0136820832267,0.241144828667152,0.264945361552898,0.158762218005779,0.104436899082723,0.0776929129151069,0.0773203082833321,0.0756974714930092,330.262538883123
858,26.3528697052971,0.181056602710841,0.238832755383458,0.126511371425438,0.150930876147904,0.106862191260681,0.0968163393343943,0.0989898637372829,177.615879129019
859,15.9068563394248,0.266052443494431,0.180380378577023,0.133051225780261,0.125176948545826,0.0842696680934044,0.099616377395941,0.111452958113113,378.975322174495
860,34.5527761243284,0.1907913817713,0.271637145123739,0.11815457946045,0.129099369644835,0.11802381389538,0.0754675396035398,0.0968261705007565,415.193304695584
861,26.8208673177287,0.226425499141834,0.196363406619526,0.165256520311672,0.138640613880131,0.0929163004448029,0.0948182536739735,0.0855794059280596,200.664968152859
862,31.6289373906329,0.259277008488011,0.200626060015211,0.109955037257351,0.147738904275222,0.0926807637661,0.0963726847600397,0.0933495414380661,196.958021033917
863,30.4253067076206,0.198793360608178,0.206795709864882,0.150314593433445,0.139895540096575,0.0954746588136869,0.10812852112481,0.100597616058422,180.774285291062
864,19.7765303542838,0.215243410163871,0.216147834252258,0.159108638746704,0.130181433862579,0.0811241498845007,0.0955239540510265,0.102670579039061,192.185928010662
865,20.3907582676038,0.207376973388732,0.212239957532664,0.122229191639101,0.14476158292951,0.0930094367557119,0.134120079826156,0.0862627779281249,497.965042215947
866,31.7715045902878,0.239427031173789,0.20825340377632,0.149478547248472,0.146964516467553,0.097563961787909,0.0949372038065355,0.0633753357394219,439.49714116428
867,29.4912472320721,0.216754734136478,0.221869385426658,0.139721538095467,0.156456825341477,0.0696706043396698,0.088526328479603,0.107000584180648,196.053621685673
868,26.8800927279517,0.2115671449925,0.176588374732279,0.158682616669103,0.137379881837582,0.110685527345104,0.0963972404856669,0.108699213937767,235.775203673537
869,16.9589860271662,0.231156755257182,0.223687421963037,0.139042005083326,0.110950371346908,0.0740286652875169,0.11291553286162,0.108219248200409,443.501881202784
870,20.0273624202237,0.23181470955695,0.25192114774678,0.145104826584878,0.108996393398929,0.0903314067021248,0.08090804575888,0.0909234702514585,160.636764923725
871,33.6776881385595,0.219289666376708,0.238818742631849,0.163942058066315,0.130644598232087,0.0906782557024104,0.0880386233529326,0.068588055637699,478.333639460803
872,33.7839508289471,0.219515211810597,0.222945536779877,0.137659334862496,0.129096275019316,0.107544692041381,0.0867275566665749,0.0965113928197577,230.499185305868
873,28.5811674036086,0.202500085118502,0.234668165381499,0.123937335339733,0.167200417819793,0.0879565914812235,0.10968619545693,0.0740512094023194,298.440586579766
874,25.3201503353193,0.229262805148588,0.253657706251954,0.102296286760983,0.139190400852676,0.077596776220567,0.103121645396184,0.0948743793690485,194.267515923555
875,23.4300675941631,0.20226869251189,0.237186220145748,0.107992288449068,0.142130125298752,0.113365118167189,0.103453859463418,0.0936036959639364,195.062775885059
876,30.1335371052846,0.218575350153746,0.228806483206491,0.158839806627714,0.115649751675582,0.11160732507425,0.0855347917461485,0.0809864915160673,312.654954821528
877,34.8593722237274,0.225721320000527,0.218505850169107,0.111443854938649,0.145678409987287,0.0877943675975672,0.113633640403297,0.0972225569035661,235.284254184561
878,22.7385195624083,0.186697356070939,0.285272085665833,0.146214176353293,0.111896232844697,0.114343358271782,0.0747756931126543,0.080801097680801,346.529640053344
879,27.043251846917,0.232704504107308,0.203889388589678,0.150762268396854,0.148112407858986,0.102016303631564,0.0761947506596754,0.0863203767559349,301.21753814251
880,30.6151312682778,0.201408796337286,0.212503633291684,0.16813479843406,0.157027096107885,0.0761307571863808,0.0867384839981636,0.0980564346445409,263.596859724481
881,23.2752574235201,0.215468057268153,0.189550814488893,0.160627898758043,0.129349968898434,0.119665838377849,0.0948799958127042,0.0904574263959234,188.927151533107
882,24.7130488604307,0.238208967910362,0.213859906115944,0.12980929552607,0.147123821891182,0.0994794607371024,0.104641058696141,0.0668774891231977,280.699570434007
883,18.5756601020694,0.247059688606099,0.227763801062888,0.116312091048973,0.144081961063183,0.100068490896705,0.0928585102147508,0.0718554571074013,207.065619908165
884,34.9469073489308,0.181287391723602,0.227348659285192,0.13906644690791,0.149945262242316,0.106333031387803,0.105122818365901,0.0908963900872756,225.269915568065
885,20.1586721325293,0.266125533811139,0.192529321301438,0.121130302705345,0.145354718900599,0.0929076029360772,0.089426409568464,0.0925261107769386,127.564923715013
886,31.281496011652,0.240452551074833,0.228730674411408,0.113220760016778,0.146948750107801,0.0717333549682869,0.101469518821705,0.0974443905991893,196.318293586131
887,34.9160080682486,0.270814609619687,0.217644618736698,0.10656750006363,0.129967291447475,0.0931668857366192,0.106807578172661,0.0750315162232295,356.37428529107
888,25.4231725493446,0.193466769603498,0.237384079461385,0.139547401506616,0.144453016059552,0.109023269481018,0.0865244700598553,0.0896009938280758,199.472315212558
889,27.0824025338516,0.24509337427396,0.236903473247351,0.12198526496101,0.120221887888158,0.0998601885585752,0.0925379327997864,0.08339787827116,188.276581247224
890,27.5698904506862,0.256755840610019,0.2658318916168,0.12957884761327,0.132101552488355,0.0715580802899842,0.0731366208789117,0.0710371665026602,491.044822989179
891,15.958613846451,0.241838842008462,0.18501352555583,0.136013040524021,0.144209499563598,0.09344865462302,0.0980181066716062,0.101458331053463,238.92519626723
892,22.3674188740551,0.233186879267726,0.223988089275022,0.100777734731341,0.155575784471307,0.0906903363515206,0.102794074186697,0.0929871017163864,189.305702858834
893,25.1819907128811,0.203509720190393,0.203465892205376,0.124646203316477,0.16315384285977,0.119488835881065,0.0838763887247617,0.101859116822157,298.96767886239
894,32.3615359934047,0.23556552291108,0.240756448343388,0.132000531899011,0.126934010579264,0.0973795089194711,0.0798836231169176,0.0874803542308681,315.301496074649
895,30.777735169977,0.248487784182254,0.251735895645781,0.11145810121274,0.106224100187647,0.0953305558651902,0.0869486443837571,0.0998149185226311,252.265797659613
896,17.1695369947702,0.182911183483345,0.280526868886642,0.116908316317134,0.139662146690294,0.109115978499095,0.0802853097621871,0.0905901963613034,263.598874240855
897,29.3735759239644,0.267454214722706,0.195149717776129,0.113303576326026,0.105765734600496,0.0945952320935026,0.116035703241916,0.107695821239224,412.813568360239
898,27.8568288963288,0.177628994435926,0.207825404191104,0.138477504150917,0.156899536461589,0.0973209280783115,0.105598899384852,0.116248733297301,312.663546141299
899,16.7836018465459,0.234709399970461,0.24051519142082,0.144543087503875,0.12691022618905,0.0603864093123399,0.0950243497794172,0.097911335824037,230.491778995693
900,26.1399566708133,0.213632444912477,0.216324282306254,0.155619753182093,0.142537009990665,0.0996067043017455,0.0867998288002982,0.0854799765064689,209.075336987119
901,26.323534916155,0.257603130121435,0.211114266172848,0.163950145685626,0.120910269615241,0.0804073555367202,0.0811839274200113,0.0848309054481195,291.39771885647
902,33.2838476309553,0.217213975196226,0.254506567627965,0.144288603451933,0.12645901106985,0.1036591437633,0.0708628249941123,0.0830098738966142,454.101614575631
903,34.0992904966697,0.211572339008826,0.211472274720911,0.15103453855039,0.121007445557475,0.0860681991557933,0.126574402025299,0.0922708009813056,389.94744482299
904,21.8593621067703,0.204242392769769,0.25892961877515,0.154928267274059,0.118276057809013,0.0835447772780167,0.095999095733778,0.0840797903602151,191.936009480084
905,19.7589692473412,0.237212043233038,0.24639536484311,0.1415859062341,0.119207582805998,0.0767732382617702,0.0836334698171985,0.0951923948047847,139.116753073623
906,25.5878785531968,0.24051993518372,0.231495521821822,0.134937469765619,0.151801782345692,0.0684862694929962,0.0765019734675046,0.0962570479226471,260.578284698576
907,23.797002825886,0.277084553595978,0.205147449062105,0.120409883115288,0.119401237463903,0.0961001879209671,0.091747333039621,0.0901093558021372,175.542645533996
908,20.9464844549075,0.183392743567678,0.279459337559255,0.134427488144613,0.111287216782533,0.0921518768635363,0.100952941856832,0.0983283952255516,196.355739890402
909,20.7028595823795,0.217730753687259,0.212274512755542,0.157278392246147,0.130721956817355,0.079961671483703,0.116494991696932,0.0855377213130629,356.516901199822
910,34.7980645159259,0.211930050816895,0.244277812737115,0.118479877638483,0.131647150539167,0.0880941235057121,0.100406208960578,0.105164775802049,186.207672937345
911,17.2893704008311,0.220315144320862,0.265131077122502,0.0994894118378702,0.135019885471745,0.0705780454676276,0.106980118300088,0.102486317479306,344.951207228566
912,31.1230961512774,0.23864760168436,0.199924664563128,0.127500650449408,0.113118772154759,0.110965387295683,0.115751728443981,0.0940911954086809,299.463842393723
913,17.222815155983,0.252771501084036,0.218908784608044,0.120513097326492,0.109043579811236,0.080148084371915,0.111677392909263,0.106937559889013,443.947030069615
914,31.4863120764494,0.221525137535122,0.221315227540636,0.122222833957006,0.142561713115183,0.0903751426530689,0.0969769167354592,0.105023028463525,152.117138201747
915,33.7839157087728,0.254794083435175,0.193795306380393,0.151362598778938,0.111190548297352,0.0825205237282449,0.117521322376114,0.0888156170037834,380.56021330173
916,31.0118264798075,0.200058105430851,0.253830207790923,0.170203422500607,0.105411491017689,0.0750350478893879,0.104180018429785,0.0912817069407575,303.68058065472
917,16.7246563127264,0.220793688332087,0.19726952983269,0.150192757130071,0.128414030635811,0.097473676619283,0.105752367688463,0.100103949761596,296.786905643606
918,18.8968394184485,0.183528439164353,0.280423767411913,0.15590193242152,0.112641394492889,0.0993725229773868,0.0873081797922628,0.0808237637396755,227.731180565845
919,17.281961068511,0.253704457682447,0.199283737795469,0.13775244383459,0.126252906550475,0.0927443440947352,0.0927525387468757,0.0975095712954086,168.041712338911
920,24.9209506809711,0.262271584324386,0.197005389384191,0.151365605589071,0.117860088814709,0.0938341564763707,0.108893314647954,0.0687698607633192,363.510472522595
921,17.3821838432923,0.197125406439503,0.21332489159352,0.143340229537028,0.178360665647036,0.100574163827333,0.0870533096805464,0.080221333275034,269.631047252267
922,32.0523811504245,0.242204057834466,0.223868456314372,0.159061240174111,0.131735425397862,0.0698558652718153,0.0926619789936365,0.0806129760137378,351.064790401442
923,15.177002241835,0.198917228635442,0.265550757426316,0.12301485308767,0.114463889848002,0.084962365895092,0.11627717816368,0.096813726943798,388.809894830399
924,31.4729255763814,0.214015037570624,0.279788239524522,0.119828838529143,0.116396871207441,0.0830747350605941,0.0796880380658557,0.107208240041821,288.366582728498
925,32.6358288154006,0.247502977111999,0.223880319763952,0.106308669561944,0.145923295944785,0.106391146038758,0.101082589687194,0.0689110018913689,354.544156421256
926,32.4667313043028,0.250019564909714,0.208537574027331,0.131252739942994,0.161212898282225,0.10008611276931,0.0786555834964057,0.070235526572021,473.835165160724
927,15.1424039481208,0.229288768918521,0.187558374978732,0.167159921405285,0.113492653253441,0.0986682399674224,0.103604399082352,0.100227642394246,346.369308250637
928,27.3512861598283,0.19115742336883,0.22313022590132,0.150246795987592,0.156628026649691,0.0944880070964376,0.0965229518059924,0.0878265691901372,191.992297437422
929,29.50269324705,0.23059014753387,0.267696993509708,0.126989971091809,0.120312618801779,0.0834822519132552,0.0859364162541026,0.0849916008954768,274.087335209602
930,30.4749729158357,0.211012139370433,0.267978854338562,0.112561405504449,0.140777586393442,0.0902810049130065,0.0893086236877336,0.0880803857923743,257.177425566577
931,19.3487707618624,0.188952019527841,0.180165243219942,0.175104563812238,0.131944849107944,0.108889258578353,0.110307803328948,0.104636262424734,407.948037327784
932,15.2491837646812,0.241026020104588,0.178169279446279,0.143943359868991,0.139243424622188,0.10701906697622,0.083006909808884,0.10759193917285,277.258954229
933,26.0656515834853,0.213290137031463,0.223142198010983,0.148961002646233,0.137442267503919,0.100867519946848,0.0843746511466128,0.0919222237139416,169.98518737965
934,30.8064566878602,0.200012676295798,0.255227199392763,0.127584776654464,0.154223985891753,0.100221886630407,0.0755641270730792,0.0871653480617352,394.30745074803
935,16.3150857295841,0.266674243873754,0.232426062983655,0.165527755041851,0.100352955108663,0.0782272497436082,0.0796498003362698,0.0771419329121989,330.877618130649
936,30.7463088771328,0.209522393726101,0.252497860410341,0.116746040436364,0.120268261768691,0.101069922388032,0.1116852962425,0.0882102250279708,220.447341134647
937,27.3065351555124,0.201254882369471,0.222899457413266,0.12515758116061,0.162248646221814,0.101747414501622,0.108962826155513,0.0777291921777026,234.627107095245
938,24.7402261896059,0.210782861979146,0.18917378494524,0.146268453001603,0.119676781758385,0.115791034456425,0.116860928575102,0.101446155284099,368.719597096739
939,20.0958043616265,0.231996093165543,0.191659186053582,0.129507878570681,0.118966683223319,0.101687702375393,0.121141058499387,0.105041398112095,481.019226781211
940,32.7153950743377,0.231119604102561,0.206125467627339,0.15136926333962,0.113005311722346,0.0996647404923499,0.091557821514028,0.107157791201757,206.079810398462
941,23.3265889948234,0.20839926821523,0.195851026734634,0.150784703315485,0.139941711501474,0.111692899508336,0.0806462144299328,0.112684176294908,285.217834394912
942,18.029242423363,0.213059583126432,0.184903068889318,0.153017581606311,0.136862023434438,0.107019002467555,0.100630341371957,0.10450839910399,294.675929491935
943,21.1168093373999,0.227678155583383,0.267641716550348,0.111298534339647,0.108189620405671,0.106101852046235,0.0962151646555483,0.0828749564191678,174.89112724041
944,26.5172396134585,0.230042650568142,0.232272253633792,0.129367989304229,0.142696195248293,0.0833441843646385,0.0745912180693836,0.107685508811522,259.754880758404
945,28.1719915335998,0.261769834366074,0.207842089504759,0.1358855207562,0.124684393120035,0.0785880985210909,0.107174745084397,0.0840553186474436,264.606428677232
946,16.5435052011162,0.213301647525187,0.275911258903344,0.116335446783844,0.130074851339969,0.0862614976758846,0.0989493508489538,0.079165946922817,200.173129906682
947,25.7155831344426,0.216212288143355,0.238663654076437,0.156042361806739,0.123658387672579,0.0982980439926092,0.0771562485253062,0.089969015782975,249.571678269885
948,27.057211692445,0.252380302073945,0.225357734017654,0.130984403430124,0.143926752430827,0.0740993275356795,0.101235692116109,0.0720157883956606,314.230306621246
949,22.5652993842959,0.187518163962689,0.25927305618326,0.13348647139218,0.155312002119832,0.105683461935943,0.0890838828083094,0.0696429615977877,337.574344541554
950,20.4973035631701,0.248876793427092,0.224350821618086,0.104778429121895,0.135408718694721,0.0939090110175049,0.102119613990882,0.0905566121298191,183.989275662862
951,20.1963669806719,0.261662293929007,0.216338656285915,0.136651820135699,0.114789145620627,0.100949204853997,0.0876097238494276,0.0819991553253271,176.830750999849
952,33.5701174801216,0.176258584851905,0.228050961351346,0.145295745206522,0.150697410530332,0.11578910776784,0.075124880550609,0.108783309741446,403.684550436971
953,24.3705470580608,0.244801890690614,0.201489386205301,0.128847828036365,0.144785203883965,0.110262019812174,0.0961146180835086,0.0736990532880729,217.086890830976
954,32.7192320488393,0.233265488285418,0.220882364067391,0.151457179951417,0.120687037646074,0.101118605099387,0.0987806314973848,0.0738086934529278,339.89423789067
955,21.309677362442,0.206007794782468,0.218353815981804,0.129462048115345,0.143153684970343,0.109174916554249,0.0939439821348804,0.0999037574609114,170.107243371359
956,16.8574602995068,0.27250007194056,0.207933779563931,0.122182895453389,0.122106054431706,0.0932869420242595,0.0905273203513652,0.0914629362347896,169.173692786256
957,25.0845279544592,0.225116220526878,0.26787496473701,0.139558231140102,0.11414309087424,0.075645032244194,0.076277165677004,0.101385294800572,235.039431195392
958,32.213004832156,0.211628680049528,0.220617286265898,0.157738874505059,0.143788663615581,0.0737212918485536,0.0866733853071193,0.105831818408262,215.279632647022
959,19.7583904257044,0.176660561765081,0.267522774204377,0.143181071445563,0.148214971962341,0.0959710693045564,0.0759181655300508,0.0925313857880316,288.402725522141
960,18.8043212052435,0.250161810720956,0.219725501570567,0.135263259591605,0.119680746180703,0.107960229746382,0.0888888769536893,0.0783195752360985,175.869648940887
961,26.0512941237539,0.222258849322962,0.195165415715817,0.13438467365893,0.126568780954691,0.105145203447075,0.121302186159626,0.0951748907408989,347.112605539916
962,23.7191713415086,0.299589158512325,0.203466188078931,0.136280648047331,0.116771949594176,0.0814409560593062,0.0758702161156604,0.08658088359227,301.061235372523
963,21.6677942499518,0.233102462591745,0.202738449912019,0.141015397307257,0.138407343279871,0.0739000290289122,0.100304597134083,0.110531720746114,263.680047400371
964,26.9164074398577,0.23234505116058,0.179661542713629,0.12757063212544,0.167674365381744,0.110355021680509,0.0896299430787574,0.0927634438593398,214.809124574148
965,30.7546957209706,0.189242339502427,0.183178545130865,0.169125850896533,0.14250018886618,0.114573412373621,0.0859188047160018,0.115460858514373,319.370937638875
966,18.6238846322522,0.271440667007495,0.187884238772753,0.110162180822207,0.167013818232289,0.0745059910667808,0.0934036897601929,0.0955894143382818,216.305910235524
967,33.0046067154035,0.254587725749294,0.251034652601074,0.109638899678056,0.127290316250585,0.0788876925466012,0.0836306847493832,0.0949300284250076,302.344897052294
968,24.8048926563933,0.20798105588586,0.210108994883942,0.132276163223149,0.146100986339469,0.103150710409625,0.0900711405945128,0.110310948663442,219.750970226637
969,25.0661732442677,0.255686845268958,0.227138536101937,0.137107193451763,0.1064408186561,0.0893484308516911,0.10457012346215,0.0797080522074011,269.518826840467
970,33.5527154803276,0.227248132786138,0.204713515065367,0.164644963624041,0.118631128616507,0.0828462364220195,0.0826409907503815,0.119275032735546,275.049089023852
971,34.9085630336776,0.201841596270962,0.215381802275321,0.111451302415617,0.171111527914903,0.113691714726405,0.0856831300473125,0.100838926349479,371.490742112282
972,29.3659806251526,0.227556823788231,0.234309348370223,0.141984444200066,0.100113663440492,0.108992271280397,0.0834672754379241,0.103576173482666,238.980062213003
973,28.3115259325132,0.202343268690263,0.203546287474853,0.118080032483583,0.181988566999584,0.0892430882245411,0.105372764746482,0.0994259913806936,234.321078358768
974,15.8514850074425,0.226274830766904,0.239389051575044,0.158845101476616,0.118732428431653,0.0955184367371174,0.0733035970680206,0.0879365539446446,234.460257739582
975,25.0001690490171,0.236941317460999,0.181327508659677,0.112805202816844,0.134350832147435,0.104886773546843,0.11673972179927,0.112948643568932,451.129847429998
976,21.6590361110866,0.248926810630153,0.199782590289093,0.146711528324754,0.122988585825495,0.0792678792061802,0.0927601882202919,0.109562417504032,228.705317730707
977,20.7254181429744,0.219795312067021,0.190625535922655,0.146347274660472,0.164605899206544,0.099093892219321,0.0826665258022702,0.0968655601217156,200.637120426604
978,15.0564399501309,0.237579582532881,0.22474570464225,0.142200909393081,0.124237292180808,0.0900310145288296,0.0882196497822809,0.0929858469398696,108.256376833063
979,19.3586462037638,0.265681916625164,0.195503180367478,0.144189170456872,0.105493866086685,0.0749314917237743,0.109500920676057,0.10469945406397,419.697111539034
980,33.0050116917118,0.241182553946872,0.213014486701429,0.110828979111538,0.128875292197384,0.111231851835182,0.109794102609354,0.0850727335982408,255.159828173603
981,15.9831883525476,0.192907940590151,0.255437589227838,0.122381783110153,0.161411081466765,0.110562121878287,0.0817196171417185,0.0755798665850875,310.855873203971
982,26.8427317822352,0.176682922439366,0.226130051178049,0.147378587944829,0.159757385070146,0.0818243965503411,0.0930496957627545,0.115176961054514,261.924870389572
983,25.1554519077763,0.266706687776739,0.199314340560356,0.1033048872192,0.149884447374106,0.0765358310220714,0.114342646863132,0.089911159184397,302.121226484973
984,34.5679458137602,0.248955578740724,0.205158621867297,0.125098231104731,0.125512241661614,0.0890162825005438,0.0987501217297549,0.107508922395335,210.232498889057
985,19.5861603785306,0.243657638668638,0.186232966311753,0.117444732592157,0.149131687089468,0.0994407559771504,0.0946768442764516,0.109415375084382,294.717523329869
986,26.4355745399371,0.273649986092686,0.18276474539796,0.16318671469962,0.104187010204781,0.0716659670908257,0.118552537866187,0.0859930386479407,477.208887572205
987,25.1267996430397,0.195583715331354,0.193982295450625,0.117847240931007,0.144996063888713,0.123495339904376,0.110200536366798,0.113894808127126,421.75885054068
988,16.236190632917,0.255103038910035,0.244300523549622,0.131612524133415,0.126836267901412,0.0879749187457853,0.0798592389334458,0.0743134878262854,259.711805658426
989,22.7681929059327,0.19633488936099,0.216536005161715,0.15660002889481,0.139589903396919,0.112415995635462,0.0997293542867081,0.0787938232633966,211.908280254782
990,33.1225730199367,0.211190269209452,0.2142087888752,0.15741608437898,0.1143707423567,0.097032175630973,0.112923052963671,0.0928588865850229,273.948037327804
991,21.0688043106347,0.191079716057562,0.256668563156864,0.125092737319926,0.156189789760023,0.0993594682671067,0.0808409811570956,0.0907687442814227,250.824766701227
992,25.8662765379995,0.21254921916737,0.246583305775809,0.124755998565946,0.15257300410961,0.0958325019287772,0.089106347359066,0.0785996230934218,252.690327358913
993,22.0426179282367,0.214635291252272,0.210481326134362,0.149569889824085,0.147473721509457,0.078599531246132,0.0961179198592646,0.103122320174428,163.362405569554
994,21.0310943285003,0.254429629482558,0.229776393873855,0.107747062512016,0.129982314486373,0.076409263135104,0.107982692322367,0.0936726441877269,272.73097318916
995,26.5375046525151,0.188843630283865,0.234176060253022,0.11439070084226,0.160429926620158,0.0754788428596364,0.111028688551989,0.115652150589069,359.261916753076
996,29.8757276730612,0.21181136763003,0.218728787074324,0.164901032585497,0.144799567461462,0.0868735602493379,0.100464502292223,0.0724211827071269,358.384891127243
997,20.9945449698716,0.19525206872277,0.259745825733624,0.13503211048948,0.156092398062082,0.068015092051407,0.0875601165074484,0.0983023884331881,212.946941193901
998,21.6149885952473,0.192624465545077,0.220157733649314,0.136285858656965,0.131203266734706,0.0817370661420513,0.10704099679564,0.130950612476246,515.854895571037
999,24.2319118790329,0.193680283341458,0.261431256833785,0.152063783260809,0.109411438478993,0.0743419637097316,0.114469836253244,0.0946014381219791,333.277203377305
1000,32.8042215947062,0.215364749165428,0.24184662575829,0.128355401897317,0.133459090910201,0.104742335673608,0.0785111354397301,0.0977206611554262,304.439223818682
