"simulation","constant","Income","Employment","Education","Health","Crime","Barriers","Living environment","mean_absolute_rank_change"
1,23,0.192521229309595,0.195203538469677,0.166108959249736,0.115403324930047,0.108086288841009,0.105228886583698,0.117447772616237,409.035105910235
2,23,0.222860472440999,0.229485230740151,0.135063122217693,0.124433706093354,0.0960640283635424,0.0842659980672043,0.107827442077057,171.404947415198
3,23,0.265529723768464,0.205938747209569,0.149547561815114,0.0990086593958527,0.0839670749964563,0.104805712706669,0.0912025201078756,308.100429565988
4,23,0.222494490199542,0.231501863427155,0.118301155339942,0.133550993692021,0.0847482813290453,0.11204859625056,0.0973546197617345,257.788949785236
5,23,0.191512490897099,0.268619329377635,0.13384755953819,0.155699067915443,0.0838514150367278,0.084726236958796,0.081743900276109,285.983706117614
6,23,0.219455770447357,0.257498400828041,0.154812731241852,0.124608043425235,0.0766320464767973,0.0756351651786984,0.0913578424020192,254.683276551609
7,23,0.211113414131023,0.219307459558002,0.127075469724595,0.156640942081959,0.11241174187374,0.0978128439459639,0.0756381286847171,208.214842245594
8,23,0.19480656449478,0.224250545755444,0.179874805567671,0.1306056061787,0.0787236664219057,0.0968951249694439,0.0948436866120559,230.91382017478
9,23,0.230452741305268,0.233567209752219,0.136940634234624,0.125209853990361,0.0745518678994021,0.113541102073387,0.0857365907447393,300.054036439045
10,23,0.25810844690476,0.200435453048076,0.1579223124513,0.124682979832709,0.0959586351496027,0.0785283097504474,0.0843638628631051,245.677914383076
11,23,0.224567805945585,0.18183477279579,0.151152038947826,0.14912520116062,0.112151615804805,0.0963677519496683,0.0848008133957053,167.957813657234
12,23,0.250150562138134,0.225340693281069,0.154808964392936,0.118272528492411,0.100356706204363,0.0805816525968947,0.0704888928941913,348.16501259072
13,23,0.228662799269752,0.229768247003715,0.15117857491202,0.160361647921301,0.0765978156857333,0.078355715559204,0.0750751996482744,373.876225744334
14,23,0.284033029614957,0.199476885378301,0.119337294407852,0.132951051231837,0.0964418372249894,0.091004292958315,0.0767556091837485,229.566227225603
15,23,0.179979234012884,0.273687703216389,0.11764285643808,0.120840545465998,0.0972584453326924,0.118234137603288,0.0923570779306679,312.638127684767
16,23,0.259962892170161,0.235770973174037,0.113028865936302,0.108734748724039,0.0720853102590079,0.098649048941091,0.111768160795362,332.429625240705
17,23,0.198450949695115,0.228224102523816,0.141463773100276,0.132846932222758,0.112932256033061,0.0901945764005901,0.0958874100243835,134.229121611615
18,23,0.204329792197578,0.280051299584226,0.110285056624668,0.122910286729773,0.0908615636048178,0.0822966349477556,0.109265366311181,256.208087690722
19,23,0.227729640051842,0.250961506997062,0.110973135459098,0.157062046998034,0.0975827531544162,0.0689188934812611,0.0867720238582877,384.283572804024
20,23,0.221309000171869,0.189014379776012,0.113305576630325,0.140730780272276,0.121155043038899,0.114704994888607,0.099780225222012,362.29613390607
21,23,0.22962510518756,0.252481757549005,0.114203729976062,0.150584504609209,0.0804130822466288,0.0740611849052801,0.0986306355262545,284.242630721382
22,23,0.263486355156813,0.209818837400838,0.122852952503755,0.1548126336932,0.0847388621088518,0.0702088501660367,0.0940815089705053,299.390016293885
23,23,0.248895718201463,0.16016022502621,0.153222904680029,0.152202899375967,0.0866886310608821,0.0901129323649952,0.108716689290454,216.78506887869
24,23,0.187584212943636,0.233112277007214,0.15919707243384,0.128741892017467,0.08799741789242,0.0951807989095313,0.108186328795892,201.921552362608
25,23,0.183310811783593,0.235529552139227,0.116913120511299,0.158987479059718,0.0766110087099506,0.116986497816549,0.111661529979663,413.572448526182
26,23,0.243729089734779,0.222721921438313,0.143505110546088,0.12566550046662,0.1035410433281,0.0792408498457716,0.0815964846403285,237.612324100145
27,23,0.165870519780272,0.25249542578098,0.137464231508815,0.147151987563434,0.0962578587354891,0.108458486800895,0.0923014898301155,225.389897792926
28,23,0.214149776848831,0.195391449750464,0.14400419857153,0.143576452250353,0.111257261718532,0.0863969746942914,0.105223886165998,209.88600207377
29,23,0.261475253651196,0.186744990476912,0.119875916499411,0.176897853498126,0.0805629447241841,0.0936618569157409,0.0807811842344296,219.622989186789
30,23,0.213522634510239,0.261843977724464,0.105943164489814,0.160202016789544,0.10114295320878,0.083027828233594,0.0743174250435652,342.182195230342
31,23,0.168149571899827,0.257893843766264,0.149815813466095,0.165573433999285,0.0742084965175103,0.0934042997123141,0.0909545406387055,261.129136424232
32,23,0.230898966725942,0.206829998169262,0.152720373803094,0.143106371277586,0.0902540035945411,0.0753188365752066,0.100871449854368,213.633950525854
33,23,0.191594988273748,0.234620395423696,0.148741742788242,0.144524343099169,0.0716240947564512,0.0961014692530391,0.112792966405655,248.067308546897
34,23,0.210313276544196,0.213131844485152,0.101197530459428,0.155011685737275,0.107904086580294,0.114586897653018,0.0978546785406381,320.894089764494
35,23,0.224684496796797,0.250471191797121,0.0990993899062075,0.130457696533831,0.102469928176568,0.0900725666722032,0.102744730117271,221.661739001627
36,23,0.264603789632715,0.244964037922655,0.121496267887618,0.107833675468197,0.0964522249952899,0.0951950623910202,0.0694549417025061,302.870152569974
37,23,0.206335904700013,0.217711435847385,0.155348971102275,0.133843598489404,0.0752992670077266,0.113436540782461,0.0980242820707352,308.780151088732
38,23,0.194371008014145,0.242261811042621,0.135095123636601,0.125853927475939,0.109991250346278,0.07647254337865,0.115954336105765,321.267130795438
39,23,0.216735142206388,0.222134986615082,0.153534154963041,0.129849284180182,0.0982635985486334,0.108279942754625,0.071202890732049,285.123863131386
40,23,0.200936743018526,0.277238122792483,0.103666910082063,0.138926949724415,0.0998177635716254,0.0946158654228599,0.0847976453880279,188.960035550288
41,23,0.215856394615499,0.251046911732366,0.119947532610471,0.150715109665493,0.10288098999733,0.0732422119977064,0.0863108493811349,327.197096726423
42,23,0.171819284750732,0.258725291237854,0.115202278539395,0.13958143684362,0.0886984079787592,0.110278862432319,0.115694438217321,390.359709672651
43,23,0.203878939071091,0.231703569926022,0.153560114306915,0.140120993958938,0.0920255792368685,0.104406959124525,0.0743038443756408,254.519211968599
44,23,0.219647481724476,0.222702239367621,0.141669540788389,0.156424193514643,0.0919230180059884,0.0901322520743792,0.0775012745245034,226.899007554437
45,23,0.247184837071176,0.199685378539856,0.151116378628955,0.107004976747856,0.0991724318295673,0.11295916046403,0.0828768367185595,335.8999259369
46,23,0.217441255754626,0.228016473959242,0.157090956815532,0.122338387207772,0.0998828359472288,0.0943663526774937,0.080863737638105,182.789394163832
47,23,0.246926868771008,0.255186666260361,0.11444008289361,0.112458489332801,0.102175851149857,0.0993306974801512,0.0694813441122112,276.262361131691
48,23,0.259440505513914,0.183041625700991,0.135273855044536,0.132559450187341,0.124102106559349,0.0833972140436773,0.0821852429501915,254.59600059253
49,23,0.177942428864512,0.265723068238399,0.101959431882938,0.153142170600336,0.0959773343574563,0.106300143479139,0.0989554225772193,272.782224855566
50,23,0.171247315367781,0.211286025107312,0.162387931751095,0.157666948079688,0.115836032084504,0.0856225895654736,0.0959531580441456,273.945193304698
51,23,0.222850016372209,0.208341453854656,0.117936572204539,0.148930177916177,0.119506251977755,0.0988764951500929,0.0835590325245713,168.386609391207
52,23,0.222842057403572,0.260273840592206,0.105403639190536,0.142333931291542,0.0892498695060857,0.0910038943447928,0.0888927676712656,162.067545548806
53,23,0.185148998022082,0.274579055605766,0.132081636737607,0.135105874567921,0.0773607106159623,0.0853909018544945,0.110332822596167,231.679395645083
54,23,0.257966393409703,0.221637923980084,0.149366812064769,0.125808902937206,0.0680800855864893,0.0714530454766938,0.105686836545055,259.315716190187
55,23,0.232341152848115,0.185776356752954,0.128883523767486,0.172643757027117,0.113601835248338,0.0885556059242325,0.0781977684317573,258.981780476956
56,23,0.23502309464268,0.259035916091971,0.138899500775078,0.113860779999906,0.0808009433799178,0.0857116439720523,0.0866681211383947,186.179469708201
57,23,0.204002603044427,0.249666829275932,0.128766394674643,0.10396650277649,0.104137520475395,0.110086285972963,0.0993738637801487,278.603643904612
58,23,0.243309004762218,0.21822105504525,0.129197046890352,0.116460218191008,0.120508880835987,0.0938877086291963,0.0784160856459893,207.285616945628
59,23,0.231388050356784,0.244903188930342,0.12231233217212,0.145081139707772,0.0791258517393456,0.0985161477839097,0.0786732893097259,198.915242186345
60,23,0.256011696767412,0.186316837877267,0.129278168034844,0.16006667600338,0.0924938695650386,0.0784820998262295,0.097350651925829,216.835609539317
61,23,0.215013658555459,0.19812812000035,0.165216796162756,0.163820267689693,0.103222524832715,0.0749616692116659,0.0796369635473607,373.181928603163
62,23,0.195088104062518,0.254653472118456,0.116506571619297,0.148920593660205,0.0957756759227188,0.110958218664958,0.0780973639518469,236.606547178193
63,23,0.198849862948207,0.227389226840543,0.165839857318887,0.122365700628991,0.102045770980358,0.0850807470209744,0.0984288342620405,167.366908606127
64,23,0.238322193983377,0.242653502615174,0.155080380558049,0.103526322038739,0.0945253153750032,0.0656506587162346,0.100241626713423,319.249296400512
65,23,0.245634043887528,0.236131342161691,0.107119174966221,0.153394171423908,0.0859174579220064,0.0968039682088198,0.0749998414298259,232.214131239807
66,23,0.212849526724577,0.204895699237733,0.122696151781648,0.143497241841423,0.12501978866689,0.0868497713933644,0.104191820354364,274.168923122504
67,23,0.260276385311507,0.232468021211611,0.136106607533554,0.117685075671592,0.0852390820343432,0.0812421815088446,0.0869826467285483,203.040853206943
68,23,0.181749254752285,0.250496228683298,0.152080505589409,0.13099522615278,0.105060134095785,0.107623233382961,0.0719954173434811,283.198992741816
69,23,0.214780022759524,0.203668566700878,0.152528093108329,0.123323670613654,0.112105679309717,0.0898656564098448,0.103728311098053,190.283158050659
70,23,0.245254106980396,0.172661738085361,0.158816100238871,0.118974527307477,0.116661209812093,0.0725585084262278,0.115073809149573,363.993897200417
71,23,0.20639466148552,0.213027956910288,0.119802685783822,0.169475815212892,0.0989125930184671,0.102796293613412,0.0895899939755989,181.623818693521
72,23,0.211747641623266,0.210176934620694,0.113565358323272,0.114480697528796,0.124308049592885,0.104794335614986,0.120926982696101,494.36599022366
73,23,0.170949048042106,0.205178285858707,0.157429582181811,0.161999404750552,0.0874751863745899,0.103926968483319,0.113041524308916,338.491660494754
74,23,0.22821968270681,0.22134440621322,0.124548562307718,0.133409663687914,0.116606704445377,0.0962520293801642,0.0796189512587972,159.091867871425
75,23,0.206064374055854,0.259789180437081,0.125600910791498,0.11695893410494,0.0981634158710659,0.112290785121265,0.0811323996182951,245.105850985038
76,23,0.188073577130053,0.22769649704386,0.12892476759514,0.132020532711849,0.100585579098883,0.111556009090155,0.11114303733006,354.255665827269
77,23,0.244344282184234,0.220123987174919,0.14297280354927,0.152878444788326,0.0816997599478482,0.0856170665642589,0.0723636557911435,310.811139090512
78,23,0.214968299093457,0.259774550083545,0.105302659146895,0.15335270333816,0.0885657923959803,0.0979149297797077,0.080121066162255,207.869648940897
79,23,0.253557703102956,0.175835162267697,0.126865917251382,0.165937794364062,0.0970383010034387,0.0991513936740919,0.0816137283363722,169.854184565249
80,23,0.212210961137379,0.245170723864202,0.115197119759939,0.121597007168851,0.108901748768314,0.0974332425548792,0.0994891967464355,177.872315212562
81,23,0.231213153341411,0.212653719971357,0.131840228989912,0.1477994904672,0.078446618001455,0.110754038961384,0.0872927502672812,232.066538290616
82,23,0.200040047738643,0.226293862906801,0.161970353118195,0.122569383981274,0.113928576722804,0.0926004748152808,0.0825973007170019,202.536157606276
83,23,0.252114474323154,0.170474790512864,0.163536218571082,0.106451774387522,0.0929837818541595,0.104658338361938,0.109780621989282,379.727744037918
84,23,0.238066169200267,0.220618391972448,0.129113366530884,0.124652827183025,0.0832089189065622,0.0923920616648121,0.111948264542002,227.164568212117
85,23,0.250167496470274,0.198822349041103,0.114331550959511,0.143223556974462,0.0922499963014016,0.0983424230958419,0.102862627157407,202.252051547915
86,23,0.192351599835061,0.26262405907878,0.151816589455571,0.147375721024559,0.0909645337561557,0.0730194512126825,0.081848045637192,373.691304991859
87,23,0.240198525147847,0.174986306073287,0.17108930328117,0.109937415667384,0.107494137612249,0.083564406019779,0.112729906198284,307.847667012296
88,23,0.265578975812472,0.191587029931642,0.156524637950651,0.128697053121438,0.0742407805930747,0.0767942945628244,0.106577228027897,224.312190786545
89,23,0.2193106794222,0.234618164977641,0.0988928340943667,0.151470088904516,0.103335418681471,0.094005894228354,0.0983669196914507,207.702207080429
90,23,0.183938095546768,0.238961444949558,0.158617365536264,0.136245449140044,0.0806331332506661,0.0993809376164259,0.102223573960273,196.951147978077
91,23,0.259865701619755,0.213521571590925,0.109309176765614,0.153455871794702,0.0857358796930676,0.0816660118179637,0.0964457867179726,209.716012442601
92,23,0.252081685987115,0.230293841437902,0.131591930843768,0.11484933625097,0.0737697271289671,0.100442673871461,0.0969708044798173,212.05616945638
93,23,0.244953578721818,0.237430150645042,0.148861234235098,0.124029923941101,0.0676388758918207,0.104728294100481,0.0723579424646397,348.180891719742
94,23,0.248839571541288,0.219541524815303,0.125022295650718,0.112860866308109,0.111220012808218,0.0988937674582783,0.0836219614180861,180.332809954085
95,23,0.213185914094897,0.210861432253478,0.17031331954729,0.138409205884214,0.0872419047062252,0.0982121725103244,0.0817760510035713,228.409480077022
96,23,0.202008548790075,0.227899743057258,0.134698207722952,0.14331242136442,0.100816332063695,0.0982639012778815,0.093000845723717,94.1463486890818
97,23,0.258504976637782,0.196119827961228,0.144175368719049,0.14325977952303,0.0947279700921446,0.070112540348401,0.0930995367183648,279.196504221573
98,23,0.216132549863939,0.189812552386882,0.137808379440602,0.164624218495083,0.114119338267583,0.0982292378719368,0.0792737236739741,205.828529106796
99,23,0.267774545914248,0.224101776669881,0.136357928723283,0.119626561691013,0.0816842648899023,0.0679036208023972,0.102551301309276,288.70490297734
100,23,0.216168802345293,0.197959787025006,0.138128609932212,0.160636356584416,0.103347725166442,0.0989884216854209,0.0847702972612102,144.510739149753
101,23,0.23111620360468,0.251419140616383,0.101904891498181,0.143172500081452,0.0907919580028209,0.107845598523555,0.0737497076729275,252.18622426307
102,23,0.225585494361495,0.218325078158814,0.157433193131193,0.135970355989515,0.0814293116211827,0.0897593036075068,0.091497263130294,124.738201747891
103,23,0.273531939341288,0.200348482584699,0.150153271121871,0.126681795313605,0.0966677313863958,0.0828784410239927,0.069738339228149,341.366553103246
104,23,0.23737752075618,0.197641074915533,0.158088948721683,0.158916544471044,0.075507822179706,0.0996192217756568,0.0728488671801971,305.775914679307
105,23,0.245434579597916,0.240790438215301,0.111482597484991,0.118408887271887,0.0972587601669805,0.0981586488381317,0.0884660884247936,147.938675751744
106,23,0.181268040062764,0.216813007046145,0.176290473022666,0.128706058476262,0.0913682723819489,0.114466693722271,0.0910874552879435,346.648437268545
107,23,0.229545124708509,0.23021558014563,0.122764761195283,0.154005882422558,0.0829603981763057,0.076770689135866,0.103737564215847,240.884787438895
108,23,0.211628052150526,0.188143909057573,0.136707547321677,0.147427500381312,0.0956980542835474,0.106123704489269,0.114271232316095,343.089260850261
109,23,0.255783446122269,0.186015269624455,0.163044113476875,0.147715882686171,0.0741762649527939,0.0788602369710244,0.0944047861664117,220.509435639155
110,23,0.182753213207381,0.205396916382163,0.149476022038036,0.163821002304248,0.10538268046746,0.0841921309419826,0.108978034658729,289.359324544515
111,23,0.251381221069631,0.237818850218751,0.104488336807465,0.124131433009396,0.104303010207922,0.0980523757553276,0.0798247729315078,192.99327507036
112,23,0.265061221720715,0.201746754137907,0.128781563269121,0.114954489491636,0.103594488833889,0.0886851009730244,0.0971763815737089,178.079869648937
113,23,0.185101475540495,0.179620932844482,0.171986495877159,0.16147571669361,0.0880621078145773,0.112351031587809,0.101402239641868,350.626929343802
114,23,0.194164711763818,0.236532858166335,0.155298800947883,0.130014564430433,0.0785336675526244,0.105139324168041,0.100316072970866,224.215197748468
115,23,0.244667833200927,0.205745898962061,0.144265131624747,0.147992978297899,0.0806955394777911,0.0912856027476265,0.085347015688947,146.708813509107
116,23,0.208506607399693,0.250872939915914,0.122512196573761,0.119786734016915,0.103410765408165,0.100949675453114,0.093961081232437,136.367589986668
117,23,0.237319731711871,0.230140069393548,0.120939452464851,0.16169116369248,0.0934715844384942,0.0701404243537254,0.0862975739450308,351.469885942809
118,23,0.259433416474148,0.211137374704885,0.108182275960417,0.129026305093427,0.115983581513993,0.0870890637245607,0.08914798252857,213.465560657687
119,23,0.226473295113877,0.239915711336204,0.15066890063345,0.114600207194725,0.0737529099483663,0.100865717677549,0.0937232580958297,207.905969486012
120,23,0.24824930821561,0.217272551230068,0.0946516236345486,0.13526899817632,0.10023021029604,0.104480693140846,0.0998466153065678,269.550762849934
121,23,0.190865626231101,0.300395769308266,0.119074130131807,0.110957849188953,0.088756489441435,0.0923184053903579,0.0976317303080804,175.582461857489
122,23,0.197233034603078,0.230863966121937,0.120031838383156,0.137267307996339,0.0838753690307214,0.11411501209904,0.11661347176573,418.952392238182
123,23,0.21360499067712,0.201906953368969,0.155973241052254,0.140482583088034,0.091630892188176,0.0961678126567391,0.100233526968708,138.048763146204
124,23,0.221594434534702,0.218201148155593,0.111305336970845,0.18372528057161,0.0874744445158136,0.079539218793882,0.0981601364575549,311.692075248113
125,23,0.241077136078416,0.194377542097081,0.17024081867765,0.119685851916064,0.0760507197002934,0.0830649251079939,0.115503006422502,266.821211672344
126,23,0.250570771550591,0.271123646255868,0.11015320744694,0.104560091897103,0.0748379155571398,0.103948575577651,0.084805791714708,279.720396978229
127,23,0.204421114533085,0.195148564323714,0.143841560622937,0.142540351454034,0.100774545487262,0.0968255733588083,0.11644829022016,308.863753518009
128,23,0.229752658878069,0.194066326585496,0.145025154634651,0.13083334016977,0.0965160180375078,0.104117441036273,0.0996890606582339,204.006517552961
129,23,0.194579388387597,0.241381408035994,0.112070577338086,0.1522683165425,0.0993729382328706,0.0966580728882346,0.103669298574718,224.181543475047
130,23,0.223009561373023,0.240876966377787,0.137156980754945,0.13017406130965,0.101376428517823,0.0883230280118678,0.079082973654905,187.456376833054
131,23,0.260658272197645,0.192199023139854,0.109038539003438,0.146503157730736,0.114773890109953,0.0923659496061371,0.0844611682122372,195.83860168865
132,23,0.188545049871767,0.267521794910215,0.130265273681072,0.153679953634207,0.0896982564944819,0.078490514938856,0.0917991564694016,278.523241001336
133,23,0.226664900226738,0.192265285008025,0.113243944298697,0.162726386000013,0.110920037749746,0.119513378108239,0.0746660686085429,318.058598726117
134,23,0.206391011610382,0.242797436275182,0.14101759719561,0.146052695867072,0.0846730372503822,0.0887539352200285,0.0903142865813425,135.630336246482
135,23,0.281827200073964,0.176981596327366,0.139419540624623,0.120384673323255,0.0924448930503034,0.100841004754576,0.0881010918459123,233.322944748933
136,23,0.193924524792613,0.237416895128579,0.158613439156836,0.121997444232703,0.0839960839773341,0.103618428022436,0.100433184689499,216.109909643002
137,23,0.215913188471978,0.265392022458593,0.115403282464254,0.130229104883958,0.0847703596902716,0.101544351543774,0.0867476904871708,157.841090208863
138,23,0.222102242877361,0.225114186820321,0.143874913208836,0.105699181460549,0.110810092830257,0.0815516785825478,0.110847704220128,257.027877351505
139,23,0.245771797250278,0.189106775570048,0.168961521808277,0.12389128153336,0.112909076197435,0.0877439345212494,0.0716156131193526,326.958435787314
140,23,0.220419734031138,0.251423537451201,0.119219596187035,0.136158604346954,0.0967532646300619,0.0930681564546919,0.0829571068989179,134.642334468968
141,23,0.198114117699893,0.200067093501181,0.151161787457076,0.175212408180612,0.0818115681634202,0.112761475449956,0.0808715495478622,313.471130202934
142,23,0.18752914410693,0.284445159681547,0.123759062681584,0.136043900218246,0.0966726471581499,0.0924581962616175,0.0790918898919264,226.37766256851
143,23,0.184343042031947,0.274783721035098,0.106743628641679,0.115404988964973,0.111314035093935,0.10875643546934,0.0986541487630283,281.533165456976
144,23,0.192499012327839,0.258936816820424,0.154455236293449,0.123952691785942,0.094255984689261,0.0854616088467114,0.0904386492363736,168.868019552654
145,23,0.213639024290256,0.232132218057758,0.146918745698245,0.142562563688446,0.0829830689307174,0.0791578577244278,0.102606521610151,183.605154791888
146,23,0.212502866083596,0.189255213709761,0.144962834551836,0.153220531797053,0.0900292284443805,0.116636992674438,0.0933923327389355,301.944600799856
147,23,0.227499579692604,0.257259569249904,0.147331872615032,0.115966767067881,0.0777075247608094,0.0798771322345907,0.0943575543791789,190.773455784342
148,23,0.287638262098539,0.203209635545257,0.121370178878121,0.131341592782678,0.0785713195217765,0.0904659022368773,0.0874031089367509,190.458776477563
149,23,0.269632202988395,0.188983387154717,0.133261064961115,0.142977729295471,0.0915461976540423,0.0825310894441774,0.0910683285020825,161.311864908904
150,23,0.221021595669141,0.260211821046596,0.128703821393863,0.159966941651243,0.0706061543652384,0.071008794197684,0.0884808716762352,364.713909050505
151,23,0.191976921989812,0.242073764785369,0.119608510002084,0.141390825852896,0.0816445630359423,0.113728739005367,0.109576675328531,350.867190045899
152,23,0.192712698152178,0.173850013044813,0.151459323911304,0.163848136789824,0.0935562110993101,0.112401398281517,0.112172218721053,393.726618278775
153,23,0.27006208460953,0.199827105692262,0.140545972673633,0.11776003229915,0.0874430865852913,0.08416739372981,0.100194324410324,173.666834543028
154,23,0.239478303547189,0.237638379300344,0.141336043373219,0.14003903672324,0.0860094375012546,0.0946616642626131,0.0608371352921403,387.789068286173
155,23,0.179095805597031,0.243175972848557,0.130582207826325,0.13935620004773,0.106744604030653,0.105377877022825,0.095667332626878,192.292519626721
156,23,0.230697220625681,0.204857586118048,0.137855083834581,0.157667212159863,0.0993450269991281,0.0950427453265156,0.074535124936183,216.208087690722
157,23,0.191480352395507,0.249030417163343,0.119089282427679,0.146329780387679,0.0780002058102033,0.107296775209338,0.10877318660625,294.861916753075
158,23,0.179475719719072,0.215285120992443,0.140907874116445,0.165783564595427,0.0962250208835135,0.0940491145565077,0.108273585136592,261.349014960741
159,23,0.236587901401672,0.240761295201574,0.138630723779276,0.130861938881272,0.0751295056412957,0.0911064233068289,0.0869222117880816,150.633920900605
160,23,0.180554058875122,0.260659028412474,0.15071885289074,0.113370874171211,0.0936682036708924,0.0848012688002653,0.116227713179296,260.303717967712
161,23,0.295985014152305,0.193471127838507,0.111739962504506,0.123966321128818,0.0867601960470918,0.0915781693702307,0.0964992089585416,220.312250037039
162,23,0.257843304592356,0.205962989408305,0.158064045288799,0.130424904564783,0.0715572544987684,0.0963387538724705,0.079808747774518,266.307154495638
163,23,0.165550527033417,0.258358335550993,0.133030656516186,0.147220903881672,0.111647731190932,0.107496406201148,0.076695439625652,254.580239964447
164,23,0.258907694051035,0.178122851908947,0.0965940108117218,0.159191028632409,0.0976693981418764,0.108707240085013,0.100807776368998,322.258687601815
165,23,0.182923851598147,0.27417087983081,0.153308562549603,0.1150509087276,0.0709403211603432,0.113336980375153,0.0902684957583436,339.320396978248
166,23,0.255920049773807,0.247585287324293,0.100748437195159,0.127727582231852,0.0804282778526312,0.0812924123660276,0.10629795325623,256.347089320106
167,23,0.263427851228965,0.221325917711412,0.133505801701705,0.121484318872673,0.0876136289645271,0.0751428872066594,0.0974995943140578,215.519597096731
168,23,0.185691428195075,0.259427297085871,0.112904677920774,0.153135153555252,0.108637008409116,0.0889090683966298,0.0912953664372813,227.403880906531
169,23,0.239977104888351,0.194907722231013,0.137318450476994,0.143538251790567,0.108611058187672,0.102025305239089,0.0736221071863148,212.179528958677
170,23,0.201443270051377,0.199008590697743,0.164264065295489,0.165011746492602,0.0860325550958373,0.0793171476376821,0.104922624729271,261.706058361724
171,23,0.226342293629205,0.195501265101641,0.143454039168213,0.10836265649212,0.100006273928592,0.116345278313246,0.109988193366983,441.279395645083
172,23,0.246082531493023,0.247264176365062,0.109829569621409,0.142098481037142,0.0779383822897949,0.101798623987095,0.0749882352064739,249.757487779583
173,23,0.226922879890052,0.228905444331437,0.114801596390768,0.110377595963961,0.0786446594847306,0.125152782984367,0.115195040954684,563.292430750983
174,23,0.278334158637194,0.191042517803877,0.131404545500789,0.122509621878558,0.0890744060555139,0.0985271834648739,0.089107566659195,191.972152273738
175,23,0.196173274663697,0.262440734406023,0.158873611404507,0.115751902563078,0.079283874461792,0.104368671589402,0.0831079309115003,266.526203525395
176,23,0.209606229648582,0.200741066217813,0.159462804675189,0.12036772836444,0.108587576202337,0.0850029706916448,0.116231624199993,295.246689379348
177,23,0.243109293566716,0.206039341648326,0.142418625799771,0.13803516357964,0.10078744109692,0.079564866883741,0.0900452674248861,181.007969189742
178,23,0.202692117541788,0.261388961826042,0.098630129325446,0.151986593795912,0.0885636377942897,0.101811300402288,0.094927259314234,212.252703303204
179,23,0.229007368150989,0.247451118376951,0.137670822825138,0.112588337502962,0.100935241230285,0.0886031347414719,0.0837439771722035,158.022870685815
180,23,0.23075263492984,0.216713093831776,0.10873118468118,0.129864324031437,0.104737460667141,0.106740773354269,0.102460528504357,277.629328988297
181,23,0.194589052452372,0.243688021027682,0.125130535283733,0.114651542970841,0.105843055182515,0.116591069421166,0.0995067236616928,330.887986964893
182,23,0.182561267631789,0.261860094203736,0.113191680371239,0.143051253432775,0.103117782263743,0.113588761146223,0.0826291609504948,250.970463635028
183,23,0.269406488003173,0.222673169285405,0.11034896886145,0.132557390521735,0.0770969045702885,0.110982900305831,0.0769341784521177,306.709583765374
184,23,0.206235360591082,0.217774848332846,0.167760243824506,0.148080890703548,0.0925088016847885,0.0878662717266341,0.0797735831365965,262.986046511631
185,23,0.251300443151009,0.221251740943906,0.103054569611342,0.154400348182719,0.0867717582652483,0.0812339335045381,0.101987206341237,244.670122944748
186,23,0.182445745476228,0.256702287790954,0.134606822776708,0.166676421351978,0.0825331597254637,0.104726718313813,0.0723088445648547,320.287068582425
187,23,0.251399454875707,0.181407491462513,0.136536490743658,0.150309364355817,0.092941445098955,0.109553944862904,0.0778518086004458,241.314057176705
188,23,0.164694668848552,0.255718269134719,0.15806896831074,0.148337527251738,0.0775832636931472,0.0889732646045216,0.106624038156582,245.782965486597
189,23,0.218105741801358,0.23186949519463,0.106679125189011,0.152474853600466,0.104254756420292,0.0768380563748536,0.109777971419389,337.018101022064
190,23,0.208827577890506,0.221574279868296,0.153675352552277,0.140142745760224,0.115261828843533,0.0867096580379397,0.0738085570472245,289.292845504377
191,23,0.161134487530049,0.26389242424486,0.121878885610736,0.156232167036873,0.090692896134802,0.105184634041137,0.100984505401543,271.193719448962
192,23,0.223294012687201,0.193359031635311,0.159441195643635,0.143792224552862,0.0728942051748674,0.103104646388239,0.104114683917885,244.649207524794
193,23,0.260260042520297,0.234844570232581,0.121755541631948,0.110424271305536,0.11145889203233,0.0822557762134986,0.0790009060638102,265.23869056434
194,23,0.254019319313437,0.25113223575342,0.0989385974227641,0.118657836533625,0.0768971933574575,0.0916394440726385,0.108715373546657,277.579025329584
195,23,0.218107479420172,0.195196526486749,0.137355760750073,0.1234021454173,0.0975417233411108,0.115147647594218,0.113248716990377,427.82254480819
196,23,0.239849659552615,0.227693760421028,0.133269166885424,0.148316461562263,0.0760860038369907,0.0780221086846329,0.0967628390570464,200.649326025768
197,23,0.209042691240021,0.239026065353021,0.132106802208743,0.128633369566437,0.0991648180308484,0.091413141351936,0.100613112248993,105.118945341434
198,23,0.273609132879709,0.182708843413202,0.152100733616555,0.100453338776707,0.107509551989513,0.0904964265806381,0.0931219727436768,246.601036883424
199,23,0.224406994479526,0.234548595958786,0.125994101193312,0.117658352165178,0.095195899263115,0.0803978307798175,0.121798226160266,328.312427788477
200,23,0.261806462355942,0.216429148389781,0.143971380662465,0.106432886013425,0.0972711411377463,0.0987768942329899,0.0753120872076514,272.373159531927
201,23,0.202437490121035,0.209094172775481,0.158620524907734,0.15151351164648,0.0819757722183795,0.0836756460132575,0.112682882317633,236.807643312112
202,23,0.193507344847249,0.247738221597324,0.111927296924781,0.142185617118897,0.0952845722044141,0.109128748530003,0.100228198777331,247.618900903548
203,23,0.261982703591071,0.20357243560375,0.112393935546028,0.145806336214957,0.0848591371180582,0.107457621607477,0.0839278303186576,218.81457561843
204,23,0.258940654234638,0.207743063774407,0.099956005525785,0.152550822393307,0.0767179777325037,0.109586290526374,0.0945051858129857,274.669471189443
205,23,0.243457980437428,0.250438558398981,0.119388387029381,0.131347035529973,0.0819418217680596,0.0719163084963452,0.101509908339833,268.712072285585
206,23,0.250061540031421,0.196643696896775,0.136638403777353,0.123061935696135,0.0762718253007194,0.0985815275705219,0.118741070727075,347.222692934376
207,23,0.18842452161553,0.19976594667294,0.131374820116125,0.157668413050659,0.126343757473532,0.0872252407552192,0.109197300315996,341.462064879269
208,23,0.233776361636196,0.262185791054881,0.144592187054921,0.105120931626226,0.0891590022098873,0.0795366264813011,0.0856290999365881,239.20077025627
209,23,0.194101449317774,0.276158048322466,0.117758824068173,0.12861739352824,0.0841756794127726,0.096529779201316,0.102658826149259,184.844674862986
210,23,0.212452793128265,0.264217609955676,0.168613487605992,0.116297691370138,0.0786369641745743,0.0799207194340158,0.0798607343313397,335.002932898839
211,23,0.242543690230446,0.203857207616966,0.143629079932738,0.142815083174098,0.0979233179072224,0.0793131334786739,0.0899184876598554,186.074240853216
212,23,0.251505247268772,0.251154369892395,0.149224556017927,0.109601419689114,0.0773574575401834,0.0799694982468746,0.0811874513447343,294.599022367069
213,23,0.266178267311049,0.199575330533492,0.12797454005905,0.125643964907388,0.110323768047571,0.0776446129012823,0.0926595162401678,238.073233595036
214,23,0.239806716634278,0.235737610941807,0.130898414037419,0.124082226028143,0.0778754640239644,0.0908085776163487,0.10079099071804,121.187675899868
215,23,0.228779530545181,0.21555450611102,0.148444198981413,0.134960986913769,0.0943533938962911,0.086219889516066,0.0916874940362591,99.5139090505107
216,23,0.255919479311077,0.190101064887324,0.104250562228581,0.152263949675312,0.107125945327147,0.104482860739416,0.0858561378311427,203.474507480361
217,23,0.196078383114228,0.219714575806612,0.149028602600657,0.145578868452451,0.0774028445689505,0.106637375508408,0.105559349948694,256.429862242613
218,23,0.233076609804242,0.19104425157427,0.151071696699175,0.112433822889085,0.10978312100554,0.0887663789680441,0.113824119059645,294.315331062064
219,23,0.242097212918663,0.218372841348522,0.118332126020845,0.137303507850056,0.10165936741838,0.08341486691175,0.0988200775317838,173.046007998818
220,23,0.202715164363171,0.260312912903866,0.130629173336442,0.149943893087076,0.0866312281674997,0.0934139119476313,0.0763537161943145,244.47145608058
221,23,0.195863249849284,0.279949492036599,0.112206721093634,0.113935931786131,0.100893774459579,0.112702476367468,0.084448354407306,259.495482150783
222,23,0.213982791396976,0.198720479543368,0.142179945698416,0.164555257357443,0.0845165239104832,0.0974639675546225,0.0985810345386902,155.854184565249
223,23,0.201357196769159,0.214329740939468,0.157697614629877,0.137431625476697,0.083805097458492,0.106498228307726,0.0988804964185805,226.402607021198
224,23,0.2259985517298,0.208333834121518,0.148590762487714,0.147848899723389,0.0818290574513509,0.10145530619378,0.0859435882924488,163.893645385873
225,23,0.250560953658026,0.181631043733837,0.113401841719101,0.162639377155678,0.111549466493224,0.08281449877409,0.0974028184660436,261.434809657834
226,23,0.258881765323875,0.207577747129896,0.114138143123023,0.159028117257502,0.0811249212980064,0.100221910156343,0.0790273957113561,202.870152569992
227,23,0.208411244554706,0.222502665852026,0.135726202808262,0.142169503598514,0.118141107562084,0.0957793062125582,0.0772699694118493,194.301466449412
228,23,0.21063043424483,0.200213031792537,0.118110123941523,0.163475860218983,0.0888859967621261,0.117280150167176,0.101404402872824,340.816056880465
229,23,0.170753682808168,0.265619510991902,0.143791603870167,0.147431817672645,0.0877339960570893,0.071615251431476,0.113054137168554,353.642304843733
230,23,0.196355372505839,0.254877452931006,0.163228513759416,0.115466381833053,0.110702111068352,0.0736520447411138,0.0857181231612209,317.791023552065
231,23,0.200253572525742,0.25535890700585,0.122827210547089,0.148828905480937,0.101846272741934,0.0932647327530381,0.0776203989454098,212.849948155827
232,23,0.22396433811799,0.227855891133356,0.127219452169993,0.150114604821344,0.116337878764152,0.0815328443234702,0.0729749906696948,321.083217301137
233,23,0.200110670543983,0.208568046845911,0.111241844030493,0.151650545596103,0.124253658312424,0.10588561721616,0.0982896174549248,288.337372241135
234,23,0.24170357234023,0.22472224487301,0.137580109365432,0.129757552450579,0.0992253317235828,0.0672808450281868,0.0997303442189797,301.706769367518
235,23,0.285882177528294,0.182291033737764,0.154444450759452,0.121484746206144,0.0853278659254117,0.0824640083499275,0.0881057174930066,239.911005776932
236,23,0.253167718755047,0.206332659393414,0.133188284895301,0.127298490307555,0.097818484577807,0.0802201743787854,0.101974187692089,180.342053029177
237,23,0.174850557060409,0.278571859618474,0.14183227662925,0.130694823439435,0.0814610760196719,0.0998591256520271,0.0927302815807324,186.900607317427
238,23,0.213819057503498,0.233747096400096,0.121522032726948,0.151986490397902,0.10311160580758,0.0745214586819191,0.101292258482057,295.97173752037
239,23,0.231374717956991,0.24382735279947,0.114289823150676,0.146418515390718,0.0936311501771957,0.0931786251681253,0.0772798153568243,196.913583172864
240,23,0.240666519439043,0.262782887384236,0.136217621127286,0.11229535584154,0.0872522057851746,0.083199382691081,0.0775860277316399,272.250274033458
241,23,0.223878494123935,0.206086188404779,0.122602028995227,0.165847734009599,0.104646049403112,0.100572892959514,0.0763666121038347,200.868552806992
242,23,0.273178488897689,0.207660246656749,0.125312531512196,0.122249138006414,0.0712561857788353,0.106795546816359,0.0935478623317572,286.580595467343
243,23,0.202135982835203,0.278671455481316,0.105852220628059,0.124900951918616,0.0723457998538333,0.107224626251926,0.108868963031047,329.907747000435
244,23,0.242014128824252,0.1834335830432,0.122247203076667,0.16698544392325,0.101904580853441,0.104309101830198,0.079105958448992,195.422367056734
245,23,0.268324863449727,0.18123793969907,0.115135963364554,0.148773417807721,0.112386010282006,0.0834320855533771,0.0907097198435442,231.132691453134
246,23,0.200883175309452,0.268530923949272,0.14259775234431,0.12210045306371,0.108392320850202,0.0822354195449187,0.0752599549381343,301.993186194634
247,23,0.241356743522004,0.222439450686831,0.155181966095621,0.114330608852188,0.0912911028131918,0.0835649385383973,0.0918351894917661,160.516486446463
248,23,0.230408192559542,0.18745329738904,0.14620020974153,0.125787410206705,0.1065846010579,0.119013479749327,0.0845528092959567,346.591497555925
249,23,0.237917120932117,0.256584419408185,0.148055773630788,0.117746314369573,0.073207824067733,0.0980774984692679,0.0684110491223364,360.858954229012
250,23,0.237814991701716,0.25321772393572,0.150839956306133,0.138955386849155,0.083261787002752,0.0671843801706315,0.0687257740338909,502.164301584957
251,23,0.256143627652954,0.245239982856909,0.14585008293405,0.11371597312128,0.0797256251443136,0.0863767019833366,0.0729480063071567,324.0245889498
252,23,0.250586956441817,0.202053489915265,0.151348923541588,0.118787001483551,0.0995962702376397,0.074516356143378,0.103111002236761,235.582639608952
253,23,0.243594622318649,0.240356204024208,0.112248417112614,0.138677104744533,0.0894455005571394,0.0910118186911222,0.0846663325517342,148.34223078062
254,23,0.259895998209561,0.178986217246809,0.161621443627803,0.118411994773271,0.0831528760590467,0.106618428451602,0.0913130416319085,304.767412235224
255,23,0.210960670513741,0.209835409638006,0.133330807361771,0.151864682260735,0.102140089706883,0.082847179586216,0.109021160932647,240.337905495479
256,23,0.187060709454509,0.245492777791961,0.15222162579881,0.117897194049987,0.0993100759608714,0.0929103463237075,0.105107270620153,172.390579173454
257,23,0.236574434566853,0.203522558541726,0.129544085846065,0.105659569213147,0.113848240995345,0.116631277861583,0.0942198329752803,369.801629388238
258,23,0.187535735553895,0.28922793059859,0.121266426152374,0.112731352038721,0.085200162318496,0.113714493183759,0.0903239001541657,291.022544808155
259,23,0.184322121361422,0.221717095546668,0.15808792037487,0.125799101632829,0.103357084426287,0.109639130726035,0.0970775459318893,259.616767886255
260,23,0.227547146400266,0.239999203524236,0.130060478112027,0.109304235030608,0.0995035907379422,0.0881173442611243,0.105468001933798,177.00506591616
261,23,0.239259629556494,0.248978488830458,0.125931580923384,0.15847246880876,0.0737023101040545,0.0784547298809756,0.0752007918958743,365.264760776176
262,23,0.248388499881594,0.2378298081257,0.110676557950117,0.134036207628823,0.0893958596362748,0.100317976763989,0.0793550900135006,183.235076284993
263,23,0.237028784926586,0.196532373742812,0.139571150841033,0.153707595124991,0.093363043105172,0.100718232573374,0.0790788196860325,170.799288994221
264,23,0.179117695937762,0.270362405493924,0.123658520840665,0.151225490274151,0.115173982763962,0.0747714706300587,0.0856904340594774,375.138853503191
265,23,0.222290908794576,0.18774130269017,0.155839365434004,0.12940660487716,0.0915805527164957,0.104159243605999,0.108982021881595,285.756184269007
266,23,0.189832327603956,0.182374612127234,0.173174179824788,0.117889636055733,0.114675437165771,0.11201268453486,0.110041122687659,433.292490001458
267,23,0.213801600385983,0.198138318573004,0.133868378375453,0.118157114346581,0.125315451703384,0.116695726332189,0.0940234102834064,358.811376092447
268,23,0.221582672899647,0.180030360792353,0.162875666223485,0.129349983209329,0.0870174655282972,0.109789611202705,0.109354240144183,354.946704191972
269,23,0.21465284955415,0.224056435130642,0.147603930094719,0.146637441648636,0.0694049013544897,0.101892870892257,0.0957515713251064,188.292164123826
270,23,0.253548411296182,0.229671198427722,0.115554354608112,0.155853308778718,0.0744244538496834,0.0858942883945054,0.0850539846450774,217.65374018663
271,23,0.268014605938865,0.190441539005408,0.106901097903566,0.12138552608195,0.11629213231263,0.0841164259621911,0.112848672795389,368.337490742116
272,23,0.219146035815817,0.216772425093711,0.124291144041454,0.122351778689921,0.116985658619763,0.0960132238119391,0.104439733927394,234.625507332249
273,23,0.268855412316383,0.19731442312126,0.148421169577429,0.131413202568825,0.0755225977349346,0.0762956366204642,0.102177558060704,211.892223374311
274,23,0.226713392610954,0.217978042900185,0.106421130932969,0.152927204818505,0.093421672173317,0.104601756385438,0.0979368001786322,206.508546881935
275,23,0.213545182793335,0.255791082073262,0.108580501704478,0.109637640483177,0.0937756813418219,0.102471429717268,0.116198481886658,366.995645089613
276,23,0.18224415665839,0.234478746031075,0.160770526037399,0.121770318566499,0.116451240414825,0.0939639027268264,0.0903211095649857,179.4463635017
277,23,0.182113511064713,0.269627964599218,0.134950873273471,0.128943498709559,0.0844603491241791,0.0836971848526099,0.11620661837625,267.272285587314
278,23,0.162192042844526,0.264065087454454,0.156695670495031,0.151971051993987,0.0730741374014388,0.0949741362789933,0.0970278735315701,247.325848022513
279,23,0.256789973530743,0.221461527293212,0.150024815287603,0.113070877598568,0.101023146108237,0.0800494660574685,0.0775801941241676,286.562227818102
280,23,0.217348233368852,0.187395891023348,0.175477783019812,0.166585222888404,0.0770834950701687,0.0825669145581251,0.0935424600712898,262.978166197599
281,23,0.233844084473975,0.24574495753011,0.1486659653589,0.127347441886329,0.0827755564558765,0.0811422576845546,0.0804797366102545,262.686416827132
282,23,0.208734766296131,0.229689164659703,0.153896450380472,0.11977819389999,0.102515969535653,0.0910438471843352,0.094341608043716,105.213864612647
283,23,0.224036761498068,0.224555960061618,0.126911986546575,0.119793146310869,0.111823359613907,0.10920929645024,0.0836694895187226,216.109435639161
284,23,0.182943452558125,0.261084077002628,0.125959263801854,0.113275761004689,0.102885185475162,0.10596398049042,0.107888279667123,290.055102947697
285,23,0.225471801761456,0.238742872025799,0.171542430461158,0.113184017711682,0.078606261969921,0.094881253924748,0.0775713621452354,303.951651607165
286,23,0.238321917437165,0.21625044165912,0.136916105747831,0.138517996178186,0.0968940863454473,0.0926335011324205,0.0804659514998294,143.068286179831
287,23,0.232394365831867,0.235874865934248,0.12350118735845,0.152701208269324,0.0706643534917411,0.0958983013109635,0.088965717803407,154.206013923865
288,23,0.238410302650127,0.244360551678596,0.115035879563742,0.135706383382504,0.101242116204622,0.0795345750795894,0.0857101914408191,230.987824026077
289,23,0.251202359805238,0.222887575441783,0.147663908671451,0.130318084645164,0.0798362648016597,0.0932115350948099,0.0748802715398954,262.466301288704
290,23,0.173280099707762,0.249600167824938,0.135301450381716,0.147838189153713,0.103132350650854,0.0912744334620211,0.0995733088189959,187.161250185154
291,23,0.242099118775818,0.23350706827488,0.121622876360905,0.117379358099972,0.0932809362956208,0.0879987704676503,0.104111871725154,168.198429862238
292,23,0.215071120625577,0.199874521122436,0.174086242830507,0.125531721374266,0.0928038870308961,0.0776006844319626,0.115031822584355,276.635876166498
293,23,0.181188161537581,0.255001143681082,0.143579364739716,0.124219944978945,0.106348838370593,0.0798256747547886,0.109836871937295,255.34338616501
294,23,0.27872931995815,0.182784602632689,0.121452053820732,0.11537804670138,0.113245096681295,0.100466073722882,0.0879448064828728,248.56459783736
295,23,0.175827666518192,0.25136302621833,0.158141164077449,0.136284728070099,0.108487923530347,0.0989229880351016,0.0709725035504815,305.262272255963
296,23,0.226172213751787,0.233438083821217,0.134977532686214,0.133317125926687,0.0979583890693884,0.072164321652853,0.101972333091854,255.175825803577
297,23,0.218208227494522,0.19493035348096,0.154789400797268,0.14322564635739,0.0838599298824408,0.0945952307720405,0.110391211215379,211.992119685967
298,23,0.247828968612317,0.247495298492281,0.120765234738562,0.141116536075206,0.0736293912041308,0.0988787383028879,0.0702858325746164,301.41093171382
299,23,0.242636516016901,0.252534572640828,0.0976657910265258,0.124863226926504,0.0799008731938846,0.0989689899544431,0.103430030240914,252.075307361865
300,23,0.182343327831917,0.279173776571944,0.122059912170158,0.147282030132221,0.113424623247501,0.0815918730492083,0.0741244569970507,366.335002221894
301,23,0.19376445738087,0.186810265743459,0.159238039053904,0.145998764948857,0.0863689751851618,0.124227413154804,0.103592084532943,448.631965634733
302,23,0.254706565347313,0.208978408636905,0.144980151197743,0.157825431061728,0.0842565800254457,0.0771596998002953,0.0720931639305699,372.611227966211
303,23,0.204089365201387,0.183610277016944,0.142340062400273,0.152525506745845,0.118249473083099,0.0945971392641818,0.104588176288271,252.112990668053
304,23,0.278836717053036,0.176286968498734,0.123528727647035,0.147256108268365,0.0857791502050651,0.098662879619588,0.0896494487081778,166.619997037471
305,23,0.225120479239439,0.194235111761686,0.158025888012785,0.161651002017223,0.0863218520219591,0.1059498005238,0.0686958664231065,330.374937046359
306,23,0.231295939978961,0.20334918820298,0.140814956023958,0.15316064229232,0.0997836845890719,0.0907569228571484,0.0808386660555609,168.621833802399
307,23,0.218415063413261,0.225837292530809,0.130552994970974,0.153240770347834,0.0964770858056161,0.0773844006412713,0.0980923922902344,232.868019552655
308,23,0.232706375992473,0.216368045426226,0.153591680282159,0.117779279107754,0.0884449843563068,0.104156507781336,0.0869531270537467,216.920989483038
309,23,0.261735373487594,0.188580737308425,0.147032132984849,0.15635633532953,0.0669638540697685,0.101147051740202,0.0781845150796319,274.41901940453
310,23,0.199746466291173,0.198736073127562,0.131119913519244,0.159978854480993,0.0812052941895912,0.115137748034837,0.114075650356599,409.661501999697
311,23,0.26588081043351,0.182107019293696,0.130261155872073,0.163826696903117,0.0891959209860103,0.0730483667244625,0.0956800297871307,275.98684639313
312,23,0.222019540096892,0.21151919961161,0.142988199597398,0.134404965352876,0.0742563640147761,0.109339874608866,0.105471856717582,288.725107391507
313,23,0.263439537272039,0.195904389500015,0.155347603474581,0.119517594441255,0.0815106227458557,0.0931644560749775,0.0911157964912781,183.764242334471
314,23,0.23013537202947,0.238588391324513,0.120480259273944,0.15455946059394,0.0720270745902553,0.0963438730319862,0.0878655691558921,161.904547474448
315,23,0.261114116021568,0.175609921423501,0.126347270116148,0.16322606372523,0.112189719315658,0.082515401650662,0.0789975077472333,273.988090653248
316,23,0.27294607084818,0.216421191832268,0.113809262556996,0.112855780493341,0.100696616248999,0.0807615853826246,0.102509492637592,253.837831432379
317,23,0.269248427009572,0.190954537866698,0.155023049497768,0.115031701023726,0.111001523454449,0.0813083676122061,0.0774323935355819,304.434661531642
318,23,0.246505537607502,0.229297969936524,0.144797442708451,0.13759287290117,0.071036583446356,0.0736120934878222,0.0971574999121764,241.671278329136
319,23,0.180294393193783,0.267611563284038,0.141940277640919,0.117367068632495,0.110325296271253,0.106424476525046,0.0760369244524668,242.630839875572
320,23,0.24049566883466,0.197916575810494,0.166492274135155,0.123591227713646,0.109609038685782,0.0733229309505975,0.0885722838696652,288.738023996451
321,23,0.249683442500653,0.185712730284973,0.113008839114239,0.131057494192121,0.0984830709538656,0.112127820658338,0.10992660229581,406.49681528663
322,23,0.231962827608288,0.261125885887049,0.110403899951975,0.129746457245099,0.0705670613594287,0.0832535829538941,0.112940284994266,267.600711005781
323,23,0.261492701797096,0.199865456770601,0.162998007203651,0.117310467555338,0.0790996705091195,0.108979630589776,0.0702540655744189,401.252792178931
324,23,0.194571066042867,0.248672387176383,0.116119324624662,0.156957985762273,0.0776302999370458,0.0940149424841637,0.112033993972606,277.179440082954
325,23,0.199964335378362,0.186297766779447,0.161902513852118,0.165724056705459,0.0951650815549904,0.101364230159025,0.089582015570598,213.709080136283
326,23,0.235276194026013,0.239565957285089,0.135542096587934,0.144719346047733,0.0754176296448276,0.0895948422715945,0.0798839341368079,222.145578432822
327,23,0.183141186862969,0.277274942579114,0.153806710419426,0.120991487548428,0.106275286162078,0.0802615166826914,0.0782488697452943,323.425211079845
328,23,0.268058357509388,0.245917544036134,0.114678650159506,0.107634271586504,0.0794216173426807,0.0931194357168325,0.0911701236489554,202.688609094952
329,23,0.234035307334361,0.213781862771242,0.158136484349146,0.124434364874982,0.110939793597259,0.0869399140429812,0.0717322730300287,297.336098355786
330,23,0.210544781210866,0.248158441123741,0.119478656167931,0.104240311613758,0.101290912852236,0.109280628121094,0.107006268910373,333.746170937625
331,23,0.190913331979736,0.243319878124151,0.158372866513637,0.13205159397163,0.0751875840969287,0.111933840726418,0.088220904587499,301.117049326017
332,23,0.218189340797615,0.226317308078645,0.124113232415899,0.117414537654856,0.124330949082008,0.103913023184117,0.0857216087868607,200.969574877799
333,23,0.297702484225245,0.20173056628536,0.124775806237616,0.130681977688826,0.0876779969411274,0.0769898876217294,0.0804412810000972,300.239371944883
334,23,0.248827549138637,0.18177668682444,0.14003524568018,0.1273152692664,0.0951942554311753,0.112727659427502,0.0941233342316658,298.533846837498
335,23,0.210789318253236,0.198887025183438,0.126519909272243,0.156033766635203,0.0849688807617372,0.103028825715371,0.119772274178771,371.353873500212
336,23,0.198113617416789,0.285397367822839,0.127895674910426,0.124459146053233,0.0913574365646669,0.0933532217635018,0.0794235354685447,209.489023848317
337,23,0.24793722972034,0.235418171040147,0.0980950962022498,0.11041681112104,0.10067029067469,0.105101413303463,0.10236098793807,315.803880906533
338,23,0.269629263429285,0.221624656843894,0.112705694801814,0.127221801968261,0.0792428457104502,0.0999332471748255,0.0896424900714701,194.26893793512
339,23,0.207300852811065,0.252929865895905,0.120691434853074,0.148083615715165,0.104180484936133,0.0694575699209473,0.0973561758677114,354.83069174938
340,23,0.264115780915201,0.233375185462801,0.141009438653507,0.119158337993412,0.0840875601234501,0.0833479162051512,0.0749057806464778,299.432913642444
341,23,0.230472095271356,0.184359166175978,0.141158628647668,0.133425318137215,0.100645024886134,0.10028310662829,0.109656660253359,269.508221004301
342,23,0.187369055908267,0.228421032348435,0.139091726254646,0.157119227706066,0.0929863082928621,0.106771534094808,0.088241115394915,198.056702710711
343,23,0.220435009903783,0.226575118937187,0.105061848751134,0.158349961309362,0.0894785383743473,0.100442503663775,0.0996570190604116,203.379825211084
344,23,0.249240290026881,0.211847425830733,0.145331897621313,0.143258271757341,0.0924120896672798,0.0838834247803146,0.0740266003161375,279.755710265155
345,23,0.237565610272825,0.246629039545737,0.108996622857301,0.10368674480424,0.0989098099601624,0.0957144299112018,0.108497742648533,283.877707006371
346,23,0.248605970353373,0.189305491453317,0.133427541091832,0.148110211290702,0.0809403551494518,0.100436786946567,0.0991736437147586,166.499185305877
347,23,0.199463775904816,0.255125539238193,0.151771194683044,0.107223209117256,0.0997942409974501,0.098516177725003,0.0881058623342382,162.838631313882
348,23,0.16811690697484,0.238678308412172,0.142140410095617,0.153924121590092,0.0914839099263163,0.101185358527105,0.104470984473857,239.890564360832
349,23,0.259076585521865,0.187359655509868,0.102779135872747,0.156192636906006,0.113854948086288,0.0843426700709034,0.0963943680323223,271.283483928311
350,23,0.211610073255313,0.216805001217213,0.151510164295474,0.149585598785319,0.0910281707865862,0.0811511355948974,0.0983098560651964,178.476077618127
351,23,0.201756515601274,0.220184225914073,0.11776433493122,0.135931423543211,0.0835556527467076,0.117171070497961,0.123636776765553,520.745134054211
352,23,0.223064454694028,0.201939889615981,0.156931155692551,0.13201496948993,0.0764788906661782,0.110092567646121,0.0994780721952112,288.720545104419
353,23,0.235354885722168,0.246596329437246,0.116387133324381,0.145469264242435,0.085061476689954,0.0968190044766716,0.0743119061071446,229.096489408975
354,23,0.231989250099219,0.24005555074451,0.125271346685688,0.166315308460068,0.0769206205047458,0.0902121502060215,0.0692357732997478,343.553903125466
355,23,0.276395340474997,0.187443431195603,0.108865841804532,0.125011313301762,0.0874319419502157,0.115836408685763,0.0990157225871275,397.622811435354
356,23,0.182614663926135,0.204144045216358,0.1395185162292,0.135422539883051,0.118057496147283,0.103994181410628,0.116248557187345,394.569930380691
357,23,0.175203462433549,0.242904108347924,0.153624470378809,0.141214506430365,0.0769325355070396,0.103966625531194,0.106154291371119,257.487246333891
358,23,0.224173664779788,0.246589295867398,0.127697980443776,0.148100867121656,0.0707156000519777,0.0848851498901629,0.0978374418452414,169.049622278174
359,23,0.230064226051917,0.268896608877412,0.142657390682751,0.129647360261232,0.0756091292320843,0.0751869253930971,0.0779383595015066,360.33956450895
360,23,0.277554461131518,0.185773795025314,0.143078388153837,0.162549036077216,0.0784970809467792,0.0751948369187923,0.0773524017465431,350.730558435786
361,23,0.213731680101515,0.204174502126664,0.15489358745139,0.152961650464556,0.0892755693513965,0.0914724926245373,0.0934905178799418,120.459013479487
362,23,0.178035478683395,0.279195669564355,0.14139617232587,0.14166068413704,0.0753512668839418,0.110407083837019,0.073953644568379,342.11429417864
363,23,0.192033770399999,0.23952704577373,0.11263946892717,0.15030578493035,0.110678500163911,0.113913362225669,0.0809020675791709,252.883009924463
364,23,0.197171048750352,0.177416446170498,0.143377243217732,0.170842902294805,0.0920990568785469,0.105443598881188,0.113649703806879,353.947918826844
365,23,0.246916380003405,0.202343364284827,0.128296843432648,0.150452379194423,0.0898238741988209,0.100798374956649,0.081368783929227,148.055043697227
366,23,0.172967709384218,0.243097120340413,0.139674266231902,0.120471697683419,0.113332144597032,0.114947584484978,0.0955094772780378,300.850185157769
367,23,0.265486200820719,0.25923375497308,0.112851649683996,0.105792479115383,0.0763892803516089,0.11032591872427,0.0699207163309429,385.972152273734
368,23,0.213763259604243,0.22430377796099,0.151284524365761,0.153042164784657,0.0752057182202105,0.0860018912748554,0.0963986637892833,160.553695748781
369,23,0.214357365646283,0.264115935975924,0.12792526780781,0.10482358636343,0.0889396950437728,0.0882630147566497,0.11157513440613,227.252199674128
370,23,0.24384714545578,0.242654566777785,0.100721271911797,0.13162573767061,0.104513950002233,0.10909932705887,0.067538001122926,292.048289142352
371,23,0.219108635243897,0.24867379041004,0.155018906486912,0.111907664208622,0.0815903250954244,0.102604615350812,0.0810960632042931,253.364775588806
372,23,0.220325341218126,0.216123799629657,0.108113348956286,0.136273905020156,0.103490050111136,0.105656970334522,0.110016584730118,331.491334617083
373,23,0.223251469847714,0.230008398758655,0.123617010326837,0.155083568996694,0.0799491392702309,0.0819809725888645,0.106109440211004,209.963323952008
374,23,0.207921025765526,0.208760099278976,0.128779129226061,0.160704651462537,0.106504606918368,0.106559985683643,0.0807705016648893,193.057621093168
375,23,0.261267716473542,0.209379428089891,0.127749390245772,0.123624794573625,0.104449077986665,0.0655375687615809,0.107992023868923,352.620411790855
376,23,0.243979449250118,0.255136046761368,0.15276902055924,0.105222821659456,0.0904401270602155,0.065224370622002,0.0872281640876004,363.907687749974
377,23,0.2271443650341,0.221258110841491,0.138920545958947,0.117682211236369,0.0993188120073143,0.100006951591669,0.0956690033301107,139.826159087542
378,23,0.233986631562785,0.243399172614716,0.117069069880064,0.15192674000633,0.0880662398615486,0.0662225699886893,0.0993295760858666,361.300725818404
379,23,0.202616144103236,0.265670035393096,0.102939405085815,0.151915966042776,0.0862823536840523,0.0827956017637444,0.10778049392728,289.846007998813
380,23,0.176308377957384,0.237778188383018,0.150598733957393,0.129083261674822,0.111956646042878,0.0866900732640339,0.107584718720471,234.882535920608
381,23,0.215344676161215,0.219576729606946,0.133257093132024,0.152761756661306,0.0900127214786345,0.11211977852325,0.0769272444366253,245.77929195675
382,23,0.223304703664558,0.218703285367899,0.152391707750237,0.11686422123262,0.101594936711521,0.106079244816737,0.0810619004564283,228.072048585393
383,23,0.228615566764263,0.20904267641798,0.15157286828512,0.156058798413332,0.0719322800101495,0.0815736800702107,0.101204130038945,188.100962820326
384,23,0.232849506169051,0.213357550141907,0.151047807951529,0.134424715817728,0.0929936932995486,0.0800855193772635,0.0952412072429735,154.976625685097
385,23,0.251995680456471,0.205767836496898,0.130386254867366,0.138991487518031,0.0750979537719213,0.0852146587325885,0.112546128156725,219.77573692786
386,23,0.255558013217221,0.179381806657518,0.146639994230105,0.111815111503101,0.102972933974348,0.113040567825912,0.0905915725917949,340.955058509848
387,23,0.212041372393201,0.222501945583681,0.162885659146095,0.134641658080038,0.086409046849497,0.0883010040294332,0.0932193139180544,133.868167678865
388,23,0.23297037690531,0.218734230288659,0.155960557713901,0.112558253282691,0.0975920204339137,0.0918326509575303,0.090351910417995,138.762079691901
389,23,0.199893803171565,0.229936351161727,0.144374690739174,0.11181601765581,0.10079374734274,0.105379852091699,0.107805537837285,280.987231521241
390,23,0.206291784524534,0.241928796034359,0.149217510418474,0.113672909168985,0.100493329651615,0.0850150702154691,0.103380599986564,153.587735150346
391,23,0.218847002906622,0.233062317504412,0.117326040222029,0.152708359162394,0.0951576860579075,0.0863739015860324,0.096524692560602,165.340305139979
392,23,0.23121205375546,0.230305808385627,0.122727351471535,0.113087633753858,0.109879379177472,0.108057708464874,0.084730064991174,220.527447785514
393,23,0.200011420863723,0.188637956043438,0.136684250597829,0.180933530163813,0.0979291473347744,0.0830759212262022,0.11272777377022,336.245415493999
394,23,0.201775071671798,0.240940849072572,0.149791656659981,0.136194847924706,0.0913058699710913,0.0781106676773419,0.101881037022509,201.268789808919
395,23,0.227694536905636,0.231343039675096,0.138805600363475,0.139892734524959,0.0887735232419502,0.0792451653006262,0.0942453999882563,170.946881943408
396,23,0.26587732843111,0.217304662973118,0.117646661499822,0.130945722802594,0.0744747574068574,0.100625681099679,0.0931251857868187,195.520130351056
397,23,0.267454565340446,0.194872205899896,0.150701851539376,0.14736868197408,0.0760814281924754,0.0773850787330206,0.0861361883207068,258.776714560803
398,23,0.200060226267716,0.255565282148723,0.118707635881004,0.153400391348129,0.0893667194986274,0.0934431427303729,0.0894566021254279,153.232350762851
399,23,0.180599272246707,0.259643434800502,0.111258977331614,0.1485305680769,0.0756144848365691,0.114594023268423,0.109759239439286,381.23750555476
400,23,0.220684720808083,0.265137194547766,0.123761948182057,0.103421619870136,0.092403796315934,0.0967054277155858,0.0978852925604384,165.297111539037
401,23,0.266089145397419,0.218837876253931,0.102446404232546,0.14334892832345,0.0967271708618389,0.0708871844419676,0.101663290488848,334.904280847278
402,23,0.249009772615592,0.22724230664551,0.121132259006125,0.148977027489014,0.082680843958543,0.0793095027560417,0.0916482875291742,204.709583765373
403,23,0.256120725145661,0.210133541974361,0.130560594758201,0.112009149189198,0.0868578349061965,0.10664868126487,0.0976694727615121,271.383202488516
404,23,0.273656822565277,0.222806220607992,0.118687461808965,0.109921288152727,0.075488510982386,0.0964739578066894,0.102965738075964,259.704340097767
405,23,0.229466139095782,0.168281310221078,0.150038707411414,0.142446736812083,0.103307596507844,0.101670136821366,0.104789373130433,252.175914679309
406,23,0.26046413911871,0.217650218545272,0.10529275234339,0.123182626638304,0.10318469590126,0.0918260876290793,0.098399479823984,200.963116575323
407,23,0.187602307940842,0.25345537475424,0.109426712319868,0.1258244537913,0.102585794112154,0.103193642023213,0.117911715058384,385.787290771746
408,23,0.176928491727868,0.27288290076104,0.12051460198118,0.14303652398614,0.0876310499890435,0.107284957911676,0.0917214736430523,218.498533550594
409,23,0.187313725968196,0.190713922443359,0.172218528829861,0.15045051008928,0.111356778081202,0.091266028065815,0.0966805065222867,227.555502888465
410,23,0.187880912446705,0.230202040373851,0.142723101035435,0.145959885715554,0.105686527941333,0.0964901550000944,0.0910573774870275,128.501970078509
411,23,0.187040486302711,0.251216390118638,0.14690948801767,0.15051749073921,0.090504782302339,0.0942240632298011,0.0795872992896303,232.629240112572
412,23,0.220950296113448,0.241241038969116,0.136676000558014,0.116342186531821,0.0741917160407778,0.108161909395683,0.102436852391141,275.359265294021
413,23,0.237701195381564,0.207285021441956,0.12992814798037,0.150893583465468,0.0838797998187613,0.101822988827817,0.0884892630840645,130.242630721381
414,23,0.201662295379236,0.186454910808521,0.168526763700846,0.155139038719715,0.0928641586178695,0.084911386823231,0.110441445950582,254.009420826545
415,23,0.24513105493198,0.210486929808949,0.123142857254718,0.164292953175509,0.0945117638970088,0.081758116690674,0.0806763242411608,255.215997629981
416,23,0.183803419462178,0.24351957363387,0.139855553714506,0.15117587681234,0.108775203644139,0.0762253884117745,0.0966449843211918,300.127270034067
417,23,0.247154796372719,0.176607765503564,0.138979510433146,0.161855962593528,0.0740702259571835,0.0906768452858155,0.110654893854044,226.042778847585
418,23,0.227511189546607,0.219927528411482,0.116303397523531,0.146481469523856,0.110435810797919,0.0811544100622933,0.098186194134311,234.342882535913
419,23,0.249236446032997,0.20927016506924,0.145901914745803,0.129983242905753,0.10408318234628,0.0705271636391183,0.090997885260809,280.466005036286
420,23,0.243520104707353,0.256457569127242,0.150798025644807,0.105787336185015,0.0794470330526377,0.0947186749767395,0.0692712563062058,356.984328247658
421,23,0.256906538526697,0.226405285219298,0.0977027178466262,0.14338682633432,0.102509664779882,0.102429939159644,0.0706590281335332,259.8641978966
422,23,0.271058538645553,0.229906957322552,0.156629750814943,0.121124721662592,0.0747923240594746,0.0716215110601638,0.074866196434721,414.730913938651
423,23,0.20831478040936,0.232029087166825,0.126003949338348,0.162248188451751,0.110457004118952,0.0753772828319592,0.0855697076828049,334.849829654867
424,23,0.19929964006558,0.205048899305338,0.154012919805061,0.144889644851476,0.113119916283247,0.0938747957569748,0.0897541839323238,157.508576507186
425,23,0.202210087149313,0.180369649104605,0.168550947913557,0.166063034144285,0.106924513686328,0.0718109094034892,0.104070858598424,361.822011553833
426,23,0.199247386990091,0.201186650063064,0.141306937782318,0.158853858331177,0.115802635904158,0.0982377896086822,0.0853647413205093,182.805688046219
427,23,0.219137981345686,0.234719782722687,0.12069211794065,0.128263389785284,0.11020715936791,0.102496744920362,0.0844828239174201,139.448911272409
428,23,0.25007037787647,0.230740320977973,0.137260118580623,0.14128040226899,0.0984757387811028,0.0753521033414845,0.0668209381733565,412.355917641835
429,23,0.23980623675824,0.253110725556482,0.106890483754522,0.147903251998113,0.0654893702657454,0.09830237910499,0.0884975525619073,213.324663012879
430,23,0.266479969324311,0.234335612595574,0.126044195710729,0.118104578254109,0.0898678302348919,0.0899868591812968,0.0751809546990878,251.34066064286
431,23,0.239460092481693,0.211847795012061,0.107415570957316,0.157896508003512,0.0832212268733423,0.101119320938363,0.099039485733713,197.416027255213
432,23,0.23654400199656,0.21094363555695,0.149118686899057,0.148147120841715,0.0919574460218751,0.0964266177265925,0.066862490957251,310.8567027107
433,23,0.220339171432123,0.222049016596373,0.131206917755712,0.14402809291594,0.0757553790403035,0.101969638718116,0.104651783541432,199.289823729827
434,23,0.213711872396339,0.218245682794916,0.163627587956761,0.122529883591795,0.0990874757779851,0.0931817544998026,0.0896157429824012,142.388742408535
435,23,0.248129367139832,0.194401188464951,0.130971632652312,0.135114459849396,0.0835765764505492,0.0966886066205769,0.111118168822383,248.50884313435
436,23,0.187324099624039,0.258067701338864,0.156000092134896,0.136161865820848,0.0825962972751531,0.0811296181447797,0.0987203256614205,205.950822100433
437,23,0.247479524897405,0.193733040355884,0.149780997195819,0.15047602358277,0.102073030145016,0.0893327197654572,0.0671246640576495,323.322766997471
438,23,0.239297127067194,0.195472814853956,0.136964034421767,0.14317902193288,0.0873437872420834,0.101712106545779,0.0960311079363404,143.184120870975
439,23,0.253595068365178,0.246671748083062,0.150523691640255,0.112791661502843,0.0731140196632759,0.089978131879238,0.0733256788661475,333.671337579623
440,23,0.214833165588613,0.205518432950815,0.140591768476179,0.154759852081029,0.0975798836380598,0.101958186175463,0.0847587110898422,141.164745963562
441,23,0.197786121912579,0.232584170520923,0.134720978694758,0.149105912633761,0.105914276798214,0.094095098597854,0.0857934408419106,138.912338912751
442,23,0.245645979427955,0.232283767848828,0.120943360721263,0.152895606861235,0.0805213145744108,0.0953508557667511,0.072359114799558,260.809065323661
443,23,0.242238169417041,0.270166542514254,0.105186080797113,0.131563540443494,0.0880952290534432,0.083621341340873,0.0791290964337809,271.76068730558
444,23,0.256271870212026,0.186367900502011,0.142415674728724,0.117014197896156,0.101683148147313,0.118765872652087,0.0774813358616829,380.985098503921
445,23,0.221003706842735,0.208542646491168,0.156255210902037,0.160642149518988,0.0815658421469834,0.0931551060551322,0.0788353380429563,245.53600948008
446,23,0.226221252978131,0.257034169861469,0.154521663179294,0.121178799618805,0.0840075599749924,0.0675820330359661,0.0894545213513434,332.869145311807
447,23,0.202801741720898,0.215119082110444,0.123215262638391,0.157187353341989,0.106026049304333,0.083700572431064,0.111949938452882,301.296282032285
448,23,0.273599254602515,0.176931580661241,0.1187778019955,0.106422359252276,0.0938713821033171,0.117122533808362,0.113275087576789,538.95067397422
449,23,0.191549400301157,0.217709797706164,0.176328651817113,0.154045053396168,0.0816911396274558,0.0802676145201171,0.0984083426318253,261.346881943422
450,23,0.227547417756218,0.240567844857359,0.106541774807655,0.140872439583792,0.105771875502932,0.0920406667415769,0.0866579807504666,154.50268108428
451,23,0.246325230194974,0.232921637491025,0.104971302143936,0.150767912490785,0.0803823309468858,0.0765265073552503,0.108105079377144,289.40044437861
452,23,0.229741639679723,0.205912867741361,0.125839576212497,0.167166536776854,0.0840800277438215,0.0766809035788288,0.110578448266916,288.124129758554
453,23,0.225059928434502,0.21318939663683,0.138415619147103,0.143558662628225,0.0894787590619225,0.0804763728235292,0.109821261267888,201.413597985486
454,23,0.233692984986085,0.225266000902105,0.105248228965821,0.139653216645498,0.101399133046202,0.101900356059313,0.0928400793949751,162.346200562873
455,23,0.25798226413169,0.192107761367251,0.138066412140444,0.125706780766075,0.0772830728631982,0.106492511932744,0.102361196798598,285.480491778999
456,23,0.243886943678561,0.199025922373988,0.160121377080758,0.119913786667531,0.107830680559452,0.0834528118312492,0.08576847780846,214.548896459791
457,23,0.193500317684994,0.237554523120489,0.147484631330507,0.124105108959718,0.089190396626234,0.0982512415472527,0.109913780730805,218.1042215968
458,23,0.211303982044169,0.249011117340815,0.150721765656194,0.134214441997824,0.106064570378834,0.0788839158022909,0.0698002067798729,380.027551473865
459,23,0.194880297158447,0.20734645988514,0.132525919797879,0.147997295105052,0.0929041042652628,0.110833712209645,0.113512211578574,364.539120130371
460,23,0.242891118955172,0.187026037308474,0.112230944417289,0.135539998502023,0.110629184594637,0.105897136906918,0.105785579315488,328.905110354022
461,23,0.211636201017893,0.23175174377205,0.169825755786468,0.1497309674277,0.0901066319939251,0.0715546330791752,0.0753940669227884,432.781454599303
462,23,0.207835557059046,0.198069763117564,0.125452916945875,0.159554685832696,0.111583338134983,0.113516718415036,0.0839870204948004,252.097526292413
463,23,0.186323213291224,0.276021461805819,0.146805840013102,0.128156020858288,0.078978228630033,0.102847554990695,0.0808676804108386,250.783113612802
464,23,0.229138357419989,0.218083602194165,0.105859080683031,0.158036011019518,0.0796568414612049,0.0891485186106685,0.120077588611424,348.555177010808
465,23,0.196368415468644,0.240621321648903,0.128440444907926,0.116743182360278,0.110429065968,0.106629377454585,0.100768192191664,245.00405865797
466,23,0.260098309970452,0.215673599914174,0.116186245813453,0.126102428582017,0.109090444732318,0.0988935085014917,0.0739554624860939,224.550140719881
467,23,0.242008668891992,0.225412630184907,0.12961569390134,0.11458622509906,0.100190898539064,0.0880829419146098,0.100102941469027,141.815079247518
468,23,0.234372664289903,0.235413305430669,0.104919159478792,0.153667281670607,0.0921035172477086,0.088114661518708,0.0914094103636124,176.318945341433
469,23,0.226973428818599,0.20962268676002,0.129664430769951,0.155423783621659,0.0835752558586621,0.0906434597811147,0.104096954389995,149.479780773215
470,23,0.265958015895892,0.196970053596608,0.133226298949667,0.103533135635847,0.105355182393667,0.0878957696166034,0.107061543911715,269.411701970083
471,23,0.216611519584747,0.264633397115549,0.105522594508153,0.158823032503657,0.0706749893732149,0.0889148719256177,0.0948195949890611,227.934765219961
472,23,0.257783599968514,0.227604761697083,0.138725298280303,0.127360008861618,0.094152280481598,0.0651549686567816,0.0892190820541015,339.642660346634
473,23,0.22487364709505,0.172186257987429,0.162875521558701,0.129665473166711,0.110076668767603,0.103298278864578,0.0970241525599287,251.543534291222
474,23,0.194798083228828,0.271748378025018,0.116193770194354,0.137436728698149,0.0929934070589809,0.107876239130737,0.0789533936639333,221.331476818251
475,23,0.239180080955126,0.233703674879624,0.158757124723468,0.135526964306757,0.0743987587335541,0.0843875198769668,0.0740458765245032,336.356984150504
476,23,0.265992889726328,0.182482677272848,0.15379939804806,0.159881222347494,0.0931687999606853,0.0707085678974058,0.0739664447471785,409.938972004142
477,23,0.168486616842656,0.271576719119948,0.149956766096928,0.11261618879244,0.070650869451857,0.114837326971655,0.111875512724516,408.480995408104
478,23,0.249275040919062,0.18993834461121,0.146310886637755,0.136554240764165,0.104584038008874,0.0850497735058317,0.0882876755531028,157.137727744023
479,23,0.250490539286811,0.23090660526924,0.127606382615238,0.107771020924131,0.0815681561286193,0.0976220993941023,0.104035196381859,229.2822396682
480,23,0.260754687782964,0.261670624551524,0.132784604311719,0.105183656805592,0.0766876734368977,0.0857125980310809,0.0772061550802232,304.67290771737
481,23,0.206149057011278,0.1970306194794,0.133729138202142,0.153896640351065,0.115227916164558,0.0919401922286298,0.102026436562927,214.893201007263
482,23,0.255377492238279,0.263609568255075,0.106654565404532,0.114170463212154,0.0743941936371966,0.103026435969926,0.0827672812828379,265.766138349875
483,23,0.171646447572506,0.239865517236718,0.141782186731638,0.151099001232659,0.086230406052328,0.104732250031777,0.104644191142374,250.532898829815
484,23,0.224367813857636,0.213748132991593,0.174226086341593,0.11583192196261,0.0965970678648004,0.0870625717855671,0.0881664051961994,206.912338912748
485,23,0.191121423392709,0.277616790590802,0.110945478566468,0.142029733851236,0.0761802356591858,0.0853024560423453,0.116803881897253,320.703658717232
486,23,0.177383191151065,0.269687987943584,0.13109759852409,0.158431464953662,0.0933091785119784,0.0859455272717724,0.0841450516438484,275.63809805954
487,23,0.22041239217238,0.214615575048735,0.117911228637626,0.1541219152988,0.110477842111575,0.0879166994367376,0.0945443472941465,186.089408976439
488,23,0.246333662838302,0.240635732989635,0.150388750604996,0.133923346628475,0.0659741490913564,0.0919229813774813,0.0708213764697538,356.123181750861
489,23,0.190334787882531,0.223237136868225,0.134017978881823,0.152292287799648,0.097306806235633,0.105704022570232,0.0971069797619079,192.080876907138
490,23,0.225944210808802,0.24623966824961,0.111141691036093,0.13398032557657,0.0868943027016672,0.0890623209927248,0.106737480634534,194.743238038805
491,23,0.194455216777126,0.217402094817388,0.12095805141906,0.131528167936469,0.0931902141343298,0.130607696555698,0.111858558359929,554.113405421447
492,23,0.227215052471134,0.263341375678855,0.116623000896489,0.133245590937128,0.100563367271309,0.0813857715260385,0.0776258412190472,275.113198044748
493,23,0.249837889594867,0.198191624432587,0.137978229643806,0.163037358131092,0.0995083415242921,0.0704717375525043,0.0809748191208501,361.056258332109
494,23,0.233213968456637,0.196274993284424,0.169458401686761,0.112410968579733,0.101619113172306,0.103612431355078,0.0834101234650615,271.679099392683
495,23,0.28832380785853,0.180261668369216,0.112650451015316,0.158372195210721,0.0724171269115139,0.108461481522777,0.0795132691119272,294.211998222477
496,23,0.213308505007139,0.241114202812053,0.152656097504388,0.129646985824333,0.0799262204940328,0.0924246097146095,0.0909233786434449,125.516930825055
497,23,0.272905597512736,0.174834879364298,0.145920369170598,0.136468648724072,0.0794434914103536,0.101151862715151,0.0892751511027919,215.618012146345
498,23,0.204333891256644,0.26779401259666,0.137577347339638,0.129107317139351,0.0702210454731672,0.100180982534227,0.0907854036603121,190.22112279661
499,23,0.243423699477884,0.208453055782516,0.158651930505638,0.156843197253249,0.0769272732907957,0.0701290162043738,0.0855718274855429,349.488194341596
500,23,0.220506798307747,0.24005688332858,0.122138088681588,0.146246873917357,0.0810380116900989,0.0883537502418407,0.101659593832789,141.872078210634
501,23,0.228178867571629,0.18705188392593,0.150828800528956,0.147330043603644,0.0760510067286493,0.0997531201766447,0.110806277464546,252.244348985333
502,23,0.204615960349181,0.248952127658056,0.105320326383961,0.123929171110629,0.104663559229114,0.103086015147789,0.10943284012127,310.855043697218
503,23,0.234130399372644,0.233311957519352,0.118852400100293,0.11762418725941,0.101949848059044,0.112062821334579,0.0820683863546766,251.77804769664
504,23,0.257628227027846,0.209379675008187,0.140650326538985,0.126096819033236,0.0725827033410305,0.114576265276425,0.0790859837742901,357.441267960306
505,23,0.217012397101568,0.204973834225526,0.164217849917245,0.131227452546388,0.091675850712997,0.0937651343998495,0.0971274810964262,134.954288253594
506,23,0.179862791465451,0.245340612045644,0.158083679256674,0.117578610162881,0.0819355270214027,0.111829570369784,0.105369209678162,327.548392830715
507,23,0.247766975757513,0.233975081425009,0.127027436392015,0.114518277287774,0.0819812751738934,0.0851904502267671,0.109540503737028,208.687779588208
508,23,0.290492816266756,0.188976262600809,0.118609549261278,0.157766587751254,0.0737985620185558,0.0781689501464178,0.0921872719549292,253.864138646124
509,23,0.25766645679244,0.223522335427772,0.146433048343982,0.102654754694156,0.0892976182476358,0.107763913009828,0.0726618734841871,348.90031106503
510,23,0.241612995726849,0.229986435616763,0.15314088284212,0.106809654162385,0.10004958273229,0.0955551006627939,0.072845348256799,280.975736927855
511,23,0.250667733205218,0.196247719736063,0.124788041669119,0.152515574196554,0.0798191659864708,0.106137901512833,0.0898238636937438,194.276344245295
512,23,0.261794183385932,0.166718093455683,0.142317060683189,0.147020569521165,0.1045249627068,0.089765267668172,0.0878598625790599,161.265768034353
513,23,0.190946341988001,0.262850132493029,0.128426346626742,0.125444249228376,0.11314527841874,0.0900197251321085,0.0891679261130049,154.211583469112
514,23,0.186651004071129,0.219535954635889,0.143207446480395,0.152121315339729,0.100153047917205,0.0904708355808154,0.107860395974838,221.226544215672
515,23,0.245688537809073,0.197875546814634,0.14398443594985,0.153075906986268,0.103339061286765,0.0779030539447352,0.0781334572086753,296.185335505839
516,23,0.23169145196336,0.202773246336663,0.148458408135211,0.135821066711353,0.104522960160875,0.0757989614758378,0.100933905216701,225.494237890676
517,23,0.214521566216332,0.197286463309289,0.153782552572827,0.131957107968747,0.085192873485639,0.105231685291796,0.112027751155371,305.870596948614
518,23,0.1846920719255,0.191953201345536,0.161566084299242,0.15554131780661,0.118036750871166,0.080572185091755,0.107638388660192,323.486416827141
519,23,0.237420264890656,0.187948611582651,0.159927254779988,0.147523485305818,0.081297572166054,0.085644428693784,0.100238382581049,148.853562435196
520,23,0.239145745299209,0.205862398785342,0.138225718058051,0.132731950990302,0.0831876238677474,0.115619484649626,0.0852270783497227,304.011909346775
521,23,0.264962797737771,0.220076007616329,0.131093793966985,0.147712189186368,0.0822711614959265,0.0682367588937572,0.0856472911028626,340.01522737374
522,23,0.221846305590956,0.22484547626148,0.113666762235694,0.157008011042709,0.111888433248976,0.0928125312427658,0.0779324803774183,213.783261738997
523,23,0.272304724936977,0.177613125692632,0.127694393902913,0.160564989028052,0.0829666632433453,0.0682824892498292,0.110573613946251,337.810457709977
524,23,0.194600281073267,0.216967556377987,0.116023802432176,0.149943615257074,0.0910689014641311,0.122964764440197,0.108431078955169,441.312753666099
525,23,0.202952007014163,0.26628510556367,0.160103798218538,0.112665352170233,0.0686889477217598,0.0957140598962871,0.0935907294153489,220.609035698414
526,23,0.199800851071387,0.238346865853065,0.144942240762609,0.123060499735436,0.111507974824778,0.09263962698842,0.089701940764305,117.780595467338
527,23,0.245607804347265,0.224203129054893,0.140625317309299,0.127684262346883,0.0812690483013518,0.107665241904906,0.0729451967354023,294.006991556801
528,23,0.188710676259646,0.226408133963759,0.14795570712697,0.15341011321533,0.105589385158419,0.0769541264306656,0.10097185784521,280.896993038067
529,23,0.24442953396393,0.170080082550432,0.12714311219789,0.153708659925145,0.115122346253361,0.0922907804266605,0.097225484682581,196.407287809197
530,23,0.247044524128894,0.183063015448277,0.107691521141442,0.156401888939763,0.114371250420109,0.102298544317658,0.0891292556038567,206.386550140707
531,23,0.230173756947461,0.204202934886246,0.123450535386543,0.153480135279574,0.113117410092231,0.0751612919185181,0.100413935489427,300.811790845792
532,23,0.212908788152687,0.239619723539883,0.154117702704465,0.140135130352188,0.0778053059248945,0.090650903017502,0.084762446308381,193.944541549402
533,23,0.226543676499663,0.242067084877133,0.113120895994958,0.129118896831455,0.0906430856029081,0.0934591631319946,0.105047197061888,180.796504221598
534,23,0.219181697942242,0.178110834978571,0.114627162068626,0.162664849464992,0.109137191659614,0.106627700875645,0.10965056301031,361.86686416825
535,23,0.210354085536414,0.208175355040313,0.162056269421694,0.157799747867471,0.10834122310879,0.0727044732188707,0.0805688458064475,381.964627462615
536,23,0.268880620521856,0.223794279378455,0.108515115059028,0.111991314694163,0.0943157214383477,0.0791350209780732,0.113367927930077,320.329373426162
537,23,0.271567680129267,0.176146738418108,0.163799121552845,0.121000061267357,0.0905095940596594,0.0838948114543772,0.0930819931183853,213.068878684637
538,23,0.263428916549471,0.200418833737278,0.113750498285761,0.140249630125882,0.0811130094734704,0.105846273626463,0.0951928382016738,228.984624500066
539,23,0.22994145887404,0.263886996259009,0.124609466967278,0.109252423681509,0.112224547116285,0.0800345721611071,0.0800505349407717,269.819404532657
540,23,0.24239352973259,0.272556627433349,0.116332252248585,0.11290844032101,0.107294122068072,0.0780744540216276,0.0704405741747672,366.235579914078
541,23,0.244359101250647,0.251493862992931,0.120792976278773,0.100317125266731,0.103796386290126,0.099438420769168,0.0798021271516233,221.500281439791
542,23,0.20983862618983,0.189017091929536,0.157627125649978,0.154270410188511,0.123855264159277,0.0784094048585526,0.0869820770243153,314.104932602577
543,23,0.189036821167966,0.207679563374721,0.16168540711768,0.160961816363405,0.109572198028907,0.0976687913868914,0.0733954025604291,301.2050955414
544,23,0.232310831959108,0.246442782576647,0.152339195281145,0.12028027381567,0.0742133077188716,0.075621022861276,0.0987925857872821,219.382135979868
545,23,0.19436803073652,0.273157796515005,0.13947729437393,0.12134715647914,0.0975087963421896,0.0790667202976244,0.0950742052555915,209.590756924907
546,23,0.215354448047904,0.196828333405611,0.161034558708847,0.139479818598521,0.0962618550439076,0.0801068411711012,0.110934145024109,233.59081617538
547,23,0.240712419625664,0.227308515851626,0.104931847454127,0.11858966457839,0.0912405665471147,0.108634506285007,0.10858247965807,356.676699748182
548,23,0.181807040887552,0.25069167862918,0.111143052240327,0.174197862247704,0.0889257849953733,0.10391622271207,0.0893183582877937,251.91384980003
549,23,0.24357478822306,0.223268788683499,0.122170313096656,0.107839214362058,0.0867977056133717,0.102347921227251,0.114001268794104,349.941993778704
550,23,0.182869871042021,0.203754314948389,0.158903277595313,0.173284141399556,0.124239751435811,0.0778254814590836,0.0791231621198271,423.578669826695
551,23,0.220442042489786,0.22407448085912,0.143888830275743,0.135219954432512,0.0949586691245372,0.0785084816074602,0.102907541210842,180.37007850689
552,23,0.212759911272408,0.240727165853905,0.154265397445196,0.111329970242967,0.104828862279398,0.0876040525003161,0.088484640405809,156.056584209751
553,23,0.216343685262543,0.21156524983249,0.152675103141646,0.124194438373763,0.112280806998091,0.089932037832373,0.0930086785590939,135.915864316398
554,23,0.220667043139394,0.221016114310805,0.114685990564469,0.13658761529717,0.10424019219357,0.114392385807017,0.0884106586875737,251.832498889044
555,23,0.276225734913684,0.215995094947635,0.11628477802142,0.12516736990784,0.077593847630226,0.0805726305098581,0.108160544069337,245.537727744037
556,23,0.216229710938484,0.195185099583275,0.167350156952767,0.137902265918205,0.111322023067848,0.0736791096840585,0.0983316338553623,287.758021033924
557,23,0.21026161832589,0.198760096743944,0.163599999436198,0.151046259650416,0.0810794939042511,0.112561327946802,0.0826912039924985,309.282239668203
558,23,0.245896652728386,0.180530010487636,0.159966452505729,0.155249681357503,0.0772807272581125,0.100824857847821,0.0802516178148129,248.864405273296
559,23,0.189150093812047,0.248434525095575,0.125422454038137,0.170723984519937,0.101330281136763,0.0924827481265559,0.0724559132709861,316.233624648208
560,23,0.260607441813487,0.222777235072651,0.107765305444627,0.149031417106662,0.0815345234825159,0.107755518969243,0.070528558110813,291.565990223675
561,23,0.222959708183579,0.255720976790402,0.103382388146544,0.123532011525864,0.0720763031246688,0.110860401568202,0.11146821066074,386.53947563321
562,23,0.256082096637965,0.222697223715793,0.125255387221135,0.15801902951557,0.0747443147667608,0.0707685362049641,0.0924334119378126,308.643874981491
563,23,0.278115335547913,0.187346217253044,0.123853842796995,0.145021824444531,0.0827881435432644,0.0758603035306314,0.107014332883622,253.894652644051
564,23,0.211983603427599,0.197313700517456,0.143745148291334,0.142919762599188,0.0789677968268922,0.108366676441586,0.116703311895945,366.927981039846
565,23,0.245823778957041,0.194059349465484,0.139639206148473,0.143616861365316,0.0835594591814598,0.103471555090591,0.089829789791634,165.533106206491
566,23,0.220408391539531,0.20454185948605,0.168372722874857,0.138028590860466,0.0807357111108751,0.112368785791347,0.0755439383368737,352.191201303516
567,23,0.271120679794799,0.172925500644324,0.155949519285615,0.15997150213874,0.077645064579307,0.0829987805551853,0.0793889530020293,290.820559917053
568,23,0.197100455236572,0.27861133036441,0.116328983760059,0.129525520628575,0.07955021326049,0.0973009181073264,0.101582578642567,190.590727299643
569,23,0.237400460590547,0.23423823120101,0.120139515519587,0.147603222072556,0.096284757641128,0.0784091774105112,0.0859246355646612,239.782195230319
570,23,0.235648142416486,0.219923041146927,0.12825552633108,0.129128755242782,0.0790951587961546,0.104482320302949,0.103467055763621,231.066330913947
571,23,0.187704233237361,0.247431084080969,0.138258536739712,0.12562033013668,0.0901210828600861,0.12238223783637,0.0884824951088212,355.783202488507
572,23,0.223406372035181,0.205994130290023,0.107561132340819,0.164312116324014,0.106186816789437,0.108941026927281,0.0835984052932457,219.921789364537
573,23,0.27015998820041,0.198881766152338,0.135792292582181,0.126879514618029,0.114027677584835,0.0781697838286083,0.0760889770335987,307.626899718576
574,23,0.232276944945958,0.251201914728053,0.110094662134564,0.142737041421315,0.0974015131719884,0.079476507184452,0.0868114164136696,246.313020293286
575,23,0.232488252816518,0.230211735227082,0.120493862873585,0.134373815939837,0.0970958206375604,0.0829507869508065,0.102385725554611,170.683987557402
576,23,0.20228712006141,0.224239353584826,0.14511022696528,0.117203987536296,0.115149461179236,0.113773536054585,0.0822363146183688,278.971293141756
577,23,0.187333642216679,0.243917144509285,0.123853064439054,0.133475965236859,0.114098327770926,0.0912331530899184,0.106088702737279,236.399170493254
578,23,0.216419421329627,0.247439002020689,0.132937264148874,0.12754836994013,0.0839098279648248,0.10647584185194,0.0852702727439152,190.251222041176
579,23,0.204637333419905,0.205647798286864,0.123467658896086,0.126056731186642,0.115262533860763,0.127351987112828,0.097575957236913,455.747118945362
580,23,0.18051228833259,0.243655616203221,0.169466044220379,0.10857809266041,0.0957916221669206,0.11695391737917,0.0850424190373097,372.227521848607
581,23,0.254974138595339,0.178809638509175,0.155813754735066,0.103770019767052,0.110046603725021,0.0998495700654616,0.0967362746028848,278.561102058954
582,23,0.25038449757973,0.220485998974798,0.121151189694727,0.122739911632203,0.104572687647843,0.0894871509586142,0.0911785635120842,131.61570137758
583,23,0.278415512677132,0.199172530503757,0.124252656574836,0.138609131704696,0.0780700772616688,0.091816890102535,0.0896632011753744,153.441860465113
584,23,0.216075986778038,0.286278012047996,0.120646936723708,0.120320991920831,0.080004455260725,0.0955130732131637,0.0811605440555386,212.457235965047
585,23,0.247960599371877,0.278667954662007,0.110127874745325,0.103731585684373,0.0929409189283115,0.0861338031939273,0.08043726341418,259.024263072137
586,23,0.244732758870788,0.190787372376975,0.188185998823983,0.116375135254428,0.0841261614403404,0.0812703113995877,0.0945222618338977,263.360924307519
587,23,0.233684622210298,0.252142879954947,0.0961518565939956,0.146689076232699,0.101940740973777,0.0845982090515681,0.0847926149827152,251.649059398605
588,23,0.235378725559333,0.214685989046087,0.154778620893589,0.11036003412049,0.114426299577679,0.0786181883109384,0.0917521424918825,234.084017182661
589,23,0.195150404718433,0.224967336876445,0.164803839733992,0.110935831382973,0.107121135866667,0.113290374240644,0.0837310771808473,318.382402607028
590,23,0.208140518105736,0.258026978054054,0.116511847536204,0.1215321149353,0.106001671311074,0.111669134406412,0.0781177356512204,237.282180417718
591,23,0.195163429705455,0.238626550391469,0.124496185189107,0.132670463848387,0.0921572414280376,0.120744709829067,0.096141419608477,338.136868612046
592,23,0.189057543617152,0.282781080425838,0.111493500865278,0.121415082260098,0.0946699549465407,0.116853450422236,0.0837293874628574,298.553992001179
593,23,0.176576374994685,0.264111831369305,0.118767988767535,0.165672627377034,0.10521030737548,0.0811431297409939,0.088517740374967,328.637890682861
594,23,0.224738897633906,0.213012272000127,0.108017283190762,0.154423189492718,0.10155266605452,0.103699513573611,0.0945561780543554,186.578640201437
595,23,0.24595342059406,0.248705504237381,0.10956460225887,0.1109614912993,0.0924434897476185,0.0934726464728659,0.0988988453899041,184.212294474893
596,23,0.201783776942281,0.236961073447602,0.148199462609087,0.117981970342735,0.10112021938328,0.10316786340018,0.0907856338748336,160.545519182345
597,23,0.235404722072503,0.226205607704254,0.149071376456832,0.139305892086722,0.0984713230947923,0.0735524009047625,0.0779886776801349,334.697733669093
598,23,0.260323208510598,0.190209126965693,0.154323237588518,0.111733449804297,0.0975860006687959,0.0927795374679044,0.093045438994193,183.707776625684
599,23,0.205093838160108,0.226243657526814,0.119953692146172,0.152863974487462,0.0824482473266179,0.0985688324716117,0.114827757881214,293.211613094367
600,23,0.275953813744585,0.195672076902965,0.109404346491776,0.118267000043362,0.115284516776139,0.112469863841513,0.0729483821996602,338.194341579019
601,23,0.247790622579062,0.240383968177705,0.129702525957012,0.111215889533305,0.0881741571468984,0.0937564805648339,0.0889763560411835,138.533728336546
602,23,0.205460528820398,0.226813584450658,0.134533578511489,0.150803100122283,0.100250035440176,0.0815040863231119,0.100635086331885,204.190134794845
603,23,0.249150182096558,0.189213810546952,0.136415053171987,0.129493919352873,0.0768647366471955,0.108485566698376,0.110376731486057,348.79401570137
604,23,0.251964418884297,0.177083936448584,0.138879678108461,0.146614319543732,0.096762204713878,0.096622362760557,0.0920730795404914,116.542497407792
605,23,0.232201602072647,0.232788921056848,0.137725216646842,0.113807279763019,0.0963718793225661,0.0899441799882451,0.0971609211498332,98.05670271071
606,23,0.236926845835749,0.194518418690901,0.170212804751093,0.156268410499542,0.0865515405235088,0.0789976925014007,0.0765242871978059,351.367145608054
607,23,0.193053771171197,0.252207307663207,0.140369112516879,0.133992101152514,0.121529881511947,0.0779648462395292,0.0808829797447256,318.357754406757
608,23,0.242849335191555,0.232570978642656,0.112333445667956,0.149701044790268,0.0802567423413318,0.112027342877851,0.0702611104883802,308.059191230936
609,23,0.23546308848631,0.23443702438484,0.136143433231522,0.109410007310057,0.0821300794119362,0.104477290734628,0.0979390764407062,230.528751296102
610,23,0.267203908524063,0.185150134964048,0.138576796294107,0.11805071877411,0.0903965513443742,0.119801147366798,0.0808207427325003,404.373159531924
611,23,0.246638540310073,0.245660715318121,0.109876122925523,0.120975208699061,0.0943077380561524,0.0900084147769013,0.0925332599141684,141.943356539774
612,23,0.19649449944738,0.240485145809053,0.114262961061536,0.167837756434037,0.100979420999802,0.101301257841776,0.0786389584064157,227.275129610423
613,23,0.220465137235891,0.198456423026545,0.111211315387877,0.17781532166463,0.122062323865552,0.0825363201915243,0.0874531586279819,333.627018219531
614,23,0.213467161166244,0.259171255641023,0.116333763650461,0.113911746060862,0.109655632858131,0.077932673456696,0.109527767166584,289.902473707598
615,23,0.205746021220867,0.19564648015369,0.126648045254616,0.168862466614803,0.0893142182303145,0.0920787096121246,0.121704058913585,370.069974818552
616,23,0.217085616893758,0.200071164373926,0.126493184825701,0.166483759810293,0.0819241543485998,0.0971956233123809,0.110746496435342,257.600888757214
617,23,0.272924043560565,0.22822513266043,0.130021434441686,0.102398440790879,0.0775710771777772,0.0841428645340807,0.104717006834583,233.198696489407
618,23,0.246574825791022,0.177631193490838,0.144894698777565,0.124223665300745,0.108065465815882,0.0885071266657137,0.110103024158233,259.148333580212
619,23,0.2311501142886,0.233785503906784,0.156836675739952,0.102519099321176,0.112327627585802,0.0876721722266106,0.0757088069310755,279.49417864021
620,23,0.212744926725624,0.23043499891804,0.1546738256466,0.15047390649463,0.0791188588166321,0.0692165430193702,0.103336940379104,306.508191379048
621,23,0.198704108528247,0.211213611587506,0.131908684840465,0.147952409379028,0.0965102136760448,0.114661721297547,0.0990492506911621,284.354614131242
622,23,0.234809595660469,0.213045421708861,0.109845251722895,0.120072566394793,0.108213776645397,0.111109078341365,0.102904309526221,341.213983113614
623,23,0.18850363829322,0.23109634413924,0.128926776069538,0.164830754153929,0.0961843593792825,0.0742089804531156,0.116249147511675,380.615968004738
624,23,0.21377189477986,0.199416762379732,0.124445419689821,0.159927265741993,0.0776350888554653,0.114244245239413,0.110559323313716,374.585928010647
625,23,0.261986509693169,0.171624600094413,0.135607532749174,0.129142835216178,0.0903974714800653,0.0980888844524865,0.113152166314514,314.549311213154
626,23,0.219981747696676,0.212295469173269,0.137617773524235,0.117954177174878,0.0951664202343682,0.115837172087232,0.101147240109341,340.278121759722
627,23,0.234012589150473,0.181175320687556,0.132876090177615,0.149224919893615,0.115459864332795,0.0870476442691891,0.100203571488756,207.257413716492
628,23,0.238724993605137,0.235990249931944,0.109231199850772,0.112927723699036,0.112281450119548,0.0853158370789676,0.105528545714596,259.943712042662
629,23,0.231504199508256,0.214388473177384,0.170562442154749,0.126367570193567,0.0751381160781309,0.10467343033404,0.0773657685538737,325.945548807582
630,23,0.245968710812182,0.250693973196803,0.114882252350959,0.146176307794246,0.0894351125743752,0.0783759371360277,0.0744677061354074,335.831847133734
631,23,0.184544356122072,0.238334747957242,0.168368422381975,0.148667030367351,0.0828068879764302,0.0852451180245055,0.092033437170424,232.778966079097
632,23,0.254658359346175,0.244707801407406,0.130014319921776,0.0967040723124601,0.107473859661551,0.0779727107896934,0.0884688765609377,260.512516664181
633,23,0.215768878558684,0.256955519751648,0.112757709461284,0.137189013707064,0.0879779201210068,0.0834156279439049,0.105935330456407,212.642986224261
634,23,0.19248111540345,0.191247403727995,0.167006836521047,0.143012338438779,0.0991169293745361,0.104837578168459,0.102297798365734,263.627906976752
635,23,0.17689962335097,0.236675802782794,0.15412170829718,0.154283136537686,0.0926301179897915,0.104322955409676,0.0810666556319026,243.658539475629
636,23,0.253661972652154,0.236832267612295,0.142326931310761,0.117316138976825,0.0682255530815184,0.0721330310532257,0.109504105313222,263.943949044583
637,23,0.23152042342156,0.203193640595591,0.147319315483813,0.123690382097376,0.112075102613051,0.0801938674075361,0.102007268381073,211.759028292107
638,23,0.250703269106505,0.194776985284811,0.141193354634229,0.167129306296209,0.077150114756787,0.097006475105527,0.0720404948159323,287.466567915864
639,23,0.188493506467791,0.199126725524718,0.175868610469472,0.125814459794089,0.089782535617788,0.0956919004423293,0.125222261683813,397.186787142641
640,23,0.228900812177182,0.224352601891544,0.14292523131658,0.120226314545314,0.100017655805385,0.0954634452711294,0.0881139389928666,99.0162642571472
641,23,0.248151957415499,0.228390792019448,0.135512111277652,0.122667572291044,0.0888834302697098,0.0944775336293825,0.0819166030972645,159.646274625975
642,23,0.233055667695339,0.197796870407617,0.117868525861348,0.167452183047559,0.0869222075704037,0.101822003056623,0.0950825423611101,173.239342319651
643,23,0.229479941512769,0.229425079477438,0.137456073544272,0.126648479889957,0.0975290399612489,0.0899480206519135,0.0895133649624007,71.3775736927832
644,23,0.201299668490914,0.203858721937693,0.120191394115908,0.157650154006824,0.11978774818262,0.0871986669626873,0.110013646303354,328.389986668632
645,23,0.270981976634566,0.232945408575844,0.10845059517392,0.118271686828767,0.0891960469443292,0.081570467455671,0.0985838183869027,223.288579469701
646,23,0.229993588848015,0.237769661807352,0.146319863036946,0.117052939385933,0.089726811867668,0.0925893633009345,0.0865477717531531,131.78065471782
647,23,0.20136883861583,0.235196554685948,0.125464879592562,0.152517885301425,0.105698921333401,0.0999986423841413,0.0797542780866923,171.172211524221
648,23,0.247478891151863,0.236340382340723,0.114293406615885,0.143436102149118,0.0868989798967995,0.0812517998134579,0.0903004380321532,196.277410753969
649,23,0.261057891616288,0.210273091361358,0.113379903861554,0.146245752036904,0.0854595099291861,0.0838986617495548,0.0996851894451555,179.108398755736
650,23,0.243294428284875,0.213808741791109,0.114212437425081,0.155919255923778,0.107743382011028,0.0791638614645473,0.0858578930995806,263.652495926545
651,23,0.211605547376891,0.192248426775101,0.126897901502942,0.127178721485248,0.116647528125974,0.112764910012534,0.11265696472131,435.63833506146
652,23,0.248718072373491,0.223750863310881,0.117117720524721,0.117132516036738,0.10278539265686,0.100780162674391,0.0897152724229187,168.4882832173
653,23,0.256137750317872,0.189040355757596,0.130704364534854,0.145793572182932,0.111997291912355,0.0778101356869607,0.088516529607431,244.785839134944
654,23,0.257856345347825,0.18655103045366,0.155343211296317,0.145847785109527,0.081572042284464,0.0938053479126374,0.0790242375955693,229.547385572503
655,23,0.199837048527071,0.233069139384777,0.154547267211127,0.156770707137324,0.101007476551809,0.0775637002576551,0.0772046609302369,362.025181454594
656,23,0.259309983066675,0.197605340755021,0.133605176422044,0.152923647749076,0.0822236130534473,0.0729061240009528,0.101426114952784,249.66967856613
657,23,0.240949973978119,0.185358976026012,0.138372979403976,0.147697958158761,0.102402206604574,0.0782877393342949,0.106930166494263,239.673648348393
658,23,0.203633994982436,0.273478653237995,0.12091200818499,0.123004527373697,0.0903241478943154,0.0899947110697809,0.0986519572567867,133.82888460969
659,23,0.236583372558637,0.243451114323538,0.12336066109868,0.142649119696798,0.0901054975872771,0.0746134269624196,0.0892368077726504,259.260435491049
660,23,0.182113657450024,0.262621624175603,0.144322863045789,0.140734161571683,0.112059155534485,0.078461344688804,0.079687193533613,336.679484520816
661,23,0.178328240283047,0.269917012794677,0.167312073807923,0.107461528864473,0.0866453235974086,0.084030304163884,0.106305516488588,221.16510146644
662,23,0.246762874961877,0.230502496460892,0.14788816577793,0.13686574324472,0.094429150885321,0.0723790719781999,0.0711724966910598,404.471278329128
663,23,0.179715373793827,0.269476586955748,0.124541241713304,0.130147095040582,0.0986317424035486,0.088792881012762,0.108695079080228,228.643993482438
664,23,0.242780910214825,0.230901887774199,0.124529057263693,0.120313594993699,0.0982134868768682,0.0766572123897522,0.106603850486964,234.130588061028
665,23,0.182224760909934,0.24964379938212,0.141716688693643,0.13458725969514,0.0787551672712607,0.0964506798787815,0.116621644169119,278.823581691604
666,23,0.188007708022345,0.230170594851047,0.128234079534759,0.148510560574277,0.119484427592936,0.102178090834288,0.0834145385903476,187.640823581693
667,23,0.189728540301911,0.272543775092436,0.136913017607051,0.13090346806407,0.0893471081136445,0.0911011533023421,0.0894629375185453,142.385483632053
668,23,0.238405090420805,0.222691876237829,0.129818464689814,0.151330450782908,0.0910718461645637,0.0847405497527974,0.0819417219512833,197.806843430598
669,23,0.244438176584784,0.239549521947671,0.121646419654525,0.124329449686703,0.0747545199225106,0.099230175665919,0.0960517365378871,171.110650274037
670,23,0.203434685838869,0.196431009450808,0.14282680975601,0.140737590009886,0.103365533250931,0.0968862923970865,0.11631807929641,313.270745074803
671,23,0.221601455527113,0.237724399396972,0.126394438857983,0.141710431261269,0.0921768275109102,0.0964281246059223,0.0839643228398303,106.88484668938
672,23,0.221025182885578,0.218256678288401,0.155063933554592,0.103570967670364,0.0877061749507409,0.102473892552648,0.111903170097676,315.157635905797
673,23,0.24671623312044,0.24053737256216,0.142465048037862,0.128953464545496,0.0817753262173759,0.0754205968174139,0.0841319586992521,273.250659161613
674,23,0.251478754737428,0.202784440970324,0.121302440629259,0.154880737932956,0.105729999480844,0.0791556806403642,0.0846679456088258,249.453355058487
675,23,0.187304118105969,0.280984179112471,0.115005759757824,0.11524563353386,0.104269891745232,0.122137789668184,0.0750526280764603,356.899422307809
676,23,0.168437901426221,0.253279041545063,0.145888060359158,0.152771142638834,0.113316341345185,0.0717486038064874,0.0945589088790516,383.46277588506
677,23,0.193547570748949,0.235569689585248,0.169656028744029,0.135671747178778,0.0836304132636259,0.0928531802561166,0.0890713702232534,193.268197304103
678,23,0.18988292108687,0.248883183157129,0.162051539519912,0.111628179650269,0.0866305842312446,0.0940962161568082,0.106827376197767,203.842156717541
679,23,0.250652981732738,0.188421890417494,0.138054960122983,0.139271469913799,0.0947197131736937,0.102108921239713,0.0867700633995793,151.383320989484
680,23,0.229563550964251,0.186619614269241,0.16045941848245,0.130891433850266,0.0904086856116538,0.0900261523865489,0.112031144435589,229.094178640204
681,23,0.182718262403937,0.223141587837937,0.167833832510919,0.155889843945715,0.0928046716719692,0.0823227614949154,0.095289040134607,249.463783143235
682,23,0.215857763733282,0.245295472643074,0.148642916455264,0.144978719212182,0.071435211661919,0.078756582975001,0.0950333333192778,224.982965486598
683,23,0.181747481686525,0.223203687331648,0.131600788774114,0.179355727501258,0.0747504881770115,0.118455322914601,0.0908865036148424,363.604740038512
684,23,0.233655430296911,0.251934278407195,0.140045325363247,0.129455003901944,0.0795696485886442,0.0886872858730752,0.0766530275689838,255.028588357286
685,23,0.178283533874579,0.239984984577268,0.121536100754145,0.142000734878594,0.0938021604548469,0.113717580939331,0.110674904521237,366.599259368964
686,23,0.204979942194078,0.177281922834794,0.145644229303066,0.160589116085444,0.113042426467519,0.103149557043221,0.0953128060718784,223.299066804908
687,23,0.199569617762477,0.220815981442766,0.168222438398477,0.115822472568622,0.102130619530615,0.109875273954033,0.08356359634301,291.186727892164
688,23,0.165029077886847,0.268956559721758,0.12464816179432,0.148928526779596,0.0864371388242682,0.101592829772104,0.104407705221106,254.994223078071
689,23,0.223144101365572,0.200477674449841,0.107057570719067,0.160585260464354,0.0832405064573792,0.113234372682877,0.112260513860909,400.789097911405
690,23,0.24921149406057,0.18409934497049,0.149476050446781,0.111385244674178,0.115374810611852,0.0810429906085002,0.10941006462763,290.754021626423
691,23,0.2239141797457,0.197540059334652,0.138496852006801,0.151404736899576,0.121074449863724,0.0835399965004319,0.0840297256491143,242.002133017333
692,23,0.236693836066473,0.273667882505505,0.107690460485076,0.112184865292095,0.0901213722667386,0.0952616904221137,0.0843798929619996,188.42761072433
693,23,0.26016762376872,0.235025686428785,0.124145053841717,0.104687683427379,0.103780180371256,0.0751398129573838,0.0970539592047587,262.783113612802
694,23,0.178676472746152,0.250531911623833,0.135011886615709,0.159788182244229,0.0998682988219206,0.0985312746288328,0.0775919733193236,243.53221744926
695,23,0.186803765657067,0.237678151664597,0.17219229651202,0.128489675651677,0.0817765955240218,0.118945116636482,0.0741143983541347,426.464523774247
696,23,0.268565680735598,0.218713417292942,0.112907302038629,0.146487338498517,0.0869948794313512,0.0891575254451037,0.0771738565578591,229.629565990221
697,23,0.17755424517085,0.260550812221071,0.142581598735938,0.140358826943678,0.0955637839735812,0.106221022570916,0.077169710383966,242.884905939859
698,23,0.21749476551437,0.234380939310887,0.138639161967457,0.129769972148048,0.103616019401909,0.0863153931730602,0.0897837484842679,115.605865797655
699,23,0.2288181952066,0.198031314629309,0.151257516831212,0.152995932050074,0.0750834532484567,0.0908024223779356,0.103011165656412,149.041267960301
700,23,0.187684438959829,0.228495925047426,0.157357256796385,0.130652997171128,0.10766774847566,0.112417481418848,0.0757241521307241,291.184120870979
701,23,0.287803108443358,0.184154035440951,0.11470841466678,0.111718778841472,0.0943497374904078,0.0936729267656785,0.113592998351353,369.911420530293
702,23,0.236812652287954,0.223601036773416,0.116870583537713,0.154267929453852,0.104474489145267,0.0774522406653626,0.0865210681364353,269.866567915849
703,23,0.231820626887968,0.200048363659643,0.143475238460639,0.147031178926503,0.0842864842782248,0.0875579656013976,0.105780142185624,143.117345578434
704,23,0.221087538714116,0.286768906677646,0.106135241276664,0.131679789479724,0.0843136734847422,0.0747005520640016,0.0953142983031063,299.619908161751
705,23,0.253028698556679,0.229697224181081,0.0991359439346816,0.149548826870421,0.0758703566963586,0.0952015630483153,0.0975173867124638,196.439697822541
706,23,0.202070585910096,0.219769499110387,0.112611902025603,0.129428657935816,0.118958209997773,0.0982384249891943,0.118922720031131,412.788683158063
707,23,0.195307493356268,0.246938019826921,0.167339609518313,0.108558064977016,0.100760145352031,0.0865619913701405,0.094534675599312,177.062538883131
708,23,0.284240171776358,0.1811326233394,0.132417227815876,0.129016462555732,0.0901004023870548,0.0804236781210304,0.102669434004549,218.096163531332
709,23,0.227997289851751,0.234194804666913,0.133682393891321,0.125342837934025,0.0952007145196539,0.0931579039433942,0.090424055192941,51.10549548215
710,23,0.223677002896451,0.244867918311301,0.108345029477976,0.136687150696761,0.106028619107502,0.073424290212401,0.106969989297607,327.906443489857
711,23,0.253117870678209,0.240768502819217,0.139473413526209,0.104168253588183,0.09636243736056,0.0762573322638324,0.0898521897637888,240.088757221163
712,23,0.236979314213985,0.214819460262949,0.118219781907486,0.142411814991895,0.104883432852506,0.10516947664402,0.0775167191271601,180.563294326763
713,23,0.277524608148101,0.21872329640255,0.133269831791718,0.108007715497281,0.107987671441283,0.0784402503903685,0.0760466263286977,323.825685083726
714,23,0.238702494663902,0.210282391738895,0.153262782453886,0.137892370232122,0.0834736993905943,0.106971873547226,0.0694143879733739,321.4951266479
715,23,0.186618706070036,0.259799802507346,0.159305587831445,0.119451329051629,0.0843487219359906,0.111087280092356,0.0793885725111959,315.777218189894
716,23,0.26576427410267,0.2110253676679,0.109354085984148,0.127998025893293,0.074031489313627,0.118878538674987,0.0929482183633754,393.870952451492
717,23,0.215008811636449,0.255122408651776,0.152717029292367,0.103803268822565,0.103259494480869,0.0837160858587531,0.0863729012572213,204.398459487488
718,23,0.223542091695445,0.231763347701527,0.148795947813298,0.129961487428183,0.0727915874755269,0.0823752190420498,0.110770318843969,190.463338764633
719,23,0.163002314277499,0.258921604258223,0.1498400997225,0.146190857132875,0.0954067306877174,0.0950657634699281,0.0915726304512573,187.363472078206
720,23,0.276227821881071,0.182582811286536,0.136449699924506,0.16609657242378,0.0822056356163145,0.076152557785849,0.0802849010819433,314.837564805234
721,23,0.226447821940629,0.207266961553129,0.147770578868475,0.144203316101989,0.103319972727619,0.0919796409196528,0.0790117078885068,182.978047696635
722,23,0.27494423390235,0.184621604920986,0.119057190427374,0.143955683280896,0.10525360352387,0.102941741257967,0.0692259426865572,269.77792919568
723,23,0.204103471534896,0.247402204742517,0.13904971591176,0.129238946343286,0.0977324085982458,0.101284668208653,0.081188584660642,152.669115686565
724,23,0.189671640411279,0.270236796232996,0.113958608880403,0.138423289497971,0.101981455034801,0.0880512530266089,0.0976769569159404,194.788268404681
725,23,0.239255601417939,0.206629722381657,0.147240625699093,0.142077587510322,0.0651019910690704,0.0969233219605003,0.102771149961419,188.004384535636
726,23,0.251465458883592,0.226158062251278,0.115454752508396,0.147697283583156,0.0709587547509625,0.0989387054459917,0.0893269825766245,170.57828469856
727,23,0.202539816687603,0.225317447267579,0.157439755150117,0.142481812835213,0.109746662515015,0.0802472773233812,0.0822272282210921,279.002281143521
728,23,0.179636789917432,0.246811968718655,0.162070684686021,0.144097680254326,0.0720516721198276,0.099275847176343,0.096055357127396,228.189068286191
729,23,0.223793937617826,0.245230960995801,0.140990266567465,0.112239696157655,0.0906416835488398,0.100705420895095,0.0863980342173181,163.31933046956
730,23,0.210323655977024,0.273765185938805,0.14034872120686,0.13044535616952,0.0715075527456376,0.0769775451314081,0.0966319828307457,242.67841801214
731,23,0.19878737141194,0.258612974696924,0.141919220656082,0.126196068493174,0.0972746171108606,0.0683275833018772,0.108882164329142,319.864968152863
732,23,0.199259528699067,0.218802596940858,0.17546445534524,0.10862286353493,0.0972554687304682,0.0812747902987936,0.119320296450643,315.54916308695
733,23,0.22725711248269,0.245264769518857,0.121551303887224,0.109706133353517,0.085200169719348,0.107209343972804,0.103811167065561,283.661027995845
734,23,0.226330161305611,0.215905332596928,0.163738390552882,0.120234941179786,0.112863159173376,0.0918302784153393,0.0690977367760777,318.506947118952
735,23,0.270987340717462,0.243350646121397,0.113524566441501,0.118404073132138,0.0864844357579148,0.0694438600735803,0.0978050777560073,310.053621685667
736,23,0.215507474371433,0.191044439111962,0.169118626918108,0.119779643647424,0.104978835905335,0.117611589951394,0.0819593900943439,377.36370908013
737,23,0.273055824987738,0.20919294746511,0.129785914438803,0.120969520438987,0.0950367142261281,0.0824404680016737,0.0895186104415606,186.418308398756
738,23,0.212415562369452,0.251976513075553,0.149147112991635,0.107870923817111,0.0723981756765847,0.106401126077484,0.09979058599218,274.288075840631
739,23,0.187856166916945,0.273342268855712,0.110758488700914,0.126568391229934,0.107375512806051,0.0864258563601434,0.107673315130301,265.485765071837
740,23,0.210345840445031,0.271842290694152,0.116988798423344,0.166898592427385,0.0831158688745868,0.076562178225929,0.074246430909572,422.038572063401
741,23,0.191922267470297,0.206204408831782,0.158965080253947,0.12670660240547,0.101610740483892,0.114665088530742,0.0999258120238699,328.986698266916
742,23,0.257757357125948,0.224298301553242,0.161654231206456,0.127277159980042,0.0718954437965117,0.0800352815773187,0.077082224760481,343.01910828023
743,23,0.225836809114511,0.186755836409911,0.156041687700487,0.144483829695297,0.108327899417943,0.107495507861589,0.0710584298002634,285.890505110354
744,23,0.274465675500086,0.184667631028637,0.166331133512548,0.127178781449959,0.0720223948130287,0.081531921824693,0.0938024618710494,236.792238186941
745,23,0.241216602196328,0.207519538431366,0.117307141423981,0.117304587271373,0.0961538670079564,0.116264316529728,0.104233947139268,392.668997185593
746,23,0.216149183819445,0.253399788097259,0.14069477307194,0.147283964486249,0.0999147465883063,0.069755183131097,0.0728023608057033,441.608591319823
747,23,0.217728254050149,0.19884161826876,0.169317971670458,0.157604609722074,0.0776625205288815,0.0793510124717815,0.099494013287897,235.730173307666
748,23,0.248654223163786,0.227233399334542,0.106356004914798,0.154531871741451,0.0903375624073692,0.0871834214379085,0.0857035170001451,193.546082061927
749,23,0.227042782580155,0.262635144242155,0.122925185510103,0.129655451613753,0.0865980558407878,0.0940437587487184,0.0770996214643281,208.545637683309
750,23,0.237239335316313,0.205046519987785,0.161487342886505,0.109346575231578,0.0819359393228219,0.106166750556886,0.0987775366981117,294.724040882829
751,23,0.227557413820857,0.189415998294003,0.143280352069641,0.168594063438643,0.0786156598505082,0.0944779330642006,0.0980585794621469,154.953162494451
752,23,0.235301743032034,0.234379457046124,0.144317022300042,0.140334581107839,0.0767241797348989,0.0913355900057069,0.0776074267733554,239.432676640496
753,23,0.244539814546252,0.238782572843904,0.156731235366187,0.111294937037129,0.0941904157020327,0.0813881944066203,0.073072830097874,332.874774107518
754,23,0.202596246169174,0.262580830747208,0.114748799691021,0.113390394016647,0.117163279357084,0.0865097356593413,0.103010714359524,238.050540660638
755,23,0.193436096878787,0.224808101961088,0.171745114474214,0.117732315354383,0.083339344429923,0.104141910039095,0.104797116862509,280.782876610873
756,23,0.210097350606847,0.262330059773844,0.151419548803407,0.111142305267274,0.0965265529590591,0.0723157792961656,0.0961684032934038,261.627847726278
757,23,0.21565049264607,0.200528411387466,0.12531005067707,0.169768982020039,0.121023246929061,0.0886087128037251,0.0791101035365693,274.62924011258
758,23,0.231172021414615,0.258977311999077,0.146495903727163,0.120045089046042,0.0857967307168921,0.0886647903042655,0.0688481527919455,338.406813805374
759,23,0.198677155460454,0.214891116224563,0.168950757556733,0.142342424533956,0.107936515995502,0.0880866158868772,0.0791154143419141,268.445741371643
760,23,0.228595174897184,0.260505839680716,0.134050497251837,0.109347149090896,0.0930337142631708,0.102946429459818,0.0715211953563766,276.872226336844
761,23,0.192883901900158,0.271295943925712,0.127319986236597,0.142972816647712,0.0842119001501681,0.0689901056786555,0.112325345460997,357.318145459937
762,23,0.200914695878081,0.241391765241879,0.141080807888774,0.13059642024946,0.100348450900949,0.0834029050226563,0.102264954818201,158.445148866838
763,23,0.244799627195718,0.173536607668486,0.151764727724893,0.129092155608279,0.0967800908243679,0.101252216990201,0.102774573988054,239.356184268992
764,23,0.258214086068966,0.246382323528521,0.113935864048289,0.121068150958959,0.104026010581472,0.0786103911546521,0.077763173659141,294.063694267505
765,23,0.184649298240127,0.288005126176468,0.1229767626208,0.121282962380355,0.0909606436924061,0.0764807877506845,0.115644419139159,316.220767293742
766,23,0.26884951743961,0.200334930201609,0.124876011425933,0.150300136019859,0.0881533584636513,0.0744306739504683,0.0930553724988695,247.108398755732
767,23,0.222420696847163,0.239310119769561,0.141647860052535,0.128119567062256,0.0958332752708792,0.0732791222738706,0.0993893587237356,233.03765368093
768,23,0.274901678909488,0.185307255506514,0.131675274252374,0.117365339220635,0.117653356165865,0.0758478461127595,0.0972492498323647,297.795408087704
769,23,0.224108724594818,0.226155179237717,0.153921697433078,0.135498681889082,0.0947862167546748,0.0700326555215479,0.0954968445690832,279.844822989182
770,23,0.201386498668179,0.200152106996162,0.147531807514883,0.118400171222768,0.106577005160356,0.0976511120742449,0.128301298363406,457.083513553537
771,23,0.241011197024761,0.195960714348693,0.106775883557172,0.150750433231548,0.11676608226323,0.0962020589694628,0.0925336306051337,195.030602873646
772,23,0.210533093264641,0.261079791334869,0.117475235901305,0.143282262209388,0.107713298012842,0.0871907985351489,0.0727255207418054,286.469323063248
773,23,0.225570198883641,0.206514031398718,0.153479319488573,0.139539888408646,0.102633700279559,0.0938966158136341,0.0783662457272283,192.305732484079
774,23,0.215587960308415,0.252175050593398,0.122093713633767,0.126941479867857,0.0989328819713128,0.0864605774706841,0.0978083361545656,131.140808769075
775,23,0.240971768966439,0.196476774542384,0.1216005371225,0.138563518867,0.0756050493059028,0.106521370514762,0.120260980681013,414.361901940466
776,23,0.198029191353624,0.232026122170498,0.139141532795636,0.148390349998547,0.0957692412523927,0.08478433944548,0.101859222983822,171.501762701825
777,23,0.271229870656156,0.202562913503109,0.109582231453516,0.127046424734967,0.112875069571647,0.0806030728939886,0.0961004171866171,263.720870982074
778,23,0.225590357721293,0.188484521009938,0.158295922194537,0.123775570488954,0.105263381843314,0.107697455242422,0.0908927914995422,250.30750999852
779,23,0.24741075850905,0.225707179893923,0.106646995291316,0.117603180769404,0.0991751064465035,0.100951612535555,0.102505166554248,255.293912013032
780,23,0.198487264757768,0.246183173310878,0.161961414029109,0.143069871369776,0.0887400177870581,0.074606657422923,0.0869516013224875,312.3040734706
781,23,0.207939555374945,0.243099004102575,0.157662032718942,0.131799026263296,0.0869356379006627,0.0887455292521377,0.0838192143874414,196.603466153157
782,23,0.203851479692775,0.243437577841468,0.162409981276465,0.109665307267138,0.0976952618603378,0.0959724006612245,0.0869679914005909,179.115982817358
783,23,0.199232438222531,0.201675609465505,0.134768434202465,0.143132537269819,0.113012391032321,0.112472522697879,0.0957060671094796,271.807198933511
784,23,0.18673270468659,0.190435706232315,0.161707710494596,0.160195261531365,0.108716494802049,0.0981934554220239,0.0940186668310618,216.513879425277
785,23,0.183708759855143,0.258777591512143,0.145485791026105,0.117041341655201,0.0889002649552797,0.0949863139202946,0.111099937075833,221.007435935407
786,23,0.253071337949831,0.1770500139963,0.148638112830779,0.115830951523926,0.11128943358433,0.0822538853201732,0.11186626479466,296.382580358465
787,23,0.203190678291377,0.263172398307324,0.109161337419649,0.131918190139952,0.105334385559493,0.100331035780621,0.0868919745015838,149.61641238335
788,23,0.23384578069415,0.253523368486696,0.139724704962781,0.14809227611326,0.0808644373823329,0.0781740866213043,0.0657753457394754,443.564331210176
789,23,0.23352362620953,0.246632940081863,0.124094601815298,0.142411259520232,0.0836062215266413,0.0942497477873432,0.0754816030590929,223.67589986669
790,23,0.202944923631542,0.192792742945755,0.147687382743711,0.169850209654631,0.0907141234131553,0.0955449481168413,0.100465669494365,191.010753962371
791,23,0.239190485077258,0.253958248171905,0.123431099281782,0.102100279877435,0.105155823601255,0.0797916405805868,0.0963724234097776,219.747711450158
792,23,0.204469643344066,0.254796769884827,0.119267061675441,0.157892598311501,0.0719288781980585,0.0971923151921343,0.0944527333939723,187.880136276109
793,23,0.189590786310182,0.197059747384131,0.172381180133293,0.119987844908284,0.101244268602945,0.103349895909332,0.116386276751833,376.376062805499
794,23,0.187983991456089,0.252957147617639,0.124765972770665,0.15017068797813,0.0942988442357553,0.0860867561941023,0.103736599747619,213.116219819284
795,23,0.187957643198595,0.262559489482994,0.152409987939352,0.154402586111727,0.0744173711522822,0.0795327295361156,0.0887201925789337,305.973100281442
796,23,0.233978493950378,0.225844181825189,0.132381282480462,0.14849137624472,0.0824189411567895,0.0856109006778117,0.091274823664651,129.757547030065
797,23,0.235646949603244,0.179242798703066,0.161129943343314,0.123498486342412,0.109651157644812,0.078873575319353,0.111957089043799,287.114738557248
798,23,0.238016520563543,0.249187024899032,0.117310153700809,0.141217158214518,0.0881658445273999,0.0911913954450362,0.0749119026496627,234.522529995562
799,23,0.196333514316171,0.238350369094165,0.168410322653345,0.136782973036969,0.0841744368701284,0.0705510912281909,0.105397292801031,298.007406310174
800,23,0.238430241167157,0.199438519098382,0.152731547525246,0.14758789671944,0.0883182252851976,0.084819036736786,0.0886745334677907,157.097674418609
801,23,0.264800446633627,0.173886999792988,0.13471677029855,0.125422534055462,0.113543346345208,0.0777794447245368,0.109850458149628,311.698296548664
802,23,0.179388022253918,0.253460554037473,0.131359036316117,0.119849463865193,0.0918588790606242,0.109564932670908,0.114519111795767,359.693023255828
803,23,0.211702124131719,0.245383868055574,0.104133129479622,0.149770686033505,0.109853275362864,0.0881101770681689,0.0910467398685469,215.970137757372
804,23,0.23819439394636,0.209617018546532,0.136672004777133,0.122899484625321,0.0851030863843713,0.103051507404515,0.104462504315767,232.554229003111
805,23,0.213856712982816,0.191550318477962,0.128040483041566,0.126380885196503,0.119900590655273,0.0894152270497203,0.13085578259616,507.638216560509
806,23,0.182600362723399,0.209805503622138,0.149789538409373,0.167983796289719,0.1054106425422,0.0974363654597631,0.0869737909534076,211.493941638281
807,23,0.243417778408064,0.232018442293763,0.14964265154993,0.117215168041475,0.0974417327480767,0.0800015856036607,0.0802626413550305,254.835254036425
808,23,0.179459270034186,0.255148103023017,0.147174118759695,0.138024343853501,0.091101000027094,0.0992404950569079,0.0898526692455992,154.829328988299
809,23,0.249833764788885,0.207414151951175,0.109529131035458,0.13859982937972,0.105897089327948,0.0969792257648917,0.0917468077519229,147.124277884762
810,23,0.204833134652218,0.248530087021832,0.150669177207484,0.131790169942496,0.0934039548854761,0.0689745561631542,0.10179892012734,298.610457709958
811,23,0.263735525332118,0.222108720054866,0.155763281064207,0.124066073357683,0.0867721889010191,0.0770976428098236,0.0704565684802823,388.583854243791
812,23,0.25612655794647,0.162073652560877,0.156771326028621,0.138763175300936,0.0893782482221467,0.0967015755192625,0.100185464421686,199.969900755443
813,23,0.203467737588381,0.192186702189994,0.127377189071683,0.166852873852822,0.116805029456274,0.0905544324100561,0.102756035430789,265.86402014516
814,23,0.201676888672566,0.229768144916635,0.128173534068278,0.161900090861952,0.0873140746054402,0.0906945107294361,0.100472756145692,170.121404236407
815,23,0.265132288059841,0.178184724892581,0.127549570332735,0.141210584765076,0.110175145225409,0.0755464162239492,0.102201270500409,281.79410457711
816,23,0.226439546940753,0.235980591680545,0.152470562844778,0.128004231316077,0.0897872240995499,0.0898784357910538,0.0774394073272423,228.602992149315
817,23,0.240790095905228,0.210718432887835,0.161863893179338,0.11904752384669,0.0828544664565022,0.0952148335692508,0.0895107541551554,182.208443193604
818,23,0.224573395543838,0.247884963888248,0.126837730327228,0.148492024593601,0.0856664743926194,0.092068941621384,0.0744764696330818,245.634483780179
819,23,0.187720455010162,0.255080194830636,0.16936962163226,0.11793124475853,0.0813432578053485,0.0971582805137605,0.0913969454493033,215.463249888901
820,23,0.241865334974618,0.205741563108571,0.136548087283154,0.1378968748703,0.0984787357468203,0.0979498948407151,0.0815195091758213,130.43436527922
821,23,0.231280053888742,0.197307796363584,0.13829318930942,0.149181104336676,0.0871458228732927,0.100803233396605,0.0959887998316814,128.398637238919
822,23,0.246806217543689,0.219194271363734,0.112004585730324,0.133565134422229,0.105822798718574,0.0768463800294744,0.105760612191977,278.676107243379
823,23,0.231397841324779,0.194860255096129,0.154708270166669,0.123222209089081,0.0894762719799685,0.0895736072948998,0.116761545048474,268.788564657085
824,23,0.243332154968021,0.210561102604921,0.118508568834823,0.15675527590937,0.085601227430179,0.102672851112285,0.0825688191404018,164.820915419939
825,23,0.175511334137649,0.267138009243984,0.157327646242371,0.132497291883391,0.113138352754452,0.0719993885776656,0.0823879771604867,391.070715449567
826,23,0.214438070673286,0.251863592402829,0.129831049896702,0.116649366711369,0.0799147150366721,0.102519619460488,0.104783585818653,222.565190342169
827,23,0.196016442629655,0.233147088192627,0.124968289277415,0.155784245247691,0.08823656175232,0.0968964395797093,0.104950933320582,201.240349577835
828,23,0.191327213451311,0.23333868361742,0.113006235488989,0.171827894698785,0.104570381573769,0.0768958649576445,0.109033726212081,385.190697674423
829,23,0.248167548395118,0.22738620739686,0.135929495973712,0.101224508493708,0.0963364441421045,0.0943562366304557,0.0965995589680423,175.1856613835
830,23,0.26378287808937,0.18766078236619,0.142758632625257,0.113066003508592,0.08431831561504,0.0950381003561502,0.113375287439401,304.836616797514
831,23,0.164701128188243,0.265875620005946,0.14400320325644,0.15069648600126,0.0760205838147517,0.0987857529228989,0.0999172258104607,233.92137461118
832,23,0.228458027160404,0.24158745359101,0.139243235324433,0.127474449930661,0.103318609007943,0.0664585351136853,0.0934596898718637,329.665353281012
833,23,0.204211993214687,0.253604013965348,0.118519622220705,0.144276638012249,0.0772500946941903,0.0988976818181049,0.103239956074715,193.958228410608
834,23,0.265055436695783,0.176332007415066,0.141220360951697,0.110065302352772,0.0894438073241514,0.105229354450789,0.112653730809742,393.705584357871
835,23,0.245373662947455,0.219061065862935,0.141289742077893,0.120738855125706,0.0998034365056288,0.0752664912779035,0.0984667462024792,212.620352540365
836,23,0.187326879264179,0.255071328675995,0.168494347639169,0.114436940406266,0.0988982020751034,0.0979431964997709,0.0778291054395177,266.237890682863
837,23,0.169031498646567,0.257288299844104,0.155526838322942,0.154196214734932,0.0871003814666571,0.081936716745424,0.0949200502393737,266.847044882237
838,23,0.20105990985261,0.265273468062333,0.119073079498121,0.11033908917757,0.111451781145248,0.0893476322589063,0.103455040005212,209.352688490599
839,23,0.192346162157355,0.222857909837698,0.146525488291123,0.141575430272678,0.0836193767180405,0.123292339468286,0.0897832932548203,374.536098355803
840,23,0.241149622219199,0.227497911451002,0.123284620977732,0.148436977608036,0.100294661178805,0.0945443117633057,0.0647918948019209,305.435402162637
841,23,0.206996078069982,0.222609464972379,0.1575971278282,0.122164638005948,0.114057506900262,0.0834014994841914,0.093173684739037,189.32264849651
842,23,0.246362695683844,0.204172667517644,0.139779627685867,0.107830162812139,0.123067088042275,0.0889113778048814,0.0898763804533489,213.412412975854
843,23,0.231688232601155,0.202954196674982,0.151410983905187,0.162340586259148,0.0866827510031807,0.0779048286895152,0.0870184208668319,260.144334172717
844,23,0.237408355165244,0.214005986577108,0.108829751821698,0.154113729498469,0.10446948169713,0.0861626164491069,0.0950100787912439,199.355295511775
845,23,0.245913712712241,0.212355615200705,0.148665458304387,0.157756881641382,0.0852205410200848,0.0789330940668144,0.071154697054386,372.940186639037
846,23,0.22360897749481,0.224664735513926,0.139847551485247,0.128292297301698,0.091931260670681,0.0894026118470586,0.102252565686579,95.8969041623443
847,23,0.237802394645952,0.193034352977485,0.163500619450088,0.137488895784669,0.0892727820656418,0.0800176123673526,0.0988833427088113,178.355917641828
848,23,0.207868668819714,0.243294425060498,0.151794201792238,0.152456308363358,0.0687400772201072,0.0982774647173181,0.0775688540267675,287.019049029773
849,23,0.173655647914305,0.257460540006463,0.129604470128379,0.151886041022949,0.102174442087406,0.0932906831813003,0.0919281756591985,177.860465116282
850,23,0.198957058774328,0.210927073164932,0.161864297824849,0.16044867015138,0.0760131635239069,0.0969680791606243,0.094821657399981,201.194845208119
851,23,0.172305852209831,0.259683036170079,0.138106940026485,0.164807937333465,0.0715045610842389,0.093640723753913,0.0999509494219882,247.745104428979
852,23,0.233775257938338,0.211168516603525,0.107567153356403,0.173161185786427,0.107175031028211,0.0886150318111055,0.0785378234759911,267.442867723306
853,23,0.23741470862636,0.233552629778801,0.10444524249901,0.153021283674316,0.0838856893790436,0.0812077774614527,0.106472668581017,257.182284106055
854,23,0.270225514307327,0.207280410364208,0.133994897405757,0.112609410187074,0.0940741640917707,0.107833602403052,0.0739820012408115,310.455399200115
855,23,0.211525433147303,0.21942692526118,0.141062553024397,0.157110014064577,0.0718521673061789,0.0972103394079813,0.101812567788384,174.844911864915
856,23,0.264154261319354,0.230223714226842,0.104192427488843,0.135220832725666,0.102459219605681,0.0701721247136991,0.0935774199199144,335.079129017936
857,23,0.235852599756996,0.221713828460926,0.126018122528055,0.127297522777658,0.0801938440123256,0.110138327920388,0.0987857545436513,264.921226484965
858,23,0.169079835254562,0.232149894323516,0.152211815211432,0.134738470700842,0.11411568709857,0.10743544440921,0.0902688530018689,232.88709820768
859,23,0.200840265545655,0.274786951029954,0.118511733801921,0.142357255889221,0.0739924439302347,0.102945686417002,0.0865656633860128,213.572567027098
860,23,0.225242370953377,0.255479494842029,0.141335714303501,0.123493256584946,0.0761905251679336,0.0882346321709922,0.0900240059772211,147.520663605379
861,23,0.188222665074728,0.274040233137876,0.117973032013833,0.128425823511469,0.0968717278379917,0.0981386764717704,0.0963278419523308,151.685024440831
862,23,0.222244398770651,0.234083342991834,0.129950811727586,0.107416209310203,0.1148082071672,0.090789756901372,0.100707273131154,185.901051696047
863,23,0.193219820215651,0.225620449704725,0.12287644769581,0.141237417249223,0.101472630019498,0.10393554224152,0.111637692873572,306.538172122634
864,23,0.235362544272355,0.211662113117656,0.158708452128576,0.118140783493375,0.0970615800359681,0.0737261334141512,0.105338393537918,238.91749370463
865,23,0.280149231786026,0.206905307388331,0.115877142954188,0.12773956536309,0.089667750622426,0.102954844471664,0.0767061574142745,249.005362168561
866,23,0.196083000947162,0.215819152037524,0.174043351166889,0.113791958847917,0.0933285073935991,0.115951044300397,0.0909829853065115,370.106176862681
867,23,0.252037635622571,0.203604882662827,0.110308834001146,0.164562426829202,0.101444503366809,0.0737816538718068,0.094260063645639,318.266449414909
868,23,0.215584962810318,0.199014515512447,0.126327282460851,0.16273462553988,0.083808376333476,0.100675637382124,0.111854599960904,280.795615464391
869,23,0.186597927532439,0.241532978693361,0.132335339089934,0.142764182322233,0.111208449292543,0.0877583198903495,0.0978028031791405,185.260316990076
870,23,0.255606449972941,0.205459512559303,0.109106549762787,0.150894832818064,0.0795295577780726,0.10402061693327,0.0953824801755629,205.466449414899
871,23,0.197024629474575,0.250920191294428,0.157322629487982,0.129349960127337,0.107811299965822,0.0782250848670235,0.0793462047828326,315.345933935708
872,23,0.217355947884016,0.191855530315936,0.162009045586504,0.14833358698008,0.0990562998472868,0.07867338670379,0.102716202682388,225.792623315064
873,23,0.196354271663608,0.204829644786791,0.124346948224007,0.149101343046103,0.105390458631769,0.110202410938345,0.109774922709378,350.170700636953
874,23,0.253621322537575,0.192559804507564,0.134017563064995,0.163366406244722,0.0998383059275378,0.0803975438943572,0.0761990538232491,295.895956154629
875,23,0.24120308855455,0.26138474097857,0.127367532036755,0.118280662398257,0.110625306862506,0.070402982102894,0.0707356870664685,422.836320545131
876,23,0.224590226064596,0.18662693707908,0.116265458240171,0.127204186079907,0.115881124982814,0.108770133547849,0.120661934005584,500.84171233889
877,23,0.220698561045799,0.1954576287411,0.152677326579009,0.133177322734769,0.102883925939064,0.113063039263338,0.082042195696921,273.948215079242
878,23,0.189725674997139,0.200818886074588,0.152743289682238,0.147628128078171,0.110237471927067,0.119170123268806,0.079676425971991,332.348333580219
879,23,0.250497654379744,0.217504292982091,0.114116907880542,0.146532482463919,0.0776735721195888,0.113404597112877,0.0802704930612375,283.565930973179
880,23,0.264177363239218,0.216712251003371,0.110595624190325,0.120616650516034,0.102762815137732,0.100320597230589,0.0848146986827309,191.616175381423
881,23,0.230321434733045,0.182699521238462,0.158109664405135,0.131227464946781,0.11091212794321,0.0831744949760022,0.103555291757365,215.911598281739
882,23,0.172527837324446,0.205127123780938,0.163550651061069,0.134214684897099,0.105986739157619,0.115911374818802,0.102681588960028,369.273885350322
883,23,0.184918526399203,0.243167724224701,0.17365719355956,0.138898092598479,0.0953204759115309,0.080089459618234,0.0839485276882926,308.492371500514
884,23,0.219206040316327,0.209375442177588,0.160194702541396,0.115260268639128,0.124085286086149,0.0926875745636753,0.0791906856757363,247.030662124141
885,23,0.274488436562206,0.176040630579048,0.116082950950119,0.106190807003315,0.108712405632654,0.0998588845399423,0.118625884732716,472.74726707155
886,23,0.260179454311947,0.229523902675041,0.126297708492348,0.127047257874819,0.0711255081734692,0.0886035994743298,0.0972225689980457,149.176655310326
887,23,0.256623786807905,0.210350373326663,0.116207935195325,0.123447740731544,0.102103909550643,0.0918803994795498,0.0993858549083708,175.647163383204
888,23,0.213300837184328,0.23595337441408,0.10511532179133,0.155144199369873,0.0964637165173265,0.106302759076739,0.0877197916463238,189.839431195367
889,23,0.265800500663097,0.229799487062243,0.0982264667675145,0.141921677413011,0.0947182665275607,0.0791433325305176,0.0903902690360561,262.489527477406
890,23,0.195135810255152,0.258111150629673,0.148495990952382,0.149289396627822,0.07289738223285,0.0828888374540694,0.0931814318480517,231.087957339654
891,23,0.215365887075848,0.214736934118115,0.149567022701468,0.113916406606127,0.0903862828602494,0.100911835860051,0.115115630778141,309.747000444377
892,23,0.256643359761055,0.225210221298525,0.141519733213762,0.106549737113437,0.113250726038848,0.080525679140574,0.0763005434337986,300.496163531312
893,23,0.266514318433214,0.188829362035763,0.111169405618956,0.127485456629902,0.103772995720533,0.0797390533691637,0.122489408192467,411.61860465116
894,23,0.244179061790613,0.249301781966569,0.153960208693433,0.102145232071396,0.0888894573175988,0.0749568056836366,0.0865674524767533,281.2165901348
895,23,0.262736302317976,0.269176927134378,0.115843981085898,0.0977240593886458,0.0772387009094851,0.0916345200981534,0.0856455090654637,251.952066360533
896,23,0.26465004196058,0.176147464619492,0.158055527266366,0.15021311715844,0.0876496067318228,0.0885745382218217,0.0747097040414772,283.356065768028
897,23,0.219748675359696,0.209092612125006,0.132573348273831,0.133463554309352,0.102595547632214,0.0993179610073125,0.103208301292589,183.513790549555
898,23,0.182961049458185,0.267033872101904,0.146575202440295,0.116113916722235,0.108750497283862,0.093870997344793,0.0846944646487259,170.923241001333
899,23,0.229293415644783,0.234386710732706,0.143795220178946,0.129527598384256,0.0792575155753819,0.087164208590192,0.0965753308937348,96.4427788475731
900,23,0.216630936817852,0.17782672290632,0.158390373491148,0.157164271069467,0.109061181892206,0.107596071162039,0.0733304426609686,285.896133906085
901,23,0.208889417771327,0.214606910104839,0.117906305892368,0.179956696502311,0.0853356618227323,0.11108309638053,0.0822219115258909,269.578847578132
902,23,0.197755904260458,0.25968274989226,0.117972316608388,0.151075950000708,0.106187919937736,0.0897154133865208,0.0776097459139292,249.41128721671
903,23,0.250328475755194,0.195518456246604,0.149199556311699,0.159261211699986,0.085991699706406,0.0838552811518925,0.0758453191282187,287.835935416971
904,23,0.246484855321662,0.256610704743745,0.144402460009784,0.114454939241572,0.071230229408177,0.0753688256626441,0.0914479856124147,261.774966671611
905,23,0.205188046168279,0.235597017207723,0.14526923873163,0.147964498651505,0.0941330162675938,0.072351520956047,0.0994966620172218,282.252762553699
906,23,0.251528194608371,0.227778106398407,0.145372255307752,0.129019949449863,0.0779338822417018,0.0709230046236432,0.0974446073702615,254.672492964018
907,23,0.267135894843213,0.203255604314406,0.138751489920738,0.122049635878988,0.101393686524141,0.0727199684025648,0.0946937201159501,256.816412383357
908,23,0.214146406060454,0.264385289106122,0.109813819550269,0.136049141483654,0.10812042792053,0.0845676846220737,0.0829172312568965,235.154495630269
909,23,0.253582666283323,0.2080515250399,0.133458026656392,0.127148562768289,0.0837754133363944,0.0875464817278582,0.106437324187844,167.419582284105
910,23,0.275396330717127,0.186612365684088,0.110203845631083,0.161717777899534,0.081915130830659,0.0895763446896724,0.0945782045478366,181.934172715155
911,23,0.21373491053688,0.195238781418318,0.165918378319991,0.157081490395301,0.0711404113722026,0.0872804319576842,0.109605595999623,231.792504814099
912,23,0.189167127897811,0.246856941708244,0.138277586950807,0.146870966004425,0.0766030789550221,0.0979655949032937,0.104258703580397,192.817360391071
913,23,0.268211993214156,0.187272017858737,0.133313715590676,0.100570490038395,0.109982186676651,0.108181503922148,0.0924680926992368,332.760539179383
914,23,0.18522607990084,0.256804382103172,0.131224328542125,0.14941830950847,0.0987257554859697,0.0860296793107712,0.0925714651486529,194.256910087394
915,23,0.231336349750609,0.191646900247182,0.130897055461933,0.149974799592199,0.120176539767481,0.0795098149624101,0.0964585402181867,262.312901792316
916,23,0.247893642871793,0.203012113639296,0.140931245691012,0.150958881572625,0.103983719550887,0.0648958434494327,0.0883245532249539,375.688105465867
917,23,0.220182893891815,0.23355150674076,0.105254308171695,0.13323375306413,0.104800347004287,0.0980390906008175,0.104938100526496,239.841030958369
918,23,0.224018221470823,0.242074695027208,0.137809736261376,0.0996437830135212,0.0836887029252511,0.105123570585796,0.107641290716026,303.408028440221
919,23,0.236659613655584,0.199760069782009,0.15577708117457,0.154687438817008,0.0802476336904459,0.0902068497831509,0.0826613130972324,206.589838542431
920,23,0.223866676361443,0.250191289406937,0.1329270456484,0.126560944972714,0.0885682850587632,0.0919132135114996,0.085972545040244,112.742645534
921,23,0.220525090674932,0.227337013989339,0.146962625511485,0.106557265601772,0.0842962178640892,0.120875755262762,0.0934460310956203,405.006665679157
922,23,0.186951555200363,0.223648313436275,0.156855336536547,0.147664604946449,0.0835066741406426,0.103044989573404,0.0983285261663196,204.086801955277
923,23,0.19832680277569,0.257328889010332,0.142887900376472,0.131766665425392,0.106516769373239,0.0836033975958213,0.0795695754430529,253.561190934676
924,23,0.250051973038433,0.257148879191588,0.11200825676728,0.121548022925331,0.0787180801997336,0.0692772822507322,0.111247505626902,328.535209598572
925,23,0.229711968042174,0.185833510979836,0.148278976355774,0.14368147924144,0.0843506278079628,0.105714663052832,0.102428774519982,235.253443934219
926,23,0.211803440264913,0.223818992400463,0.134978922911218,0.167480995611031,0.0876066860770936,0.0888706957572786,0.0854402669780021,199.288046215378
927,23,0.21660325279004,0.231637247864405,0.162397022495551,0.108725642311625,0.11788404976648,0.0797229601239387,0.0830298246479604,279.131210191097
928,23,0.197520034144508,0.251256293147377,0.14095993496153,0.15071648477526,0.0758142239618866,0.0889971951434302,0.0947358338660089,163.989157161898
929,23,0.250890779068585,0.195081937504652,0.124495603106593,0.143451034455706,0.106223283945604,0.096514569034224,0.0833427928846356,134.109080136268
930,23,0.262600266458165,0.252777982200177,0.131398041324549,0.120475323729895,0.0708560762388071,0.079309369981577,0.0825829400668296,289.579499333444
931,23,0.260982142286872,0.236592019303312,0.122220484200141,0.106704118535252,0.103703437455624,0.0949285085207983,0.0748692896980016,250.180476966378
932,23,0.247137831212168,0.18454902590636,0.122224652101423,0.158803136044636,0.103997457381109,0.103001101379419,0.0802867959748851,176.840112575917
933,23,0.237889963850413,0.18857404976372,0.162867969611153,0.138769930727577,0.104756336522308,0.0973482206015254,0.0697935289233031,296.605836172423
934,23,0.221924898159128,0.233013563379156,0.142594493177442,0.122550464343416,0.084832496984471,0.114326259958552,0.0807578239978353,298.710235520659
935,23,0.234198134295044,0.185616046171769,0.170795063244553,0.150840293899207,0.0885519324993248,0.0947187288868113,0.0752798010032905,285.092756628653
936,23,0.234524421592026,0.238677431532486,0.123878516491733,0.149526711002251,0.0941281551228493,0.0701178135562331,0.0891469507024219,321.383320989494
937,23,0.196261342508393,0.226193802983116,0.150255179392837,0.117319787118294,0.129901996448783,0.0969495179634883,0.0831183735850896,216.069026810841
938,23,0.213467940386462,0.251861636428923,0.0984555052408176,0.146747486896087,0.100966319966897,0.101701431039254,0.086799680041559,179.343800918386
939,23,0.243761729474799,0.248609173638893,0.137416559791879,0.105922139246717,0.0713359541648777,0.112266022415041,0.0806884212677933,358.181839727448
940,23,0.264299426928897,0.172081364921632,0.150186013603019,0.131154624303118,0.0766566731593441,0.0938449283175015,0.111776968766488,267.116042067841
941,23,0.280350827250906,0.189333860046127,0.117066164211778,0.147177272595743,0.073735312268526,0.116930430461028,0.0754061331658923,368.873529847437
942,23,0.242301626594516,0.228781266209482,0.123390348600728,0.12494238304403,0.0895756917430818,0.10011104844877,0.0908976353593915,128.300340690265
943,23,0.168967164793789,0.252947267349845,0.132596167825878,0.131613403279456,0.101460607581691,0.110117095128272,0.102298294041068,270.420559917078
944,23,0.234205258298518,0.18878850628016,0.138048297986631,0.146438692649233,0.0996636048843848,0.0852176543284793,0.107637985572594,198.799466745669
945,23,0.28040441554821,0.174198956099998,0.144547194859806,0.150265672711004,0.071841914317104,0.104884619396787,0.0738572270670913,319.065501407201
946,23,0.169484100309912,0.268366988147696,0.111038843228985,0.159582267308638,0.0745623073022081,0.108567366684095,0.108398127018466,355.177840319972
947,23,0.189263073266006,0.21107561603134,0.162511789995023,0.154130093994029,0.114486251327948,0.0911167716614466,0.0774164037242076,284.741519774849
948,23,0.215054470938668,0.244511261055316,0.125484383909622,0.118798231199958,0.119335897110545,0.0872381645918148,0.0895775911940765,173.376625685087
949,23,0.197951662738535,0.248994003699367,0.126701352182214,0.118301109455396,0.102866458549814,0.105350985035162,0.0998344283395114,208.744897052284
950,23,0.186848190400081,0.259250636632351,0.144322513670301,0.116727917233732,0.0984296489394506,0.0803968929981635,0.114024200125921,255.262983261737
951,23,0.210021064447714,0.249422837992935,0.157370041146892,0.115047453170544,0.0805821408430221,0.106636892301413,0.0809195700974791,281.612087098215
952,23,0.206414188959699,0.243707450635738,0.148219672324297,0.139160604229948,0.0742234658669247,0.0968708449382079,0.0914037730451845,152.784891127244
953,23,0.263692556917969,0.244328609546823,0.1110308348765,0.104334497969157,0.0889089025711412,0.111375271441795,0.0763293266766155,336.229299363059
954,23,0.203549504772103,0.25723856110274,0.143842364498996,0.146840120328402,0.0894672162738029,0.0823485025999884,0.0767137304239678,311.439964449712
955,23,0.201633210738273,0.205653422553608,0.129484171934111,0.167859418069358,0.0818288363603357,0.114977027630068,0.0985639127142451,305.637624055705
956,23,0.191451376308627,0.268197926381725,0.123645987114916,0.153635321980815,0.0670054312949668,0.0977650410034194,0.09829891591553,222.61555325138
957,23,0.175633416165072,0.25740445859144,0.142225778891342,0.155754183397802,0.0820426633963133,0.0980938499178623,0.0888456496401696,205.309376388687
958,23,0.25797437793101,0.268903752035597,0.111401828465078,0.106480275341697,0.0874327171599086,0.0915536105839092,0.0762534384827999,273.121374611174
959,23,0.223669825729187,0.193369684856562,0.121174824058761,0.15231805030876,0.0972519810933073,0.0970406920361646,0.115174941917259,313.118115834691
960,23,0.246712983612405,0.242343793781765,0.125940976463317,0.135078857561283,0.0764355027315409,0.0960446455445528,0.0774432403051354,223.224233446892
961,23,0.172752522319685,0.24659154323475,0.154774501725462,0.155732017252551,0.072339012894703,0.111682271197235,0.0861281313756143,324.072226336833
962,23,0.254883371219696,0.202449649339829,0.140528926067009,0.135973155538787,0.0898592638797726,0.0754360908764998,0.100869543078406,203.291304991847
963,23,0.262164774688693,0.218384542423078,0.153016543097784,0.126636385415902,0.0658877995282561,0.086780074363809,0.0871298804824788,231.190993926818
964,23,0.257399809107032,0.220977598430377,0.108256173511736,0.129054009556156,0.071276187824949,0.110941621278394,0.102094600291356,338.164538586886
965,23,0.248793805231556,0.226626146583215,0.149186756916934,0.127578320777693,0.0689075019795725,0.100708738388764,0.0781987301222663,279.712575914674
966,23,0.242845503729675,0.216012372664935,0.157500973200067,0.127378927493606,0.0792492702824031,0.106478275834046,0.0705346767952681,342.59635609539
967,23,0.24090928813231,0.252746152394286,0.10822014559929,0.14575455013122,0.0665179929687185,0.0919749235202735,0.0938769472539029,188.931595319211
968,23,0.225278829237592,0.19736787526496,0.126437161214646,0.118967719196562,0.12758548966635,0.095755184516459,0.10860774090343,324.915182935856
969,23,0.218794602727348,0.187945152065196,0.135454219536792,0.150906127013477,0.101467677067395,0.114833490620881,0.0905987309689106,267.971856021335
970,23,0.250873221169668,0.187086333681437,0.158961250566039,0.123715542733139,0.0789287792061235,0.112150014329003,0.0882848583145903,339.133283957928
971,23,0.23060126572333,0.243223866558715,0.105981530666041,0.149660217641845,0.0810939164617389,0.0862909402212787,0.103148262727051,206.935624351949
972,23,0.249900572379199,0.209448965216777,0.102690340220705,0.152078184369502,0.105595576748152,0.0721593210024568,0.108127040063207,368.460553991999
973,23,0.216846517329262,0.216475604858314,0.150857198192766,0.145795004438486,0.114420112260726,0.0802268742229064,0.0753786886975396,320.597778106959
974,23,0.226038402146384,0.246823144642405,0.148691288903026,0.103774023997998,0.0969953703291058,0.100750961285002,0.0769268086960805,247.654391941935
975,23,0.169064186028004,0.271345567007823,0.137640275148708,0.143379598351604,0.105446037470577,0.104930532313337,0.0681938036799463,316.796978225447
976,23,0.230584923575135,0.218927750998236,0.111953049172287,0.144330801590074,0.09295565913964,0.104336990818526,0.0969108247061023,179.685972448511
977,23,0.264033106347792,0.192152158313947,0.157350893872964,0.11571330645034,0.0974625491390483,0.105172470642998,0.068115515232911,359.229388238781
978,23,0.283190128522784,0.179605686490967,0.108948421556136,0.141991430239647,0.11246666875396,0.102541964828197,0.0712556996083089,279.105969486003
979,23,0.285206927902084,0.181383716142493,0.109458393099194,0.157203248711246,0.097693046561425,0.0725708719290472,0.0964837956545105,322.092845504356
980,23,0.201210699110543,0.247685251552407,0.116362286709475,0.155857820770998,0.0778921366958395,0.099226012803511,0.101765792357226,206.612709228262
981,23,0.217719747232907,0.214346975219901,0.136359854304833,0.123042948669169,0.1083546566739,0.0899587357617587,0.110217082137532,232.581306473112
982,23,0.188375416564157,0.278150495638118,0.136526509488184,0.110378155365018,0.0953654792120839,0.0996688302374179,0.0915351134950208,151.66375351799
983,23,0.231337137944103,0.207937965464547,0.158856441247832,0.109071114956098,0.0922514405751194,0.105791377899605,0.0947545219126954,258.939297881798
984,23,0.208105023740861,0.220853830679166,0.125720305937999,0.141832308748498,0.0958256794059481,0.106525104263821,0.101137747223707,211.184535624358
985,23,0.258025890916106,0.198635883756955,0.131098648605232,0.138925838258769,0.0712897820047779,0.0944215746583362,0.107602381799823,210.128692045621
986,23,0.17292700211439,0.250051160989031,0.151267513615584,0.149639136067917,0.109074104024772,0.0966541854036163,0.070386897784689,321.52842541846
987,23,0.180607051564943,0.249993775681773,0.139512532878931,0.130500014580087,0.098107738534173,0.0871032476442645,0.114175639115829,252.976862687007
988,23,0.260461063922102,0.232907560879511,0.102177675450218,0.125344780611447,0.0958399329497272,0.0935055024967495,0.0897634836902452,166.299096430156
989,23,0.268635518634648,0.176491863177807,0.151601681781844,0.141809784549873,0.0799934300911692,0.101635416745559,0.0798323050190993,250.420263664639
990,23,0.17599943052141,0.228126603992843,0.136266250722017,0.158774829590838,0.107796209234886,0.107828272499137,0.0852084034388696,225.524574137159
991,23,0.256549411586811,0.254780952918144,0.104708497100167,0.129931588940456,0.0890722296578398,0.0924063838454346,0.0725509359511475,272.838572063384
992,23,0.227430110919867,0.231069232380805,0.151347931551493,0.148551744661172,0.0730412667855424,0.0783060370311206,0.0902536766699998,241.894415642123
993,23,0.219776883683696,0.179127638020403,0.167015756779674,0.145510888887946,0.0777390344990416,0.109636091749108,0.10119370638013,309.572804029053
994,23,0.244612337743592,0.2196096247944,0.130729132023559,0.143292403642697,0.0986703557553872,0.0860152377789694,0.0770709082613957,218.182787735161
995,23,0.197897663851742,0.198302042975362,0.160364561043998,0.161828867335615,0.0940097893530717,0.112674185558129,0.074922889882082,319.856139831138
996,23,0.254343098019557,0.176395827933473,0.158544523103792,0.138059664836788,0.0959521676707613,0.0902244936892724,0.0864802247463559,171.901940453262
997,23,0.263967074886418,0.191981215502116,0.124514554031224,0.162792034409841,0.0916188271174293,0.0735876046120003,0.091538689440972,279.784505999126
998,23,0.245633399472864,0.186609061165581,0.143291630704705,0.144909452131531,0.0967642592433125,0.105663617463174,0.0771285798188321,217.701673826108
999,23,0.245433951110685,0.228025739757985,0.121467331103809,0.141998189790331,0.100468311824379,0.067554540101895,0.0950519363109154,332.128158791271
1000,23,0.288966820445934,0.201372872010238,0.111212046290181,0.152678071165066,0.0740017439808391,0.0814904171598022,0.0902780289479389,240.870152569977
