country,iso3,region,subregion,index_id,index_name,source_country,score,score_label,reference_year,edition,score_direction,rankable,eligible_for_counts,n_scored,rank,decile,top_10,top_20
Afghanistan,AFG,Asia,Southern Asia,inform_risk,INFORM Risk,Afghanistan,7.8,,2026,2026 v0.7.2,higher_worse,TRUE,TRUE,191,6,1,TRUE,TRUE
Afghanistan,AFG,Asia,Southern Asia,inform_severity,INFORM Severity,Afghanistan,9.2,,2026-06,June 2026,higher_worse,TRUE,TRUE,65,4,1,TRUE,TRUE
Afghanistan,AFG,Asia,Southern Asia,underfunded_crisis,Underfunded Crisis Index,Afghanistan,67.24323100000001,67.2%,2021-2025 cumulative,2025,lower_worse,TRUE,TRUE,27,20,8,FALSE,FALSE
Afghanistan,AFG,Asia,Southern Asia,oecd_fragility,OECD Multidimensional Fragility,Afghanistan,-4.39521576407208,,predominantly 2023,States of Fragility 2025,lower_worse,TRUE,TRUE,61,3,1,TRUE,TRUE
Afghanistan,AFG,Asia,Southern Asia,worldrisk,WorldRiskIndex,Afghanistan,3.7,,2025,2025,higher_worse,TRUE,TRUE,193,102,6,FALSE,FALSE
Afghanistan,AFG,Asia,Southern Asia,nd_gain,ND-GAIN Country Index,Afghanistan,33.0241264018046,,2024,2026 release,lower_worse,TRUE,TRUE,190,11,1,TRUE,TRUE
Afghanistan,AFG,Asia,Southern Asia,hdi,Human Development Index,Afghanistan,0.496,,2023,Human Development Report 2025,lower_worse,TRUE,TRUE,192,13,1,TRUE,TRUE
Afghanistan,AFG,Asia,Southern Asia,mpi,Multidimensional Poverty Index,Afghanistan,0.3603053,,2022/2023 M,Global MPI 2025,higher_worse,TRUE,TRUE,109,9,1,TRUE,TRUE
Afghanistan,AFG,Asia,Southern Asia,ghi,Global Hunger Index,Afghanistan,29,29.0,2025,2025,higher_worse,TRUE,TRUE,98,15,2,FALSE,TRUE
Afghanistan,AFG,Asia,Southern Asia,ghs,Global Health Security Index,Afghanistan,28.8,,2021,2021,lower_worse,TRUE,TRUE,193,48,3,FALSE,FALSE
Afghanistan,AFG,Asia,Southern Asia,wps,"Women, Peace and Security Index",Afghanistan,0.279,,2025,2025/26,lower_worse,TRUE,TRUE,177,1,1,TRUE,TRUE
Afghanistan,AFG,Asia,Southern Asia,un_mvi,UN Multidimensional Vulnerability Index,Afghanistan,54.9,,2023,High-Level Panel results,higher_worse,TRUE,TRUE,142,58,5,FALSE,FALSE
Afghanistan,AFG,Asia,Southern Asia,debt_distress,Debt-distress classification,Afghanistan,3,High,6/28/2021,31 March 2026,higher_worse,FALSE,FALSE,67,,,,
Afghanistan,AFG,Asia,Southern Asia,searo,Sexual Exploitation and Abuse Risk Overview,Afghanistan,7.221153011048822,,December 2025,2026 v1.2,higher_worse,TRUE,TRUE,38,2,1,TRUE,TRUE
Afghanistan,AFG,Asia,Southern Asia,disaster_displacement,Disaster Displacement Risk Model,,,,current climate,GDRM 2.0,higher_worse,TRUE,TRUE,0,,,,
Afghanistan,AFG,Asia,Southern Asia,internal_displacement,Internal Displacement Index,Afghanistan,0.7434269748868907,,2022,IDI 2023 publication,lower_worse,TRUE,TRUE,44,23,6,FALSE,FALSE
Albania,ALB,Europe,Southern Europe,inform_risk,INFORM Risk,Albania,3.1,,2026,2026 v0.7.2,higher_worse,TRUE,TRUE,191,118,7,FALSE,FALSE
Albania,ALB,Europe,Southern Europe,inform_severity,INFORM Severity,,,,2026-06,June 2026,higher_worse,TRUE,TRUE,65,,,,
Albania,ALB,Europe,Southern Europe,underfunded_crisis,Underfunded Crisis Index,,,,2021-2025 cumulative,2025,lower_worse,TRUE,TRUE,27,,,,
Albania,ALB,Europe,Southern Europe,oecd_fragility,OECD Multidimensional Fragility,,,,predominantly 2023,States of Fragility 2025,lower_worse,TRUE,TRUE,61,,,,
Albania,ALB,Europe,Southern Europe,worldrisk,WorldRiskIndex,Albania,5.91,,2025,2025,higher_worse,TRUE,TRUE,193,79,5,FALSE,FALSE
Albania,ALB,Europe,Southern Europe,nd_gain,ND-GAIN Country Index,Albania,52.582838821604,,2024,2026 release,lower_worse,TRUE,TRUE,190,128,7,FALSE,FALSE
Albania,ALB,Europe,Southern Europe,hdi,Human Development Index,Albania,0.81,,2023,Human Development Report 2025,lower_worse,TRUE,TRUE,192,123,7,FALSE,FALSE
Albania,ALB,Europe,Southern Europe,mpi,Multidimensional Poverty Index,Albania,0.002747879,,2017/2018 D,Global MPI 2025,higher_worse,TRUE,TRUE,109,95,9,FALSE,FALSE
Albania,ALB,Europe,Southern Europe,ghi,Global Hunger Index,Albania,7,7.0,2025,2025,higher_worse,TRUE,TRUE,98,87,9,FALSE,FALSE
Albania,ALB,Europe,Southern Europe,ghs,Global Health Security Index,Albania,45,,2021,2021,lower_worse,TRUE,TRUE,193,134,7,FALSE,FALSE
Albania,ALB,Europe,Southern Europe,wps,"Women, Peace and Security Index",Albania,0.731,,2025,2025/26,lower_worse,TRUE,TRUE,177,111,7,FALSE,FALSE
Albania,ALB,Europe,Southern Europe,un_mvi,UN Multidimensional Vulnerability Index,,,,2023,High-Level Panel results,higher_worse,TRUE,TRUE,142,,,,
Albania,ALB,Europe,Southern Europe,debt_distress,Debt-distress classification,,,,latest DSA as of 2026-03-31,31 March 2026,higher_worse,FALSE,FALSE,67,,,,
Albania,ALB,Europe,Southern Europe,searo,Sexual Exploitation and Abuse Risk Overview,,,,December 2025,2026 v1.2,higher_worse,TRUE,TRUE,38,,,,
Albania,ALB,Europe,Southern Europe,disaster_displacement,Disaster Displacement Risk Model,,,,current climate,GDRM 2.0,higher_worse,TRUE,TRUE,0,,,,
Albania,ALB,Europe,Southern Europe,internal_displacement,Internal Displacement Index,,,,2022,IDI 2023 publication,lower_worse,TRUE,TRUE,44,,,,
Algeria,DZA,Africa,Northern Africa,inform_risk,INFORM Risk,Algeria,4.3,,2026,2026 v0.7.2,higher_worse,TRUE,TRUE,191,75,4,FALSE,FALSE
Algeria,DZA,Africa,Northern Africa,inform_severity,INFORM Severity,Algeria,5.6,,2026-06,June 2026,higher_worse,TRUE,TRUE,65,46,7,FALSE,FALSE
Algeria,DZA,Africa,Northern Africa,underfunded_crisis,Underfunded Crisis Index,,,,2021-2025 cumulative,2025,lower_worse,TRUE,TRUE,27,,,,
Algeria,DZA,Africa,Northern Africa,oecd_fragility,OECD Multidimensional Fragility,,,,predominantly 2023,States of Fragility 2025,lower_worse,TRUE,TRUE,61,,,,
Algeria,DZA,Africa,Northern Africa,worldrisk,WorldRiskIndex,Algeria,9.25,,2025,2025,higher_worse,TRUE,TRUE,193,59,4,FALSE,FALSE
Algeria,DZA,Africa,Northern Africa,nd_gain,ND-GAIN Country Index,Algeria,47.4121674056738,,2024,2026 release,lower_worse,TRUE,TRUE,190,94,5,FALSE,FALSE
Algeria,DZA,Africa,Northern Africa,hdi,Human Development Index,Algeria,0.763,,2023,Human Development Report 2025,lower_worse,TRUE,TRUE,192,98,6,FALSE,FALSE
Algeria,DZA,Africa,Northern Africa,mpi,Multidimensional Poverty Index,Algeria,0.005409093,,2018/2019 M,Global MPI 2025,higher_worse,TRUE,TRUE,109,88,8,FALSE,FALSE
Algeria,DZA,Africa,Northern Africa,ghi,Global Hunger Index,Algeria,7.1,7.1,2025,2025,higher_worse,TRUE,TRUE,98,86,9,FALSE,FALSE
Algeria,DZA,Africa,Northern Africa,ghs,Global Health Security Index,Algeria,26.2,,2021,2021,lower_worse,TRUE,TRUE,193,28,2,FALSE,TRUE
Algeria,DZA,Africa,Northern Africa,wps,"Women, Peace and Security Index",Algeria,0.621,,2025,2025/26,lower_worse,TRUE,TRUE,177,59,4,FALSE,FALSE
Algeria,DZA,Africa,Northern Africa,un_mvi,UN Multidimensional Vulnerability Index,Algeria,53.3,,2023,High-Level Panel results,higher_worse,TRUE,TRUE,142,68,5,FALSE,FALSE
Algeria,DZA,Africa,Northern Africa,debt_distress,Debt-distress classification,,,,latest DSA as of 2026-03-31,31 March 2026,higher_worse,FALSE,FALSE,67,,,,
Algeria,DZA,Africa,Northern Africa,searo,Sexual Exploitation and Abuse Risk Overview,,,,December 2025,2026 v1.2,higher_worse,TRUE,TRUE,38,,,,
Algeria,DZA,Africa,Northern Africa,disaster_displacement,Disaster Displacement Risk Model,,,,current climate,GDRM 2.0,higher_worse,TRUE,TRUE,0,,,,
Algeria,DZA,Africa,Northern Africa,internal_displacement,Internal Displacement Index,,,,2022,IDI 2023 publication,lower_worse,TRUE,TRUE,44,,,,
Andorra,AND,Europe,Southern Europe,inform_risk,INFORM Risk,,,,2026,2026 v0.7.2,higher_worse,TRUE,TRUE,191,,,,
Andorra,AND,Europe,Southern Europe,inform_severity,INFORM Severity,,,,2026-06,June 2026,higher_worse,TRUE,TRUE,65,,,,
Andorra,AND,Europe,Southern Europe,underfunded_crisis,Underfunded Crisis Index,,,,2021-2025 cumulative,2025,lower_worse,TRUE,TRUE,27,,,,
Andorra,AND,Europe,Southern Europe,oecd_fragility,OECD Multidimensional Fragility,,,,predominantly 2023,States of Fragility 2025,lower_worse,TRUE,TRUE,61,,,,
Andorra,AND,Europe,Southern Europe,worldrisk,WorldRiskIndex,Andorra,0.29,,2025,2025,higher_worse,TRUE,TRUE,193,192,10,FALSE,FALSE
Andorra,AND,Europe,Southern Europe,nd_gain,ND-GAIN Country Index,Andorra,63.0179996354563,,2024,2026 release,lower_worse,TRUE,TRUE,190,167,9,FALSE,FALSE
Andorra,AND,Europe,Southern Europe,hdi,Human Development Index,Andorra,0.913,,2023,Human Development Report 2025,lower_worse,TRUE,TRUE,192,161,9,FALSE,FALSE
Andorra,AND,Europe,Southern Europe,mpi,Multidimensional Poverty Index,,,,country-specific survey year,Global MPI 2025,higher_worse,TRUE,TRUE,109,,,,
Andorra,AND,Europe,Southern Europe,ghi,Global Hunger Index,,,,2025,2025,higher_worse,TRUE,TRUE,98,,,,
Andorra,AND,Europe,Southern Europe,ghs,Global Health Security Index,Andorra,34.7,,2021,2021,lower_worse,TRUE,TRUE,193,92,5,FALSE,FALSE
Andorra,AND,Europe,Southern Europe,wps,"Women, Peace and Security Index",,,,2025,2025/26,lower_worse,TRUE,TRUE,177,,,,
Andorra,AND,Europe,Southern Europe,un_mvi,UN Multidimensional Vulnerability Index,,,,2023,High-Level Panel results,higher_worse,TRUE,TRUE,142,,,,
Andorra,AND,Europe,Southern Europe,debt_distress,Debt-distress classification,,,,latest DSA as of 2026-03-31,31 March 2026,higher_worse,FALSE,FALSE,67,,,,
Andorra,AND,Europe,Southern Europe,searo,Sexual Exploitation and Abuse Risk Overview,,,,December 2025,2026 v1.2,higher_worse,TRUE,TRUE,38,,,,
Andorra,AND,Europe,Southern Europe,disaster_displacement,Disaster Displacement Risk Model,,,,current climate,GDRM 2.0,higher_worse,TRUE,TRUE,0,,,,
Andorra,AND,Europe,Southern Europe,internal_displacement,Internal Displacement Index,,,,2022,IDI 2023 publication,lower_worse,TRUE,TRUE,44,,,,
Angola,AGO,Africa,Sub-Saharan Africa,inform_risk,INFORM Risk,Angola,6,,2026,2026 v0.7.2,higher_worse,TRUE,TRUE,191,27,2,FALSE,TRUE
Angola,AGO,Africa,Sub-Saharan Africa,inform_severity,INFORM Severity,,,,2026-06,June 2026,higher_worse,TRUE,TRUE,65,,,,
Angola,AGO,Africa,Sub-Saharan Africa,underfunded_crisis,Underfunded Crisis Index,,,,2021-2025 cumulative,2025,lower_worse,TRUE,TRUE,27,,,,
Angola,AGO,Africa,Sub-Saharan Africa,oecd_fragility,OECD Multidimensional Fragility,Angola,-2.53599332584237,,predominantly 2023,States of Fragility 2025,lower_worse,TRUE,TRUE,61,24,4,FALSE,FALSE
Angola,AGO,Africa,Sub-Saharan Africa,worldrisk,WorldRiskIndex,Angola,10.83,,2025,2025,higher_worse,TRUE,TRUE,193,50,3,FALSE,FALSE
Angola,AGO,Africa,Sub-Saharan Africa,nd_gain,ND-GAIN Country Index,Angola,36.4469774643548,,2024,2026 release,lower_worse,TRUE,TRUE,190,28,2,FALSE,TRUE
Angola,AGO,Africa,Sub-Saharan Africa,hdi,Human Development Index,Angola,0.616,,2023,Human Development Report 2025,lower_worse,TRUE,TRUE,192,46,3,FALSE,FALSE
Angola,AGO,Africa,Sub-Saharan Africa,mpi,Multidimensional Poverty Index,Angola,0.282435048,,2015/2016 D,Global MPI 2025,higher_worse,TRUE,TRUE,109,17,2,FALSE,TRUE
Angola,AGO,Africa,Sub-Saharan Africa,ghi,Global Hunger Index,Angola,29.7,29.7,2025,2025,higher_worse,TRUE,TRUE,98,13,2,FALSE,TRUE
Angola,AGO,Africa,Sub-Saharan Africa,ghs,Global Health Security Index,Angola,29.1,,2021,2021,lower_worse,TRUE,TRUE,193,51,3,FALSE,FALSE
Angola,AGO,Africa,Sub-Saharan Africa,wps,"Women, Peace and Security Index",Angola,0.601,,2025,2025/26,lower_worse,TRUE,TRUE,177,48,3,FALSE,FALSE
Angola,AGO,Africa,Sub-Saharan Africa,un_mvi,UN Multidimensional Vulnerability Index,Angola,47.5,,2023,High-Level Panel results,higher_worse,TRUE,TRUE,142,97,7,FALSE,FALSE
Angola,AGO,Africa,Sub-Saharan Africa,debt_distress,Debt-distress classification,,,,latest DSA as of 2026-03-31,31 March 2026,higher_worse,FALSE,FALSE,67,,,,
Angola,AGO,Africa,Sub-Saharan Africa,searo,Sexual Exploitation and Abuse Risk Overview,,,,December 2025,2026 v1.2,higher_worse,TRUE,TRUE,38,,,,
Angola,AGO,Africa,Sub-Saharan Africa,disaster_displacement,Disaster Displacement Risk Model,,,,current climate,GDRM 2.0,higher_worse,TRUE,TRUE,0,,,,
Angola,AGO,Africa,Sub-Saharan Africa,internal_displacement,Internal Displacement Index,,,,2022,IDI 2023 publication,lower_worse,TRUE,TRUE,44,,,,
Antigua and Barbuda,ATG,Americas,Latin America and the Caribbean,inform_risk,INFORM Risk,Antigua and Barbuda,2.1,,2026,2026 v0.7.2,higher_worse,TRUE,TRUE,191,165,9,FALSE,FALSE
Antigua and Barbuda,ATG,Americas,Latin America and the Caribbean,inform_severity,INFORM Severity,,,,2026-06,June 2026,higher_worse,TRUE,TRUE,65,,,,
Antigua and Barbuda,ATG,Americas,Latin America and the Caribbean,underfunded_crisis,Underfunded Crisis Index,,,,2021-2025 cumulative,2025,lower_worse,TRUE,TRUE,27,,,,
Antigua and Barbuda,ATG,Americas,Latin America and the Caribbean,oecd_fragility,OECD Multidimensional Fragility,,,,predominantly 2023,States of Fragility 2025,lower_worse,TRUE,TRUE,61,,,,
Antigua and Barbuda,ATG,Americas,Latin America and the Caribbean,worldrisk,WorldRiskIndex,Antigua and Barbuda,3.8,,2025,2025,higher_worse,TRUE,TRUE,193,100,6,FALSE,FALSE
Antigua and Barbuda,ATG,Americas,Latin America and the Caribbean,nd_gain,ND-GAIN Country Index,Antigua and Barbuda,47.7960542251904,,2024,2026 release,lower_worse,TRUE,TRUE,190,102,6,FALSE,FALSE
Antigua and Barbuda,ATG,Americas,Latin America and the Caribbean,hdi,Human Development Index,Antigua and Barbuda,0.851,,2023,Human Development Report 2025,lower_worse,TRUE,TRUE,192,141,8,FALSE,FALSE
Antigua and Barbuda,ATG,Americas,Latin America and the Caribbean,mpi,Multidimensional Poverty Index,,,,country-specific survey year,Global MPI 2025,higher_worse,TRUE,TRUE,109,,,,
Antigua and Barbuda,ATG,Americas,Latin America and the Caribbean,ghi,Global Hunger Index,,,,2025,2025,higher_worse,TRUE,TRUE,98,,,,
Antigua and Barbuda,ATG,Americas,Latin America and the Caribbean,ghs,Global Health Security Index,Antigua & Barbuda,30,,2021,2021,lower_worse,TRUE,TRUE,193,58,3,FALSE,FALSE
Antigua and Barbuda,ATG,Americas,Latin America and the Caribbean,wps,"Women, Peace and Security Index",,,,2025,2025/26,lower_worse,TRUE,TRUE,177,,,,
Antigua and Barbuda,ATG,Americas,Latin America and the Caribbean,un_mvi,UN Multidimensional Vulnerability Index,Antigua and Barbuda,61.7,,2023,High-Level Panel results,higher_worse,TRUE,TRUE,142,23,2,FALSE,TRUE
Antigua and Barbuda,ATG,Americas,Latin America and the Caribbean,debt_distress,Debt-distress classification,,,,latest DSA as of 2026-03-31,31 March 2026,higher_worse,FALSE,FALSE,67,,,,
Antigua and Barbuda,ATG,Americas,Latin America and the Caribbean,searo,Sexual Exploitation and Abuse Risk Overview,,,,December 2025,2026 v1.2,higher_worse,TRUE,TRUE,38,,,,
Antigua and Barbuda,ATG,Americas,Latin America and the Caribbean,disaster_displacement,Disaster Displacement Risk Model,,,,current climate,GDRM 2.0,higher_worse,TRUE,TRUE,0,,,,
Antigua and Barbuda,ATG,Americas,Latin America and the Caribbean,internal_displacement,Internal Displacement Index,,,,2022,IDI 2023 publication,lower_worse,TRUE,TRUE,44,,,,
Argentina,ARG,Americas,Latin America and the Caribbean,inform_risk,INFORM Risk,Argentina,3.7,,2026,2026 v0.7.2,higher_worse,TRUE,TRUE,191,94,5,FALSE,FALSE
Argentina,ARG,Americas,Latin America and the Caribbean,inform_severity,INFORM Severity,,,,2026-06,June 2026,higher_worse,TRUE,TRUE,65,,,,
Argentina,ARG,Americas,Latin America and the Caribbean,underfunded_crisis,Underfunded Crisis Index,,,,2021-2025 cumulative,2025,lower_worse,TRUE,TRUE,27,,,,
Argentina,ARG,Americas,Latin America and the Caribbean,oecd_fragility,OECD Multidimensional Fragility,,,,predominantly 2023,States of Fragility 2025,lower_worse,TRUE,TRUE,61,,,,
Argentina,ARG,Americas,Latin America and the Caribbean,worldrisk,WorldRiskIndex,Argentina,15.72,,2025,2025,higher_worse,TRUE,TRUE,193,31,2,FALSE,TRUE
Argentina,ARG,Americas,Latin America and the Caribbean,nd_gain,ND-GAIN Country Index,Argentina,50.3761630446415,,2024,2026 release,lower_worse,TRUE,TRUE,190,116,7,FALSE,FALSE
Argentina,ARG,Americas,Latin America and the Caribbean,hdi,Human Development Index,Argentina,0.865,,2023,Human Development Report 2025,lower_worse,TRUE,TRUE,192,147,8,FALSE,FALSE
Argentina,ARG,Americas,Latin America and the Caribbean,mpi,Multidimensional Poverty Index,Argentina,0.001469295,,2019/2020 M,Global MPI 2025,higher_worse,TRUE,TRUE,109,103,10,FALSE,FALSE
Argentina,ARG,Americas,Latin America and the Caribbean,ghi,Global Hunger Index,Argentina,6.4,6.4,2025,2025,higher_worse,TRUE,TRUE,98,88,9,FALSE,FALSE
Argentina,ARG,Americas,Latin America and the Caribbean,ghs,Global Health Security Index,Argentina,54.4,,2021,2021,lower_worse,TRUE,TRUE,193,158,9,FALSE,FALSE
Argentina,ARG,Americas,Latin America and the Caribbean,wps,"Women, Peace and Security Index",Argentina,0.791,,2025,2025/26,lower_worse,TRUE,TRUE,177,133,8,FALSE,FALSE
Argentina,ARG,Americas,Latin America and the Caribbean,un_mvi,UN Multidimensional Vulnerability Index,Argentina,41.9,,2023,High-Level Panel results,higher_worse,TRUE,TRUE,142,130,10,FALSE,FALSE
Argentina,ARG,Americas,Latin America and the Caribbean,debt_distress,Debt-distress classification,,,,latest DSA as of 2026-03-31,31 March 2026,higher_worse,FALSE,FALSE,67,,,,
Argentina,ARG,Americas,Latin America and the Caribbean,searo,Sexual Exploitation and Abuse Risk Overview,,,,December 2025,2026 v1.2,higher_worse,TRUE,TRUE,38,,,,
Argentina,ARG,Americas,Latin America and the Caribbean,disaster_displacement,Disaster Displacement Risk Model,,,,current climate,GDRM 2.0,higher_worse,TRUE,TRUE,0,,,,
Argentina,ARG,Americas,Latin America and the Caribbean,internal_displacement,Internal Displacement Index,,,,2022,IDI 2023 publication,lower_worse,TRUE,TRUE,44,,,,
Armenia,ARM,Asia,Western Asia,inform_risk,INFORM Risk,Armenia,3.4,,2026,2026 v0.7.2,higher_worse,TRUE,TRUE,191,108,6,FALSE,FALSE
Armenia,ARM,Asia,Western Asia,inform_severity,INFORM Severity,,,,2026-06,June 2026,higher_worse,TRUE,TRUE,65,,,,
Armenia,ARM,Asia,Western Asia,underfunded_crisis,Underfunded Crisis Index,,,,2021-2025 cumulative,2025,lower_worse,TRUE,TRUE,27,,,,
Armenia,ARM,Asia,Western Asia,oecd_fragility,OECD Multidimensional Fragility,,,,predominantly 2023,States of Fragility 2025,lower_worse,TRUE,TRUE,61,,,,
Armenia,ARM,Asia,Western Asia,worldrisk,WorldRiskIndex,Armenia,1.91,,2025,2025,higher_worse,TRUE,TRUE,193,155,8,FALSE,FALSE
Armenia,ARM,Asia,Western Asia,nd_gain,ND-GAIN Country Index,Armenia,53.1622770127216,,2024,2026 release,lower_worse,TRUE,TRUE,190,131,7,FALSE,FALSE
Armenia,ARM,Asia,Western Asia,hdi,Human Development Index,Armenia,0.811,,2023,Human Development Report 2025,lower_worse,TRUE,TRUE,192,124,7,FALSE,FALSE
Armenia,ARM,Asia,Western Asia,mpi,Multidimensional Poverty Index,Armenia,6.90069e-4,,2015/2016 D,Global MPI 2025,higher_worse,TRUE,TRUE,109,107,10,FALSE,FALSE
Armenia,ARM,Asia,Western Asia,ghi,Global Hunger Index,Armenia,,<5,2025,2025,higher_worse,TRUE,TRUE,98,,,,
Armenia,ARM,Asia,Western Asia,ghs,Global Health Security Index,Armenia,61.8,,2021,2021,lower_worse,TRUE,TRUE,193,178,10,FALSE,FALSE
Armenia,ARM,Asia,Western Asia,wps,"Women, Peace and Security Index",Armenia,0.762,,2025,2025/26,lower_worse,TRUE,TRUE,177,124,7,FALSE,FALSE
Armenia,ARM,Asia,Western Asia,un_mvi,UN Multidimensional Vulnerability Index,Armenia,49.4,,2023,High-Level Panel results,higher_worse,TRUE,TRUE,142,87,7,FALSE,FALSE
Armenia,ARM,Asia,Western Asia,debt_distress,Debt-distress classification,,,,latest DSA as of 2026-03-31,31 March 2026,higher_worse,FALSE,FALSE,67,,,,
Armenia,ARM,Asia,Western Asia,searo,Sexual Exploitation and Abuse Risk Overview,,,,December 2025,2026 v1.2,higher_worse,TRUE,TRUE,38,,,,
Armenia,ARM,Asia,Western Asia,disaster_displacement,Disaster Displacement Risk Model,,,,current climate,GDRM 2.0,higher_worse,TRUE,TRUE,0,,,,
Armenia,ARM,Asia,Western Asia,internal_displacement,Internal Displacement Index,,,,2022,IDI 2023 publication,lower_worse,TRUE,TRUE,44,,,,
Australia,AUS,Oceania,Australia and New Zealand,inform_risk,INFORM Risk,Australia,2.4,,2026,2026 v0.7.2,higher_worse,TRUE,TRUE,191,157,9,FALSE,FALSE
Australia,AUS,Oceania,Australia and New Zealand,inform_severity,INFORM Severity,,,,2026-06,June 2026,higher_worse,TRUE,TRUE,65,,,,
Australia,AUS,Oceania,Australia and New Zealand,underfunded_crisis,Underfunded Crisis Index,,,,2021-2025 cumulative,2025,lower_worse,TRUE,TRUE,27,,,,
Australia,AUS,Oceania,Australia and New Zealand,oecd_fragility,OECD Multidimensional Fragility,,,,predominantly 2023,States of Fragility 2025,lower_worse,TRUE,TRUE,61,,,,
Australia,AUS,Oceania,Australia and New Zealand,worldrisk,WorldRiskIndex,Australia,21.9,,2025,2025,higher_worse,TRUE,TRUE,193,23,2,FALSE,TRUE
Australia,AUS,Oceania,Australia and New Zealand,nd_gain,ND-GAIN Country Index,Australia,67.9174446136499,,2024,2026 release,lower_worse,TRUE,TRUE,190,181,10,FALSE,FALSE
Australia,AUS,Oceania,Australia and New Zealand,hdi,Human Development Index,Australia,0.958,,2023,Human Development Report 2025,lower_worse,TRUE,TRUE,192,186,10,FALSE,FALSE
Australia,AUS,Oceania,Australia and New Zealand,mpi,Multidimensional Poverty Index,,,,country-specific survey year,Global MPI 2025,higher_worse,TRUE,TRUE,109,,,,
Australia,AUS,Oceania,Australia and New Zealand,ghi,Global Hunger Index,,,,2025,2025,higher_worse,TRUE,TRUE,98,,,,
Australia,AUS,Oceania,Australia and New Zealand,ghs,Global Health Security Index,Australia,71.1,,2021,2021,lower_worse,TRUE,TRUE,193,192,10,FALSE,FALSE
Australia,AUS,Oceania,Australia and New Zealand,wps,"Women, Peace and Security Index",Australia,0.896,,2025,2025/26,lower_worse,TRUE,TRUE,177,166,10,FALSE,FALSE
Australia,AUS,Oceania,Australia and New Zealand,un_mvi,UN Multidimensional Vulnerability Index,,,,2023,High-Level Panel results,higher_worse,TRUE,TRUE,142,,,,
Australia,AUS,Oceania,Australia and New Zealand,debt_distress,Debt-distress classification,,,,latest DSA as of 2026-03-31,31 March 2026,higher_worse,FALSE,FALSE,67,,,,
Australia,AUS,Oceania,Australia and New Zealand,searo,Sexual Exploitation and Abuse Risk Overview,,,,December 2025,2026 v1.2,higher_worse,TRUE,TRUE,38,,,,
Australia,AUS,Oceania,Australia and New Zealand,disaster_displacement,Disaster Displacement Risk Model,,,,current climate,GDRM 2.0,higher_worse,TRUE,TRUE,0,,,,
Australia,AUS,Oceania,Australia and New Zealand,internal_displacement,Internal Displacement Index,,,,2022,IDI 2023 publication,lower_worse,TRUE,TRUE,44,,,,
Austria,AUT,Europe,Western Europe,inform_risk,INFORM Risk,Austria,2.4,,2026,2026 v0.7.2,higher_worse,TRUE,TRUE,191,157,9,FALSE,FALSE
Austria,AUT,Europe,Western Europe,inform_severity,INFORM Severity,,,,2026-06,June 2026,higher_worse,TRUE,TRUE,65,,,,
Austria,AUT,Europe,Western Europe,underfunded_crisis,Underfunded Crisis Index,,,,2021-2025 cumulative,2025,lower_worse,TRUE,TRUE,27,,,,
Austria,AUT,Europe,Western Europe,oecd_fragility,OECD Multidimensional Fragility,,,,predominantly 2023,States of Fragility 2025,lower_worse,TRUE,TRUE,61,,,,
Austria,AUT,Europe,Western Europe,worldrisk,WorldRiskIndex,Austria,1.31,,2025,2025,higher_worse,TRUE,TRUE,193,168,9,FALSE,FALSE
Austria,AUT,Europe,Western Europe,nd_gain,ND-GAIN Country Index,Austria,67.7973086151723,,2024,2026 release,lower_worse,TRUE,TRUE,190,179,10,FALSE,FALSE
Austria,AUT,Europe,Western Europe,hdi,Human Development Index,Austria,0.93,,2023,Human Development Report 2025,lower_worse,TRUE,TRUE,192,172,9,FALSE,FALSE
Austria,AUT,Europe,Western Europe,mpi,Multidimensional Poverty Index,,,,country-specific survey year,Global MPI 2025,higher_worse,TRUE,TRUE,109,,,,
Austria,AUT,Europe,Western Europe,ghi,Global Hunger Index,,,,2025,2025,higher_worse,TRUE,TRUE,98,,,,
Austria,AUT,Europe,Western Europe,ghs,Global Health Security Index,Austria,56.9,,2021,2021,lower_worse,TRUE,TRUE,193,168,9,FALSE,FALSE
Austria,AUT,Europe,Western Europe,wps,"Women, Peace and Security Index",Austria,0.898,,2025,2025/26,lower_worse,TRUE,TRUE,177,168,10,FALSE,FALSE
Austria,AUT,Europe,Western Europe,un_mvi,UN Multidimensional Vulnerability Index,,,,2023,High-Level Panel results,higher_worse,TRUE,TRUE,142,,,,
Austria,AUT,Europe,Western Europe,debt_distress,Debt-distress classification,,,,latest DSA as of 2026-03-31,31 March 2026,higher_worse,FALSE,FALSE,67,,,,
Austria,AUT,Europe,Western Europe,searo,Sexual Exploitation and Abuse Risk Overview,,,,December 2025,2026 v1.2,higher_worse,TRUE,TRUE,38,,,,
Austria,AUT,Europe,Western Europe,disaster_displacement,Disaster Displacement Risk Model,,,,current climate,GDRM 2.0,higher_worse,TRUE,TRUE,0,,,,
Austria,AUT,Europe,Western Europe,internal_displacement,Internal Displacement Index,,,,2022,IDI 2023 publication,lower_worse,TRUE,TRUE,44,,,,
Azerbaijan,AZE,Asia,Western Asia,inform_risk,INFORM Risk,Azerbaijan,4.8,,2026,2026 v0.7.2,higher_worse,TRUE,TRUE,191,63,4,FALSE,FALSE
Azerbaijan,AZE,Asia,Western Asia,inform_severity,INFORM Severity,,,,2026-06,June 2026,higher_worse,TRUE,TRUE,65,,,,
Azerbaijan,AZE,Asia,Western Asia,underfunded_crisis,Underfunded Crisis Index,,,,2021-2025 cumulative,2025,lower_worse,TRUE,TRUE,27,,,,
Azerbaijan,AZE,Asia,Western Asia,oecd_fragility,OECD Multidimensional Fragility,,,,predominantly 2023,States of Fragility 2025,lower_worse,TRUE,TRUE,61,,,,
Azerbaijan,AZE,Asia,Western Asia,worldrisk,WorldRiskIndex,Azerbaijan,2.4,,2025,2025,higher_worse,TRUE,TRUE,193,142,8,FALSE,FALSE
Azerbaijan,AZE,Asia,Western Asia,nd_gain,ND-GAIN Country Index,Azerbaijan,50.1378103917525,,2024,2026 release,lower_worse,TRUE,TRUE,190,115,7,FALSE,FALSE
Azerbaijan,AZE,Asia,Western Asia,hdi,Human Development Index,Azerbaijan,0.789,,2023,Human Development Report 2025,lower_worse,TRUE,TRUE,192,112,6,FALSE,FALSE
Azerbaijan,AZE,Asia,Western Asia,mpi,Multidimensional Poverty Index,Azerbaijan,6.6115e-4,,2023 M,Global MPI 2025,higher_worse,TRUE,TRUE,109,108,10,FALSE,FALSE
Azerbaijan,AZE,Asia,Western Asia,ghi,Global Hunger Index,Azerbaijan,5.6,5.6,2025,2025,higher_worse,TRUE,TRUE,98,95,10,FALSE,FALSE
Azerbaijan,AZE,Asia,Western Asia,ghs,Global Health Security Index,Azerbaijan,34.7,,2021,2021,lower_worse,TRUE,TRUE,193,92,5,FALSE,FALSE
Azerbaijan,AZE,Asia,Western Asia,wps,"Women, Peace and Security Index",Azerbaijan,0.653,,2025,2025/26,lower_worse,TRUE,TRUE,177,71,4,FALSE,FALSE
Azerbaijan,AZE,Asia,Western Asia,un_mvi,UN Multidimensional Vulnerability Index,Azerbaijan,46.9,,2023,High-Level Panel results,higher_worse,TRUE,TRUE,142,100,7,FALSE,FALSE
Azerbaijan,AZE,Asia,Western Asia,debt_distress,Debt-distress classification,,,,latest DSA as of 2026-03-31,31 March 2026,higher_worse,FALSE,FALSE,67,,,,
Azerbaijan,AZE,Asia,Western Asia,searo,Sexual Exploitation and Abuse Risk Overview,,,,December 2025,2026 v1.2,higher_worse,TRUE,TRUE,38,,,,
Azerbaijan,AZE,Asia,Western Asia,disaster_displacement,Disaster Displacement Risk Model,,,,current climate,GDRM 2.0,higher_worse,TRUE,TRUE,0,,,,
Azerbaijan,AZE,Asia,Western Asia,internal_displacement,Internal Displacement Index,Azerbaijan,0.7941105769845427,,2022,IDI 2023 publication,lower_worse,TRUE,TRUE,44,39,9,FALSE,FALSE
Bahamas,BHS,Americas,Latin America and the Caribbean,inform_risk,INFORM Risk,Bahamas,2.5,,2026,2026 v0.7.2,higher_worse,TRUE,TRUE,191,148,8,FALSE,FALSE
Bahamas,BHS,Americas,Latin America and the Caribbean,inform_severity,INFORM Severity,,,,2026-06,June 2026,higher_worse,TRUE,TRUE,65,,,,
Bahamas,BHS,Americas,Latin America and the Caribbean,underfunded_crisis,Underfunded Crisis Index,,,,2021-2025 cumulative,2025,lower_worse,TRUE,TRUE,27,,,,
Bahamas,BHS,Americas,Latin America and the Caribbean,oecd_fragility,OECD Multidimensional Fragility,,,,predominantly 2023,States of Fragility 2025,lower_worse,TRUE,TRUE,61,,,,
Bahamas,BHS,Americas,Latin America and the Caribbean,worldrisk,WorldRiskIndex,Bahamas,4.44,,2025,2025,higher_worse,TRUE,TRUE,193,90,5,FALSE,FALSE
Bahamas,BHS,Americas,Latin America and the Caribbean,nd_gain,ND-GAIN Country Index,Bahamas,48.7101343269962,,2024,2026 release,lower_worse,TRUE,TRUE,190,108,6,FALSE,FALSE
Bahamas,BHS,Americas,Latin America and the Caribbean,hdi,Human Development Index,Bahamas,0.82,,2023,Human Development Report 2025,lower_worse,TRUE,TRUE,192,128,7,FALSE,FALSE
Bahamas,BHS,Americas,Latin America and the Caribbean,mpi,Multidimensional Poverty Index,,,,country-specific survey year,Global MPI 2025,higher_worse,TRUE,TRUE,109,,,,
Bahamas,BHS,Americas,Latin America and the Caribbean,ghi,Global Hunger Index,,,,2025,2025,higher_worse,TRUE,TRUE,98,,,,
Bahamas,BHS,Americas,Latin America and the Caribbean,ghs,Global Health Security Index,Bahamas,30.1,,2021,2021,lower_worse,TRUE,TRUE,193,59,4,FALSE,FALSE
Bahamas,BHS,Americas,Latin America and the Caribbean,wps,"Women, Peace and Security Index",,,,2025,2025/26,lower_worse,TRUE,TRUE,177,,,,
Bahamas,BHS,Americas,Latin America and the Caribbean,un_mvi,UN Multidimensional Vulnerability Index,Bahamas,59.9,,2023,High-Level Panel results,higher_worse,TRUE,TRUE,142,33,3,FALSE,FALSE
Bahamas,BHS,Americas,Latin America and the Caribbean,debt_distress,Debt-distress classification,,,,latest DSA as of 2026-03-31,31 March 2026,higher_worse,FALSE,FALSE,67,,,,
Bahamas,BHS,Americas,Latin America and the Caribbean,searo,Sexual Exploitation and Abuse Risk Overview,,,,December 2025,2026 v1.2,higher_worse,TRUE,TRUE,38,,,,
Bahamas,BHS,Americas,Latin America and the Caribbean,disaster_displacement,Disaster Displacement Risk Model,,,,current climate,GDRM 2.0,higher_worse,TRUE,TRUE,0,,,,
Bahamas,BHS,Americas,Latin America and the Caribbean,internal_displacement,Internal Displacement Index,,,,2022,IDI 2023 publication,lower_worse,TRUE,TRUE,44,,,,
Bahrain,BHR,Asia,Western Asia,inform_risk,INFORM Risk,Bahrain,1.7,,2026,2026 v0.7.2,higher_worse,TRUE,TRUE,191,182,10,FALSE,FALSE
Bahrain,BHR,Asia,Western Asia,inform_severity,INFORM Severity,,,,2026-06,June 2026,higher_worse,TRUE,TRUE,65,,,,
Bahrain,BHR,Asia,Western Asia,underfunded_crisis,Underfunded Crisis Index,,,,2021-2025 cumulative,2025,lower_worse,TRUE,TRUE,27,,,,
Bahrain,BHR,Asia,Western Asia,oecd_fragility,OECD Multidimensional Fragility,,,,predominantly 2023,States of Fragility 2025,lower_worse,TRUE,TRUE,61,,,,
Bahrain,BHR,Asia,Western Asia,worldrisk,WorldRiskIndex,Bahrain,0.87,,2025,2025,higher_worse,TRUE,TRUE,193,185,10,FALSE,FALSE
Bahrain,BHR,Asia,Western Asia,nd_gain,ND-GAIN Country Index,Bahrain,48.3281316259196,,2024,2026 release,lower_worse,TRUE,TRUE,190,105,6,FALSE,FALSE
Bahrain,BHR,Asia,Western Asia,hdi,Human Development Index,Bahrain,0.899,,2023,Human Development Report 2025,lower_worse,TRUE,TRUE,192,156,9,FALSE,FALSE
Bahrain,BHR,Asia,Western Asia,mpi,Multidimensional Poverty Index,,,,country-specific survey year,Global MPI 2025,higher_worse,TRUE,TRUE,109,,,,
Bahrain,BHR,Asia,Western Asia,ghi,Global Hunger Index,,,,2025,2025,higher_worse,TRUE,TRUE,98,,,,
Bahrain,BHR,Asia,Western Asia,ghs,Global Health Security Index,Bahrain,36.3,,2021,2021,lower_worse,TRUE,TRUE,193,101,6,FALSE,FALSE
Bahrain,BHR,Asia,Western Asia,wps,"Women, Peace and Security Index",Bahrain,0.765,,2025,2025/26,lower_worse,TRUE,TRUE,177,125,8,FALSE,FALSE
Bahrain,BHR,Asia,Western Asia,un_mvi,UN Multidimensional Vulnerability Index,Bahrain,60.4,,2023,High-Level Panel results,higher_worse,TRUE,TRUE,142,30,3,FALSE,FALSE
Bahrain,BHR,Asia,Western Asia,debt_distress,Debt-distress classification,,,,latest DSA as of 2026-03-31,31 March 2026,higher_worse,FALSE,FALSE,67,,,,
Bahrain,BHR,Asia,Western Asia,searo,Sexual Exploitation and Abuse Risk Overview,,,,December 2025,2026 v1.2,higher_worse,TRUE,TRUE,38,,,,
Bahrain,BHR,Asia,Western Asia,disaster_displacement,Disaster Displacement Risk Model,,,,current climate,GDRM 2.0,higher_worse,TRUE,TRUE,0,,,,
Bahrain,BHR,Asia,Western Asia,internal_displacement,Internal Displacement Index,,,,2022,IDI 2023 publication,lower_worse,TRUE,TRUE,44,,,,
Bangladesh,BGD,Asia,Southern Asia,inform_risk,INFORM Risk,Bangladesh,6.2,,2026,2026 v0.7.2,higher_worse,TRUE,TRUE,191,25,2,FALSE,TRUE
Bangladesh,BGD,Asia,Southern Asia,inform_severity,INFORM Severity,Bangladesh,6.8,,2026-06,June 2026,higher_worse,TRUE,TRUE,65,33,5,FALSE,FALSE
Bangladesh,BGD,Asia,Southern Asia,underfunded_crisis,Underfunded Crisis Index,Rohingya JRP,67.26457070000001,67.3%,2021-2025 cumulative,2025,lower_worse,TRUE,TRUE,27,21,8,FALSE,FALSE
Bangladesh,BGD,Asia,Southern Asia,oecd_fragility,OECD Multidimensional Fragility,Bangladesh,-1.87758026295409,,predominantly 2023,States of Fragility 2025,lower_worse,TRUE,TRUE,61,41,7,FALSE,FALSE
Bangladesh,BGD,Asia,Southern Asia,worldrisk,WorldRiskIndex,Bangladesh,26.71,,2025,2025,higher_worse,TRUE,TRUE,193,11,1,TRUE,TRUE
Bangladesh,BGD,Asia,Southern Asia,nd_gain,ND-GAIN Country Index,Bangladesh,37.0371901896596,,2024,2026 release,lower_worse,TRUE,TRUE,190,31,2,FALSE,TRUE
Bangladesh,BGD,Asia,Southern Asia,hdi,Human Development Index,Bangladesh,0.685,,2023,Human Development Report 2025,lower_worse,TRUE,TRUE,192,63,4,FALSE,FALSE
Bangladesh,BGD,Asia,Southern Asia,mpi,Multidimensional Poverty Index,Bangladesh,0.06650907,,2022 D,Global MPI 2025,higher_worse,TRUE,TRUE,109,52,5,FALSE,FALSE
Bangladesh,BGD,Asia,Southern Asia,ghi,Global Hunger Index,Bangladesh,19.2,19.2,2025,2025,higher_worse,TRUE,TRUE,98,39,4,FALSE,FALSE
Bangladesh,BGD,Asia,Southern Asia,ghs,Global Health Security Index,Bangladesh,35.5,,2021,2021,lower_worse,TRUE,TRUE,193,99,6,FALSE,FALSE
Bangladesh,BGD,Asia,Southern Asia,wps,"Women, Peace and Security Index",Bangladesh,0.526,,2025,2025/26,lower_worse,TRUE,TRUE,177,27,2,FALSE,TRUE
Bangladesh,BGD,Asia,Southern Asia,un_mvi,UN Multidimensional Vulnerability Index,Bangladesh,52.4,,2023,High-Level Panel results,higher_worse,TRUE,TRUE,142,73,6,FALSE,FALSE
Bangladesh,BGD,Asia,Southern Asia,debt_distress,Debt-distress classification,Bangladesh,2,Moderate,1/30/2026,31 March 2026,higher_worse,FALSE,FALSE,67,,,,
Bangladesh,BGD,Asia,Southern Asia,searo,Sexual Exploitation and Abuse Risk Overview,Bangladesh,5.732426696233371,,December 2025,2026 v1.2,higher_worse,TRUE,TRUE,38,26,7,FALSE,FALSE
Bangladesh,BGD,Asia,Southern Asia,disaster_displacement,Disaster Displacement Risk Model,,,,current climate,GDRM 2.0,higher_worse,TRUE,TRUE,0,,,,
Bangladesh,BGD,Asia,Southern Asia,internal_displacement,Internal Displacement Index,Bangladesh,0.7094135017310507,,2022,IDI 2023 publication,lower_worse,TRUE,TRUE,44,15,4,FALSE,FALSE
Barbados,BRB,Americas,Latin America and the Caribbean,inform_risk,INFORM Risk,Barbados,2.2,,2026,2026 v0.7.2,higher_worse,TRUE,TRUE,191,164,9,FALSE,FALSE
Barbados,BRB,Americas,Latin America and the Caribbean,inform_severity,INFORM Severity,,,,2026-06,June 2026,higher_worse,TRUE,TRUE,65,,,,
Barbados,BRB,Americas,Latin America and the Caribbean,underfunded_crisis,Underfunded Crisis Index,,,,2021-2025 cumulative,2025,lower_worse,TRUE,TRUE,27,,,,
Barbados,BRB,Americas,Latin America and the Caribbean,oecd_fragility,OECD Multidimensional Fragility,,,,predominantly 2023,States of Fragility 2025,lower_worse,TRUE,TRUE,61,,,,
Barbados,BRB,Americas,Latin America and the Caribbean,worldrisk,WorldRiskIndex,Barbados,2.89,,2025,2025,higher_worse,TRUE,TRUE,193,127,7,FALSE,FALSE
Barbados,BRB,Americas,Latin America and the Caribbean,nd_gain,ND-GAIN Country Index,Barbados,58.6197695611597,,2024,2026 release,lower_worse,TRUE,TRUE,190,155,9,FALSE,FALSE
Barbados,BRB,Americas,Latin America and the Caribbean,hdi,Human Development Index,Barbados,0.811,,2023,Human Development Report 2025,lower_worse,TRUE,TRUE,192,124,7,FALSE,FALSE
Barbados,BRB,Americas,Latin America and the Caribbean,mpi,Multidimensional Poverty Index,,,,country-specific survey year,Global MPI 2025,higher_worse,TRUE,TRUE,109,,,,
Barbados,BRB,Americas,Latin America and the Caribbean,ghi,Global Hunger Index,,,,2025,2025,higher_worse,TRUE,TRUE,98,,,,
Barbados,BRB,Americas,Latin America and the Caribbean,ghs,Global Health Security Index,Barbados,34.9,,2021,2021,lower_worse,TRUE,TRUE,193,96,5,FALSE,FALSE
Barbados,BRB,Americas,Latin America and the Caribbean,wps,"Women, Peace and Security Index",Barbados,0.807,,2025,2025/26,lower_worse,TRUE,TRUE,177,138,8,FALSE,FALSE
Barbados,BRB,Americas,Latin America and the Caribbean,un_mvi,UN Multidimensional Vulnerability Index,Barbados,57.9,,2023,High-Level Panel results,higher_worse,TRUE,TRUE,142,45,4,FALSE,FALSE
Barbados,BRB,Americas,Latin America and the Caribbean,debt_distress,Debt-distress classification,,,,latest DSA as of 2026-03-31,31 March 2026,higher_worse,FALSE,FALSE,67,,,,
Barbados,BRB,Americas,Latin America and the Caribbean,searo,Sexual Exploitation and Abuse Risk Overview,,,,December 2025,2026 v1.2,higher_worse,TRUE,TRUE,38,,,,
Barbados,BRB,Americas,Latin America and the Caribbean,disaster_displacement,Disaster Displacement Risk Model,,,,current climate,GDRM 2.0,higher_worse,TRUE,TRUE,0,,,,
Barbados,BRB,Americas,Latin America and the Caribbean,internal_displacement,Internal Displacement Index,,,,2022,IDI 2023 publication,lower_worse,TRUE,TRUE,44,,,,
Belarus,BLR,Europe,Eastern Europe,inform_risk,INFORM Risk,Belarus,2.6,,2026,2026 v0.7.2,higher_worse,TRUE,TRUE,191,138,8,FALSE,FALSE
Belarus,BLR,Europe,Eastern Europe,inform_severity,INFORM Severity,,,,2026-06,June 2026,higher_worse,TRUE,TRUE,65,,,,
Belarus,BLR,Europe,Eastern Europe,underfunded_crisis,Underfunded Crisis Index,,,,2021-2025 cumulative,2025,lower_worse,TRUE,TRUE,27,,,,
Belarus,BLR,Europe,Eastern Europe,oecd_fragility,OECD Multidimensional Fragility,,,,predominantly 2023,States of Fragility 2025,lower_worse,TRUE,TRUE,61,,,,
Belarus,BLR,Europe,Eastern Europe,worldrisk,WorldRiskIndex,Belarus,0.72,,2025,2025,higher_worse,TRUE,TRUE,193,186,10,FALSE,FALSE
Belarus,BLR,Europe,Eastern Europe,nd_gain,ND-GAIN Country Index,Belarus,53.9591056271048,,2024,2026 release,lower_worse,TRUE,TRUE,190,137,8,FALSE,FALSE
Belarus,BLR,Europe,Eastern Europe,hdi,Human Development Index,Belarus,0.824,,2023,Human Development Report 2025,lower_worse,TRUE,TRUE,192,129,7,FALSE,FALSE
Belarus,BLR,Europe,Eastern Europe,mpi,Multidimensional Poverty Index,,,,country-specific survey year,Global MPI 2025,higher_worse,TRUE,TRUE,109,,,,
Belarus,BLR,Europe,Eastern Europe,ghi,Global Hunger Index,Belarus,,<5,2025,2025,higher_worse,TRUE,TRUE,98,,,,
Belarus,BLR,Europe,Eastern Europe,ghs,Global Health Security Index,Belarus,43.9,,2021,2021,lower_worse,TRUE,TRUE,193,131,7,FALSE,FALSE
Belarus,BLR,Europe,Eastern Europe,wps,"Women, Peace and Security Index",Belarus,0.739,,2025,2025/26,lower_worse,TRUE,TRUE,177,114,7,FALSE,FALSE
Belarus,BLR,Europe,Eastern Europe,un_mvi,UN Multidimensional Vulnerability Index,,,,2023,High-Level Panel results,higher_worse,TRUE,TRUE,142,,,,
Belarus,BLR,Europe,Eastern Europe,debt_distress,Debt-distress classification,,,,latest DSA as of 2026-03-31,31 March 2026,higher_worse,FALSE,FALSE,67,,,,
Belarus,BLR,Europe,Eastern Europe,searo,Sexual Exploitation and Abuse Risk Overview,,,,December 2025,2026 v1.2,higher_worse,TRUE,TRUE,38,,,,
Belarus,BLR,Europe,Eastern Europe,disaster_displacement,Disaster Displacement Risk Model,,,,current climate,GDRM 2.0,higher_worse,TRUE,TRUE,0,,,,
Belarus,BLR,Europe,Eastern Europe,internal_displacement,Internal Displacement Index,,,,2022,IDI 2023 publication,lower_worse,TRUE,TRUE,44,,,,
Belgium,BEL,Europe,Western Europe,inform_risk,INFORM Risk,Belgium,2.6,,2026,2026 v0.7.2,higher_worse,TRUE,TRUE,191,138,8,FALSE,FALSE
Belgium,BEL,Europe,Western Europe,inform_severity,INFORM Severity,,,,2026-06,June 2026,higher_worse,TRUE,TRUE,65,,,,
Belgium,BEL,Europe,Western Europe,underfunded_crisis,Underfunded Crisis Index,,,,2021-2025 cumulative,2025,lower_worse,TRUE,TRUE,27,,,,
Belgium,BEL,Europe,Western Europe,oecd_fragility,OECD Multidimensional Fragility,,,,predominantly 2023,States of Fragility 2025,lower_worse,TRUE,TRUE,61,,,,
Belgium,BEL,Europe,Western Europe,worldrisk,WorldRiskIndex,Belgium,5.8,,2025,2025,higher_worse,TRUE,TRUE,193,81,5,FALSE,FALSE
Belgium,BEL,Europe,Western Europe,nd_gain,ND-GAIN Country Index,Belgium,61.9666701999904,,2024,2026 release,lower_worse,TRUE,TRUE,190,163,9,FALSE,FALSE
Belgium,BEL,Europe,Western Europe,hdi,Human Development Index,Belgium,0.951,,2023,Human Development Report 2025,lower_worse,TRUE,TRUE,192,184,10,FALSE,FALSE
Belgium,BEL,Europe,Western Europe,mpi,Multidimensional Poverty Index,,,,country-specific survey year,Global MPI 2025,higher_worse,TRUE,TRUE,109,,,,
Belgium,BEL,Europe,Western Europe,ghi,Global Hunger Index,,,,2025,2025,higher_worse,TRUE,TRUE,98,,,,
Belgium,BEL,Europe,Western Europe,ghs,Global Health Security Index,Belgium,59.3,,2021,2021,lower_worse,TRUE,TRUE,193,172,9,FALSE,FALSE
Belgium,BEL,Europe,Western Europe,wps,"Women, Peace and Security Index",Belgium,0.912,,2025,2025/26,lower_worse,TRUE,TRUE,177,171,10,FALSE,FALSE
Belgium,BEL,Europe,Western Europe,un_mvi,UN Multidimensional Vulnerability Index,,,,2023,High-Level Panel results,higher_worse,TRUE,TRUE,142,,,,
Belgium,BEL,Europe,Western Europe,debt_distress,Debt-distress classification,,,,latest DSA as of 2026-03-31,31 March 2026,higher_worse,FALSE,FALSE,67,,,,
Belgium,BEL,Europe,Western Europe,searo,Sexual Exploitation and Abuse Risk Overview,,,,December 2025,2026 v1.2,higher_worse,TRUE,TRUE,38,,,,
Belgium,BEL,Europe,Western Europe,disaster_displacement,Disaster Displacement Risk Model,,,,current climate,GDRM 2.0,higher_worse,TRUE,TRUE,0,,,,
Belgium,BEL,Europe,Western Europe,internal_displacement,Internal Displacement Index,,,,2022,IDI 2023 publication,lower_worse,TRUE,TRUE,44,,,,
Belize,BLZ,Americas,Latin America and the Caribbean,inform_risk,INFORM Risk,Belize,3.8,,2026,2026 v0.7.2,higher_worse,TRUE,TRUE,191,90,5,FALSE,FALSE
Belize,BLZ,Americas,Latin America and the Caribbean,inform_severity,INFORM Severity,,,,2026-06,June 2026,higher_worse,TRUE,TRUE,65,,,,
Belize,BLZ,Americas,Latin America and the Caribbean,underfunded_crisis,Underfunded Crisis Index,,,,2021-2025 cumulative,2025,lower_worse,TRUE,TRUE,27,,,,
Belize,BLZ,Americas,Latin America and the Caribbean,oecd_fragility,OECD Multidimensional Fragility,,,,predominantly 2023,States of Fragility 2025,lower_worse,TRUE,TRUE,61,,,,
Belize,BLZ,Americas,Latin America and the Caribbean,worldrisk,WorldRiskIndex,Belize,7.31,,2025,2025,higher_worse,TRUE,TRUE,193,68,4,FALSE,FALSE
Belize,BLZ,Americas,Latin America and the Caribbean,nd_gain,ND-GAIN Country Index,Belize,44.1644599866962,,2024,2026 release,lower_worse,TRUE,TRUE,190,77,5,FALSE,FALSE
Belize,BLZ,Americas,Latin America and the Caribbean,hdi,Human Development Index,Belize,0.721,,2023,Human Development Report 2025,lower_worse,TRUE,TRUE,192,78,5,FALSE,FALSE
Belize,BLZ,Americas,Latin America and the Caribbean,mpi,Multidimensional Poverty Index,Belize,0.017108831,,2015/2016 M,Global MPI 2025,higher_worse,TRUE,TRUE,109,72,7,FALSE,FALSE
Belize,BLZ,Americas,Latin America and the Caribbean,ghi,Global Hunger Index,,,,2025,2025,higher_worse,TRUE,TRUE,98,,,,
Belize,BLZ,Americas,Latin America and the Caribbean,ghs,Global Health Security Index,Belize,29.7,,2021,2021,lower_worse,TRUE,TRUE,193,55,3,FALSE,FALSE
Belize,BLZ,Americas,Latin America and the Caribbean,wps,"Women, Peace and Security Index",Belize,0.667,,2025,2025/26,lower_worse,TRUE,TRUE,177,77,5,FALSE,FALSE
Belize,BLZ,Americas,Latin America and the Caribbean,un_mvi,UN Multidimensional Vulnerability Index,Belize,53,,2023,High-Level Panel results,higher_worse,TRUE,TRUE,142,70,5,FALSE,FALSE
Belize,BLZ,Americas,Latin America and the Caribbean,debt_distress,Debt-distress classification,,,,latest DSA as of 2026-03-31,31 March 2026,higher_worse,FALSE,FALSE,67,,,,
Belize,BLZ,Americas,Latin America and the Caribbean,searo,Sexual Exploitation and Abuse Risk Overview,,,,December 2025,2026 v1.2,higher_worse,TRUE,TRUE,38,,,,
Belize,BLZ,Americas,Latin America and the Caribbean,disaster_displacement,Disaster Displacement Risk Model,,,,current climate,GDRM 2.0,higher_worse,TRUE,TRUE,0,,,,
Belize,BLZ,Americas,Latin America and the Caribbean,internal_displacement,Internal Displacement Index,,,,2022,IDI 2023 publication,lower_worse,TRUE,TRUE,44,,,,
Benin,BEN,Africa,Sub-Saharan Africa,inform_risk,INFORM Risk,Benin,5.6,,2026,2026 v0.7.2,higher_worse,TRUE,TRUE,191,35,2,FALSE,TRUE
Benin,BEN,Africa,Sub-Saharan Africa,inform_severity,INFORM Severity,Benin,4.6,,2026-06,June 2026,higher_worse,TRUE,TRUE,65,53,9,FALSE,FALSE
Benin,BEN,Africa,Sub-Saharan Africa,underfunded_crisis,Underfunded Crisis Index,,,,2021-2025 cumulative,2025,lower_worse,TRUE,TRUE,27,,,,
Benin,BEN,Africa,Sub-Saharan Africa,oecd_fragility,OECD Multidimensional Fragility,,,,predominantly 2023,States of Fragility 2025,lower_worse,TRUE,TRUE,61,,,,
Benin,BEN,Africa,Sub-Saharan Africa,worldrisk,WorldRiskIndex,Benin,1.62,,2025,2025,higher_worse,TRUE,TRUE,193,162,9,FALSE,FALSE
Benin,BEN,Africa,Sub-Saharan Africa,nd_gain,ND-GAIN Country Index,Benin,39.424476659533,,2024,2026 release,lower_worse,TRUE,TRUE,190,46,3,FALSE,FALSE
Benin,BEN,Africa,Sub-Saharan Africa,hdi,Human Development Index,Benin,0.515,,2023,Human Development Report 2025,lower_worse,TRUE,TRUE,192,21,2,FALSE,TRUE
Benin,BEN,Africa,Sub-Saharan Africa,mpi,Multidimensional Poverty Index,Benin,0.2895098,,2021/2022 M,Global MPI 2025,higher_worse,TRUE,TRUE,109,16,2,FALSE,TRUE
Benin,BEN,Africa,Sub-Saharan Africa,ghi,Global Hunger Index,Benin,25.9,25.9,2025,2025,higher_worse,TRUE,TRUE,98,19,2,FALSE,TRUE
Benin,BEN,Africa,Sub-Saharan Africa,ghs,Global Health Security Index,Benin,25.4,,2021,2021,lower_worse,TRUE,TRUE,193,23,2,FALSE,TRUE
Benin,BEN,Africa,Sub-Saharan Africa,wps,"Women, Peace and Security Index",Benin,0.587,,2025,2025/26,lower_worse,TRUE,TRUE,177,43,3,FALSE,FALSE
Benin,BEN,Africa,Sub-Saharan Africa,un_mvi,UN Multidimensional Vulnerability Index,Benin,49.6,,2023,High-Level Panel results,higher_worse,TRUE,TRUE,142,84,6,FALSE,FALSE
Benin,BEN,Africa,Sub-Saharan Africa,debt_distress,Debt-distress classification,Benin,2,Moderate,7/14/2025,31 March 2026,higher_worse,FALSE,FALSE,67,,,,
Benin,BEN,Africa,Sub-Saharan Africa,searo,Sexual Exploitation and Abuse Risk Overview,,,,December 2025,2026 v1.2,higher_worse,TRUE,TRUE,38,,,,
Benin,BEN,Africa,Sub-Saharan Africa,disaster_displacement,Disaster Displacement Risk Model,,,,current climate,GDRM 2.0,higher_worse,TRUE,TRUE,0,,,,
Benin,BEN,Africa,Sub-Saharan Africa,internal_displacement,Internal Displacement Index,Benin,0.6677689991848471,,2022,IDI 2023 publication,lower_worse,TRUE,TRUE,44,6,2,FALSE,TRUE
Bhutan,BTN,Asia,Southern Asia,inform_risk,INFORM Risk,Bhutan,2.9,,2026,2026 v0.7.2,higher_worse,TRUE,TRUE,191,124,7,FALSE,FALSE
Bhutan,BTN,Asia,Southern Asia,inform_severity,INFORM Severity,,,,2026-06,June 2026,higher_worse,TRUE,TRUE,65,,,,
Bhutan,BTN,Asia,Southern Asia,underfunded_crisis,Underfunded Crisis Index,,,,2021-2025 cumulative,2025,lower_worse,TRUE,TRUE,27,,,,
Bhutan,BTN,Asia,Southern Asia,oecd_fragility,OECD Multidimensional Fragility,,,,predominantly 2023,States of Fragility 2025,lower_worse,TRUE,TRUE,61,,,,
Bhutan,BTN,Asia,Southern Asia,worldrisk,WorldRiskIndex,Bhutan,1.11,,2025,2025,higher_worse,TRUE,TRUE,193,176,10,FALSE,FALSE
Bhutan,BTN,Asia,Southern Asia,nd_gain,ND-GAIN Country Index,Bhutan,44.3071309860562,,2024,2026 release,lower_worse,TRUE,TRUE,190,78,5,FALSE,FALSE
Bhutan,BTN,Asia,Southern Asia,hdi,Human Development Index,Bhutan,0.698,,2023,Human Development Report 2025,lower_worse,TRUE,TRUE,192,69,4,FALSE,FALSE
Bhutan,BTN,Asia,Southern Asia,mpi,Multidimensional Poverty Index,Bhutan,0.0386035,,2022 N,Global MPI 2025,higher_worse,TRUE,TRUE,109,55,5,FALSE,FALSE
Bhutan,BTN,Asia,Southern Asia,ghi,Global Hunger Index,,,,2025,2025,higher_worse,TRUE,TRUE,98,,,,
Bhutan,BTN,Asia,Southern Asia,ghs,Global Health Security Index,Bhutan,39.8,,2021,2021,lower_worse,TRUE,TRUE,193,116,6,FALSE,FALSE
Bhutan,BTN,Asia,Southern Asia,wps,"Women, Peace and Security Index",Bhutan,0.673,,2025,2025/26,lower_worse,TRUE,TRUE,177,83,5,FALSE,FALSE
Bhutan,BTN,Asia,Southern Asia,un_mvi,UN Multidimensional Vulnerability Index,Bhutan,41.8,,2023,High-Level Panel results,higher_worse,TRUE,TRUE,142,131,10,FALSE,FALSE
Bhutan,BTN,Asia,Southern Asia,debt_distress,Debt-distress classification,Bhutan,2,Moderate,1/27/2026,31 March 2026,higher_worse,FALSE,FALSE,67,,,,
Bhutan,BTN,Asia,Southern Asia,searo,Sexual Exploitation and Abuse Risk Overview,,,,December 2025,2026 v1.2,higher_worse,TRUE,TRUE,38,,,,
Bhutan,BTN,Asia,Southern Asia,disaster_displacement,Disaster Displacement Risk Model,,,,current climate,GDRM 2.0,higher_worse,TRUE,TRUE,0,,,,
Bhutan,BTN,Asia,Southern Asia,internal_displacement,Internal Displacement Index,,,,2022,IDI 2023 publication,lower_worse,TRUE,TRUE,44,,,,
Bolivarian Republic of Venezuela,VEN,Americas,Latin America and the Caribbean,inform_risk,INFORM Risk,Venezuela,5.9,,2026,2026 v0.7.2,higher_worse,TRUE,TRUE,191,28,2,FALSE,TRUE
Bolivarian Republic of Venezuela,VEN,Americas,Latin America and the Caribbean,inform_severity,INFORM Severity,,,,2026-06,June 2026,higher_worse,TRUE,TRUE,65,,,,
Bolivarian Republic of Venezuela,VEN,Americas,Latin America and the Caribbean,underfunded_crisis,Underfunded Crisis Index,Venezuela,36.9215895,36.9%,2021-2025 cumulative,2025,lower_worse,TRUE,TRUE,27,3,1,TRUE,TRUE
Bolivarian Republic of Venezuela,VEN,Americas,Latin America and the Caribbean,oecd_fragility,OECD Multidimensional Fragility,Venezuela (Bolivarian Republic of),-2.04464773136135,,predominantly 2023,States of Fragility 2025,lower_worse,TRUE,TRUE,61,34,6,FALSE,FALSE
Bolivarian Republic of Venezuela,VEN,Americas,Latin America and the Caribbean,worldrisk,WorldRiskIndex,Bolivarian Republic of Venezuela,22.12,,2025,2025,higher_worse,TRUE,TRUE,193,22,2,FALSE,TRUE
Bolivarian Republic of Venezuela,VEN,Americas,Latin America and the Caribbean,nd_gain,ND-GAIN Country Index,"Venezuela, Bolivarian Republic o",42.2963082122276,,2024,2026 release,lower_worse,TRUE,TRUE,190,61,4,FALSE,FALSE
Bolivarian Republic of Venezuela,VEN,Americas,Latin America and the Caribbean,hdi,Human Development Index,Venezuela (Bolivarian Republic of),0.709,,2023,Human Development Report 2025,lower_worse,TRUE,TRUE,192,73,4,FALSE,FALSE
Bolivarian Republic of Venezuela,VEN,Americas,Latin America and the Caribbean,mpi,Multidimensional Poverty Index,,,,country-specific survey year,Global MPI 2025,higher_worse,TRUE,TRUE,109,,,,
Bolivarian Republic of Venezuela,VEN,Americas,Latin America and the Caribbean,ghi,Global Hunger Index,Venezuela (Boliv. Rep. of),9.6,9.6,2025,2025,higher_worse,TRUE,TRUE,98,75,8,FALSE,FALSE
Bolivarian Republic of Venezuela,VEN,Americas,Latin America and the Caribbean,ghs,Global Health Security Index,Venezuela,20.9,,2021,2021,lower_worse,TRUE,TRUE,193,9,1,TRUE,TRUE
Bolivarian Republic of Venezuela,VEN,Americas,Latin America and the Caribbean,wps,"Women, Peace and Security Index",Venezuela,0.638,,2025,2025/26,lower_worse,TRUE,TRUE,177,64,4,FALSE,FALSE
Bolivarian Republic of Venezuela,VEN,Americas,Latin America and the Caribbean,un_mvi,UN Multidimensional Vulnerability Index,Venezuela (Bolivarian Republic of),48.4,,2023,High-Level Panel results,higher_worse,TRUE,TRUE,142,92,7,FALSE,FALSE
Bolivarian Republic of Venezuela,VEN,Americas,Latin America and the Caribbean,debt_distress,Debt-distress classification,,,,latest DSA as of 2026-03-31,31 March 2026,higher_worse,FALSE,FALSE,67,,,,
Bolivarian Republic of Venezuela,VEN,Americas,Latin America and the Caribbean,searo,Sexual Exploitation and Abuse Risk Overview,Venezuela,5.563842259430867,,December 2025,2026 v1.2,higher_worse,TRUE,TRUE,38,30,8,FALSE,FALSE
Bolivarian Republic of Venezuela,VEN,Americas,Latin America and the Caribbean,disaster_displacement,Disaster Displacement Risk Model,,,,current climate,GDRM 2.0,higher_worse,TRUE,TRUE,0,,,,
Bolivarian Republic of Venezuela,VEN,Americas,Latin America and the Caribbean,internal_displacement,Internal Displacement Index,,,,2022,IDI 2023 publication,lower_worse,TRUE,TRUE,44,,,,
Bosnia and Herzegovina,BIH,Europe,Southern Europe,inform_risk,INFORM Risk,Bosnia and Herzegovina,3.6,,2026,2026 v0.7.2,higher_worse,TRUE,TRUE,191,98,6,FALSE,FALSE
Bosnia and Herzegovina,BIH,Europe,Southern Europe,inform_severity,INFORM Severity,,,,2026-06,June 2026,higher_worse,TRUE,TRUE,65,,,,
Bosnia and Herzegovina,BIH,Europe,Southern Europe,underfunded_crisis,Underfunded Crisis Index,,,,2021-2025 cumulative,2025,lower_worse,TRUE,TRUE,27,,,,
Bosnia and Herzegovina,BIH,Europe,Southern Europe,oecd_fragility,OECD Multidimensional Fragility,,,,predominantly 2023,States of Fragility 2025,lower_worse,TRUE,TRUE,61,,,,
Bosnia and Herzegovina,BIH,Europe,Southern Europe,worldrisk,WorldRiskIndex,Bosnia and Herzegovina,2.49,,2025,2025,higher_worse,TRUE,TRUE,193,140,8,FALSE,FALSE
Bosnia and Herzegovina,BIH,Europe,Southern Europe,nd_gain,ND-GAIN Country Index,Bosnia and Herzegovina,49.9908399578699,,2024,2026 release,lower_worse,TRUE,TRUE,190,114,6,FALSE,FALSE
Bosnia and Herzegovina,BIH,Europe,Southern Europe,hdi,Human Development Index,Bosnia and Herzegovina,0.804,,2023,Human Development Report 2025,lower_worse,TRUE,TRUE,192,120,7,FALSE,FALSE
Bosnia and Herzegovina,BIH,Europe,Southern Europe,mpi,Multidimensional Poverty Index,,,,country-specific survey year,Global MPI 2025,higher_worse,TRUE,TRUE,109,,,,
Bosnia and Herzegovina,BIH,Europe,Southern Europe,ghi,Global Hunger Index,Bosnia & Herzegovina,,<5,2025,2025,higher_worse,TRUE,TRUE,98,,,,
Bosnia and Herzegovina,BIH,Europe,Southern Europe,ghs,Global Health Security Index,Bosnia and Hercegovina,35.4,,2021,2021,lower_worse,TRUE,TRUE,193,98,6,FALSE,FALSE
Bosnia and Herzegovina,BIH,Europe,Southern Europe,wps,"Women, Peace and Security Index",Bosnia and Herzegovina,0.753,,2025,2025/26,lower_worse,TRUE,TRUE,177,121,7,FALSE,FALSE
Bosnia and Herzegovina,BIH,Europe,Southern Europe,un_mvi,UN Multidimensional Vulnerability Index,,,,2023,High-Level Panel results,higher_worse,TRUE,TRUE,142,,,,
Bosnia and Herzegovina,BIH,Europe,Southern Europe,debt_distress,Debt-distress classification,,,,latest DSA as of 2026-03-31,31 March 2026,higher_worse,FALSE,FALSE,67,,,,
Bosnia and Herzegovina,BIH,Europe,Southern Europe,searo,Sexual Exploitation and Abuse Risk Overview,,,,December 2025,2026 v1.2,higher_worse,TRUE,TRUE,38,,,,
Bosnia and Herzegovina,BIH,Europe,Southern Europe,disaster_displacement,Disaster Displacement Risk Model,,,,current climate,GDRM 2.0,higher_worse,TRUE,TRUE,0,,,,
Bosnia and Herzegovina,BIH,Europe,Southern Europe,internal_displacement,Internal Displacement Index,,,,2022,IDI 2023 publication,lower_worse,TRUE,TRUE,44,,,,
Botswana,BWA,Africa,Sub-Saharan Africa,inform_risk,INFORM Risk,Botswana,3.3,,2026,2026 v0.7.2,higher_worse,TRUE,TRUE,191,110,6,FALSE,FALSE
Botswana,BWA,Africa,Sub-Saharan Africa,inform_severity,INFORM Severity,,,,2026-06,June 2026,higher_worse,TRUE,TRUE,65,,,,
Botswana,BWA,Africa,Sub-Saharan Africa,underfunded_crisis,Underfunded Crisis Index,,,,2021-2025 cumulative,2025,lower_worse,TRUE,TRUE,27,,,,
Botswana,BWA,Africa,Sub-Saharan Africa,oecd_fragility,OECD Multidimensional Fragility,,,,predominantly 2023,States of Fragility 2025,lower_worse,TRUE,TRUE,61,,,,
Botswana,BWA,Africa,Sub-Saharan Africa,worldrisk,WorldRiskIndex,Botswana,1.25,,2025,2025,higher_worse,TRUE,TRUE,193,172,9,FALSE,FALSE
Botswana,BWA,Africa,Sub-Saharan Africa,nd_gain,ND-GAIN Country Index,Botswana,44.9869075517993,,2024,2026 release,lower_worse,TRUE,TRUE,190,80,5,FALSE,FALSE
Botswana,BWA,Africa,Sub-Saharan Africa,hdi,Human Development Index,Botswana,0.731,,2023,Human Development Report 2025,lower_worse,TRUE,TRUE,192,82,5,FALSE,FALSE
Botswana,BWA,Africa,Sub-Saharan Africa,mpi,Multidimensional Poverty Index,Botswana,0.072638699,,2015/2016 N,Global MPI 2025,higher_worse,TRUE,TRUE,109,49,5,FALSE,FALSE
Botswana,BWA,Africa,Sub-Saharan Africa,ghi,Global Hunger Index,Botswana,21.8,21.8,2025,2025,higher_worse,TRUE,TRUE,98,31,4,FALSE,FALSE
Botswana,BWA,Africa,Sub-Saharan Africa,ghs,Global Health Security Index,Botswana,33.6,,2021,2021,lower_worse,TRUE,TRUE,193,85,5,FALSE,FALSE
Botswana,BWA,Africa,Sub-Saharan Africa,wps,"Women, Peace and Security Index",Botswana,0.658,,2025,2025/26,lower_worse,TRUE,TRUE,177,73,5,FALSE,FALSE
Botswana,BWA,Africa,Sub-Saharan Africa,un_mvi,UN Multidimensional Vulnerability Index,Botswana,64.2,,2023,High-Level Panel results,higher_worse,TRUE,TRUE,142,13,1,TRUE,TRUE
Botswana,BWA,Africa,Sub-Saharan Africa,debt_distress,Debt-distress classification,,,,latest DSA as of 2026-03-31,31 March 2026,higher_worse,FALSE,FALSE,67,,,,
Botswana,BWA,Africa,Sub-Saharan Africa,searo,Sexual Exploitation and Abuse Risk Overview,,,,December 2025,2026 v1.2,higher_worse,TRUE,TRUE,38,,,,
Botswana,BWA,Africa,Sub-Saharan Africa,disaster_displacement,Disaster Displacement Risk Model,,,,current climate,GDRM 2.0,higher_worse,TRUE,TRUE,0,,,,
Botswana,BWA,Africa,Sub-Saharan Africa,internal_displacement,Internal Displacement Index,,,,2022,IDI 2023 publication,lower_worse,TRUE,TRUE,44,,,,
Brazil,BRA,Americas,Latin America and the Caribbean,inform_risk,INFORM Risk,Brazil,5.1,,2026,2026 v0.7.2,higher_worse,TRUE,TRUE,191,54,3,FALSE,FALSE
Brazil,BRA,Americas,Latin America and the Caribbean,inform_severity,INFORM Severity,Brazil,5.3,,2026-06,June 2026,higher_worse,TRUE,TRUE,65,49,8,FALSE,FALSE
Brazil,BRA,Americas,Latin America and the Caribbean,underfunded_crisis,Underfunded Crisis Index,,,,2021-2025 cumulative,2025,lower_worse,TRUE,TRUE,27,,,,
Brazil,BRA,Americas,Latin America and the Caribbean,oecd_fragility,OECD Multidimensional Fragility,,,,predominantly 2023,States of Fragility 2025,lower_worse,TRUE,TRUE,61,,,,
Brazil,BRA,Americas,Latin America and the Caribbean,worldrisk,WorldRiskIndex,Brazil,13.8,,2025,2025,higher_worse,TRUE,TRUE,193,39,2,FALSE,TRUE
Brazil,BRA,Americas,Latin America and the Caribbean,nd_gain,ND-GAIN Country Index,Brazil,50.7341623497791,,2024,2026 release,lower_worse,TRUE,TRUE,190,119,7,FALSE,FALSE
Brazil,BRA,Americas,Latin America and the Caribbean,hdi,Human Development Index,Brazil,0.786,,2023,Human Development Report 2025,lower_worse,TRUE,TRUE,192,109,6,FALSE,FALSE
Brazil,BRA,Americas,Latin America and the Caribbean,mpi,Multidimensional Poverty Index,Brazil,0.016346041,,2015 N,Global MPI 2025,higher_worse,TRUE,TRUE,109,73,7,FALSE,FALSE
Brazil,BRA,Americas,Latin America and the Caribbean,ghi,Global Hunger Index,Brazil,6.4,6.4,2025,2025,higher_worse,TRUE,TRUE,98,88,9,FALSE,FALSE
Brazil,BRA,Americas,Latin America and the Caribbean,ghs,Global Health Security Index,Brazil,51.2,,2021,2021,lower_worse,TRUE,TRUE,193,151,8,FALSE,FALSE
Brazil,BRA,Americas,Latin America and the Caribbean,wps,"Women, Peace and Security Index",Brazil,0.632,,2025,2025/26,lower_worse,TRUE,TRUE,177,63,4,FALSE,FALSE
Brazil,BRA,Americas,Latin America and the Caribbean,un_mvi,UN Multidimensional Vulnerability Index,Brazil,41.1,,2023,High-Level Panel results,higher_worse,TRUE,TRUE,142,134,10,FALSE,FALSE
Brazil,BRA,Americas,Latin America and the Caribbean,debt_distress,Debt-distress classification,,,,latest DSA as of 2026-03-31,31 March 2026,higher_worse,FALSE,FALSE,67,,,,
Brazil,BRA,Americas,Latin America and the Caribbean,searo,Sexual Exploitation and Abuse Risk Overview,,,,December 2025,2026 v1.2,higher_worse,TRUE,TRUE,38,,,,
Brazil,BRA,Americas,Latin America and the Caribbean,disaster_displacement,Disaster Displacement Risk Model,,,,current climate,GDRM 2.0,higher_worse,TRUE,TRUE,0,,,,
Brazil,BRA,Americas,Latin America and the Caribbean,internal_displacement,Internal Displacement Index,,,,2022,IDI 2023 publication,lower_worse,TRUE,TRUE,44,,,,
Brunei Darussalam,BRN,Asia,South-eastern Asia,inform_risk,INFORM Risk,Brunei Darussalam,2.3,,2026,2026 v0.7.2,higher_worse,TRUE,TRUE,191,159,9,FALSE,FALSE
Brunei Darussalam,BRN,Asia,South-eastern Asia,inform_severity,INFORM Severity,,,,2026-06,June 2026,higher_worse,TRUE,TRUE,65,,,,
Brunei Darussalam,BRN,Asia,South-eastern Asia,underfunded_crisis,Underfunded Crisis Index,,,,2021-2025 cumulative,2025,lower_worse,TRUE,TRUE,27,,,,
Brunei Darussalam,BRN,Asia,South-eastern Asia,oecd_fragility,OECD Multidimensional Fragility,,,,predominantly 2023,States of Fragility 2025,lower_worse,TRUE,TRUE,61,,,,
Brunei Darussalam,BRN,Asia,South-eastern Asia,worldrisk,WorldRiskIndex,Brunei Darussalam,1.31,,2025,2025,higher_worse,TRUE,TRUE,193,168,9,FALSE,FALSE
Brunei Darussalam,BRN,Asia,South-eastern Asia,nd_gain,ND-GAIN Country Index,Brunei Darussalam,49.6410101353225,,2024,2026 release,lower_worse,TRUE,TRUE,190,111,6,FALSE,FALSE
Brunei Darussalam,BRN,Asia,South-eastern Asia,hdi,Human Development Index,Brunei Darussalam,0.837,,2023,Human Development Report 2025,lower_worse,TRUE,TRUE,192,133,7,FALSE,FALSE
Brunei Darussalam,BRN,Asia,South-eastern Asia,mpi,Multidimensional Poverty Index,,,,country-specific survey year,Global MPI 2025,higher_worse,TRUE,TRUE,109,,,,
Brunei Darussalam,BRN,Asia,South-eastern Asia,ghi,Global Hunger Index,,,,2025,2025,higher_worse,TRUE,TRUE,98,,,,
Brunei Darussalam,BRN,Asia,South-eastern Asia,ghs,Global Health Security Index,Brunei,43.5,,2021,2021,lower_worse,TRUE,TRUE,193,130,7,FALSE,FALSE
Brunei Darussalam,BRN,Asia,South-eastern Asia,wps,"Women, Peace and Security Index",,,,2025,2025/26,lower_worse,TRUE,TRUE,177,,,,
Brunei Darussalam,BRN,Asia,South-eastern Asia,un_mvi,UN Multidimensional Vulnerability Index,Brunei Darussalam,52.9,,2023,High-Level Panel results,higher_worse,TRUE,TRUE,142,71,5,FALSE,FALSE
Brunei Darussalam,BRN,Asia,South-eastern Asia,debt_distress,Debt-distress classification,,,,latest DSA as of 2026-03-31,31 March 2026,higher_worse,FALSE,FALSE,67,,,,
Brunei Darussalam,BRN,Asia,South-eastern Asia,searo,Sexual Exploitation and Abuse Risk Overview,,,,December 2025,2026 v1.2,higher_worse,TRUE,TRUE,38,,,,
Brunei Darussalam,BRN,Asia,South-eastern Asia,disaster_displacement,Disaster Displacement Risk Model,,,,current climate,GDRM 2.0,higher_worse,TRUE,TRUE,0,,,,
Brunei Darussalam,BRN,Asia,South-eastern Asia,internal_displacement,Internal Displacement Index,,,,2022,IDI 2023 publication,lower_worse,TRUE,TRUE,44,,,,
Bulgaria,BGR,Europe,Eastern Europe,inform_risk,INFORM Risk,Bulgaria,2.6,,2026,2026 v0.7.2,higher_worse,TRUE,TRUE,191,138,8,FALSE,FALSE
Bulgaria,BGR,Europe,Eastern Europe,inform_severity,INFORM Severity,,,,2026-06,June 2026,higher_worse,TRUE,TRUE,65,,,,
Bulgaria,BGR,Europe,Eastern Europe,underfunded_crisis,Underfunded Crisis Index,,,,2021-2025 cumulative,2025,lower_worse,TRUE,TRUE,27,,,,
Bulgaria,BGR,Europe,Eastern Europe,oecd_fragility,OECD Multidimensional Fragility,,,,predominantly 2023,States of Fragility 2025,lower_worse,TRUE,TRUE,61,,,,
Bulgaria,BGR,Europe,Eastern Europe,worldrisk,WorldRiskIndex,Bulgaria,2.23,,2025,2025,higher_worse,TRUE,TRUE,193,148,8,FALSE,FALSE
Bulgaria,BGR,Europe,Eastern Europe,nd_gain,ND-GAIN Country Index,Bulgaria,56.2547705636806,,2024,2026 release,lower_worse,TRUE,TRUE,190,145,8,FALSE,FALSE
Bulgaria,BGR,Europe,Eastern Europe,hdi,Human Development Index,Bulgaria,0.845,,2023,Human Development Report 2025,lower_worse,TRUE,TRUE,192,138,8,FALSE,FALSE
Bulgaria,BGR,Europe,Eastern Europe,mpi,Multidimensional Poverty Index,,,,country-specific survey year,Global MPI 2025,higher_worse,TRUE,TRUE,109,,,,
Bulgaria,BGR,Europe,Eastern Europe,ghi,Global Hunger Index,Bulgaria,,<5,2025,2025,higher_worse,TRUE,TRUE,98,,,,
Bulgaria,BGR,Europe,Eastern Europe,ghs,Global Health Security Index,Bulgaria,59.9,,2021,2021,lower_worse,TRUE,TRUE,193,174,9,FALSE,FALSE
Bulgaria,BGR,Europe,Eastern Europe,wps,"Women, Peace and Security Index",Bulgaria,0.814,,2025,2025/26,lower_worse,TRUE,TRUE,177,141,8,FALSE,FALSE
Bulgaria,BGR,Europe,Eastern Europe,un_mvi,UN Multidimensional Vulnerability Index,,,,2023,High-Level Panel results,higher_worse,TRUE,TRUE,142,,,,
Bulgaria,BGR,Europe,Eastern Europe,debt_distress,Debt-distress classification,,,,latest DSA as of 2026-03-31,31 March 2026,higher_worse,FALSE,FALSE,67,,,,
Bulgaria,BGR,Europe,Eastern Europe,searo,Sexual Exploitation and Abuse Risk Overview,,,,December 2025,2026 v1.2,higher_worse,TRUE,TRUE,38,,,,
Bulgaria,BGR,Europe,Eastern Europe,disaster_displacement,Disaster Displacement Risk Model,,,,current climate,GDRM 2.0,higher_worse,TRUE,TRUE,0,,,,
Bulgaria,BGR,Europe,Eastern Europe,internal_displacement,Internal Displacement Index,,,,2022,IDI 2023 publication,lower_worse,TRUE,TRUE,44,,,,
Burkina Faso,BFA,Africa,Sub-Saharan Africa,inform_risk,INFORM Risk,Burkina Faso,7.2,,2026,2026 v0.7.2,higher_worse,TRUE,TRUE,191,12,1,TRUE,TRUE
Burkina Faso,BFA,Africa,Sub-Saharan Africa,inform_severity,INFORM Severity,Burkina Faso,8.3,,2026-06,June 2026,higher_worse,TRUE,TRUE,65,17,3,FALSE,FALSE
Burkina Faso,BFA,Africa,Sub-Saharan Africa,underfunded_crisis,Underfunded Crisis Index,Burkina Faso,47.0282938,47.0%,2021-2025 cumulative,2025,lower_worse,TRUE,TRUE,27,9,3,FALSE,FALSE
Burkina Faso,BFA,Africa,Sub-Saharan Africa,oecd_fragility,OECD Multidimensional Fragility,Burkina Faso,-2.28659364244036,,predominantly 2023,States of Fragility 2025,lower_worse,TRUE,TRUE,61,30,5,FALSE,FALSE
Burkina Faso,BFA,Africa,Sub-Saharan Africa,worldrisk,WorldRiskIndex,Burkina Faso,2.04,,2025,2025,higher_worse,TRUE,TRUE,193,152,8,FALSE,FALSE
Burkina Faso,BFA,Africa,Sub-Saharan Africa,nd_gain,ND-GAIN Country Index,Burkina Faso,37.3845357121768,,2024,2026 release,lower_worse,TRUE,TRUE,190,33,2,FALSE,TRUE
Burkina Faso,BFA,Africa,Sub-Saharan Africa,hdi,Human Development Index,Burkina Faso,0.459,,2023,Human Development Report 2025,lower_worse,TRUE,TRUE,192,8,1,TRUE,TRUE
Burkina Faso,BFA,Africa,Sub-Saharan Africa,mpi,Multidimensional Poverty Index,Burkina Faso,0.342892,,2021 D,Global MPI 2025,higher_worse,TRUE,TRUE,109,10,1,TRUE,TRUE
Burkina Faso,BFA,Africa,Sub-Saharan Africa,ghi,Global Hunger Index,Burkina Faso,22.9,22.9,2025,2025,higher_worse,TRUE,TRUE,98,26,3,FALSE,FALSE
Burkina Faso,BFA,Africa,Sub-Saharan Africa,ghs,Global Health Security Index,Burkina Faso,29.8,,2021,2021,lower_worse,TRUE,TRUE,193,56,3,FALSE,FALSE
Burkina Faso,BFA,Africa,Sub-Saharan Africa,wps,"Women, Peace and Security Index",Burkina Faso,0.507,,2025,2025/26,lower_worse,TRUE,TRUE,177,21,2,FALSE,TRUE
Burkina Faso,BFA,Africa,Sub-Saharan Africa,un_mvi,UN Multidimensional Vulnerability Index,Burkina Faso,58.1,,2023,High-Level Panel results,higher_worse,TRUE,TRUE,142,42,3,FALSE,FALSE
Burkina Faso,BFA,Africa,Sub-Saharan Africa,debt_distress,Debt-distress classification,Burkina Faso,2,Moderate,3/23/2026,31 March 2026,higher_worse,FALSE,FALSE,67,,,,
Burkina Faso,BFA,Africa,Sub-Saharan Africa,searo,Sexual Exploitation and Abuse Risk Overview,Burkina Faso,5.78452607377735,,December 2025,2026 v1.2,higher_worse,TRUE,TRUE,38,24,7,FALSE,FALSE
Burkina Faso,BFA,Africa,Sub-Saharan Africa,disaster_displacement,Disaster Displacement Risk Model,,,,current climate,GDRM 2.0,higher_worse,TRUE,TRUE,0,,,,
Burkina Faso,BFA,Africa,Sub-Saharan Africa,internal_displacement,Internal Displacement Index,Burkina Faso,0.7721651798501777,,2022,IDI 2023 publication,lower_worse,TRUE,TRUE,44,31,7,FALSE,FALSE
Burundi,BDI,Africa,Sub-Saharan Africa,inform_risk,INFORM Risk,Burundi,6.4,,2026,2026 v0.7.2,higher_worse,TRUE,TRUE,191,21,2,FALSE,TRUE
Burundi,BDI,Africa,Sub-Saharan Africa,inform_severity,INFORM Severity,Burundi,4.9,,2026-06,June 2026,higher_worse,TRUE,TRUE,65,52,8,FALSE,FALSE
Burundi,BDI,Africa,Sub-Saharan Africa,underfunded_crisis,Underfunded Crisis Index,,,,2021-2025 cumulative,2025,lower_worse,TRUE,TRUE,27,,,,
Burundi,BDI,Africa,Sub-Saharan Africa,oecd_fragility,OECD Multidimensional Fragility,Burundi,-3.13496320918022,,predominantly 2023,States of Fragility 2025,lower_worse,TRUE,TRUE,61,12,2,FALSE,TRUE
Burundi,BDI,Africa,Sub-Saharan Africa,worldrisk,WorldRiskIndex,Burundi,3.04,,2025,2025,higher_worse,TRUE,TRUE,193,120,7,FALSE,FALSE
Burundi,BDI,Africa,Sub-Saharan Africa,nd_gain,ND-GAIN Country Index,Burundi,31.9629284177741,,2024,2026 release,lower_worse,TRUE,TRUE,190,9,1,TRUE,TRUE
Burundi,BDI,Africa,Sub-Saharan Africa,hdi,Human Development Index,Burundi,0.439,,2023,Human Development Report 2025,lower_worse,TRUE,TRUE,192,7,1,TRUE,TRUE
Burundi,BDI,Africa,Sub-Saharan Africa,mpi,Multidimensional Poverty Index,Burundi,0.408861094,,2016/2017 D,Global MPI 2025,higher_worse,TRUE,TRUE,109,4,1,TRUE,TRUE
Burundi,BDI,Africa,Sub-Saharan Africa,ghi,Global Hunger Index,Burundi,,35–49.9*,2025,2025,higher_worse,TRUE,TRUE,98,,,,
Burundi,BDI,Africa,Sub-Saharan Africa,ghs,Global Health Security Index,Burundi,22.1,,2021,2021,lower_worse,TRUE,TRUE,193,14,1,TRUE,TRUE
Burundi,BDI,Africa,Sub-Saharan Africa,wps,"Women, Peace and Security Index",Burundi,0.407,,2025,2025/26,lower_worse,TRUE,TRUE,177,8,1,TRUE,TRUE
Burundi,BDI,Africa,Sub-Saharan Africa,un_mvi,UN Multidimensional Vulnerability Index,Burundi,61.7,,2023,High-Level Panel results,higher_worse,TRUE,TRUE,142,23,2,FALSE,TRUE
Burundi,BDI,Africa,Sub-Saharan Africa,debt_distress,Debt-distress classification,Burundi,3,High,7/25/2023,31 March 2026,higher_worse,FALSE,FALSE,67,,,,
Burundi,BDI,Africa,Sub-Saharan Africa,searo,Sexual Exploitation and Abuse Risk Overview,Burundi,5.9211224744397795,,December 2025,2026 v1.2,higher_worse,TRUE,TRUE,38,19,5,FALSE,FALSE
Burundi,BDI,Africa,Sub-Saharan Africa,disaster_displacement,Disaster Displacement Risk Model,,,,current climate,GDRM 2.0,higher_worse,TRUE,TRUE,0,,,,
Burundi,BDI,Africa,Sub-Saharan Africa,internal_displacement,Internal Displacement Index,Burundi,0.7913237435796315,,2022,IDI 2023 publication,lower_worse,TRUE,TRUE,44,36,8,FALSE,FALSE
Cambodia,KHM,Asia,South-eastern Asia,inform_risk,INFORM Risk,Cambodia,5.1,,2026,2026 v0.7.2,higher_worse,TRUE,TRUE,191,54,3,FALSE,FALSE
Cambodia,KHM,Asia,South-eastern Asia,inform_severity,INFORM Severity,,,,2026-06,June 2026,higher_worse,TRUE,TRUE,65,,,,
Cambodia,KHM,Asia,South-eastern Asia,underfunded_crisis,Underfunded Crisis Index,,,,2021-2025 cumulative,2025,lower_worse,TRUE,TRUE,27,,,,
Cambodia,KHM,Asia,South-eastern Asia,oecd_fragility,OECD Multidimensional Fragility,Cambodia,-1.86507713521552,,predominantly 2023,States of Fragility 2025,lower_worse,TRUE,TRUE,61,42,7,FALSE,FALSE
Cambodia,KHM,Asia,South-eastern Asia,worldrisk,WorldRiskIndex,Cambodia,8.14,,2025,2025,higher_worse,TRUE,TRUE,193,64,4,FALSE,FALSE
Cambodia,KHM,Asia,South-eastern Asia,nd_gain,ND-GAIN Country Index,Cambodia,42.4479120334607,,2024,2026 release,lower_worse,TRUE,TRUE,190,64,4,FALSE,FALSE
Cambodia,KHM,Asia,South-eastern Asia,hdi,Human Development Index,Cambodia,0.606,,2023,Human Development Report 2025,lower_worse,TRUE,TRUE,192,43,3,FALSE,FALSE
Cambodia,KHM,Asia,South-eastern Asia,mpi,Multidimensional Poverty Index,Cambodia,0.070367915,,2021/2022 D,Global MPI 2025,higher_worse,TRUE,TRUE,109,50,5,FALSE,FALSE
Cambodia,KHM,Asia,South-eastern Asia,ghi,Global Hunger Index,Cambodia,14.9,14.9,2025,2025,higher_worse,TRUE,TRUE,98,51,6,FALSE,FALSE
Cambodia,KHM,Asia,South-eastern Asia,ghs,Global Health Security Index,Cambodia,31.1,,2021,2021,lower_worse,TRUE,TRUE,193,68,4,FALSE,FALSE
Cambodia,KHM,Asia,South-eastern Asia,wps,"Women, Peace and Security Index",Cambodia,0.667,,2025,2025/26,lower_worse,TRUE,TRUE,177,77,5,FALSE,FALSE
Cambodia,KHM,Asia,South-eastern Asia,un_mvi,UN Multidimensional Vulnerability Index,Cambodia,49,,2023,High-Level Panel results,higher_worse,TRUE,TRUE,142,89,7,FALSE,FALSE
Cambodia,KHM,Asia,South-eastern Asia,debt_distress,Debt-distress classification,Cambodia,1,Low,12/2/2025,31 March 2026,higher_worse,FALSE,FALSE,67,,,,
Cambodia,KHM,Asia,South-eastern Asia,searo,Sexual Exploitation and Abuse Risk Overview,,,,December 2025,2026 v1.2,higher_worse,TRUE,TRUE,38,,,,
Cambodia,KHM,Asia,South-eastern Asia,disaster_displacement,Disaster Displacement Risk Model,,,,current climate,GDRM 2.0,higher_worse,TRUE,TRUE,0,,,,
Cambodia,KHM,Asia,South-eastern Asia,internal_displacement,Internal Displacement Index,,,,2022,IDI 2023 publication,lower_worse,TRUE,TRUE,44,,,,
Cameroon,CMR,Africa,Sub-Saharan Africa,inform_risk,INFORM Risk,Cameroon,6.8,,2026,2026 v0.7.2,higher_worse,TRUE,TRUE,191,18,1,TRUE,TRUE
Cameroon,CMR,Africa,Sub-Saharan Africa,inform_severity,INFORM Severity,Cameroon,8.2,,2026-06,June 2026,higher_worse,TRUE,TRUE,65,19,3,FALSE,FALSE
Cameroon,CMR,Africa,Sub-Saharan Africa,underfunded_crisis,Underfunded Crisis Index,Cameroon,47.476237,47.5%,2021-2025 cumulative,2025,lower_worse,TRUE,TRUE,27,10,4,FALSE,FALSE
Cameroon,CMR,Africa,Sub-Saharan Africa,oecd_fragility,OECD Multidimensional Fragility,Cameroon,-2.75085698401302,,predominantly 2023,States of Fragility 2025,lower_worse,TRUE,TRUE,61,18,3,FALSE,FALSE
Cameroon,CMR,Africa,Sub-Saharan Africa,worldrisk,WorldRiskIndex,Cameroon,11.19,,2025,2025,higher_worse,TRUE,TRUE,193,48,3,FALSE,FALSE
Cameroon,CMR,Africa,Sub-Saharan Africa,nd_gain,ND-GAIN Country Index,Cameroon,39.897535799787,,2024,2026 release,lower_worse,TRUE,TRUE,190,47,3,FALSE,FALSE
Cameroon,CMR,Africa,Sub-Saharan Africa,hdi,Human Development Index,Cameroon,0.588,,2023,Human Development Report 2025,lower_worse,TRUE,TRUE,192,39,2,FALSE,TRUE
Cameroon,CMR,Africa,Sub-Saharan Africa,mpi,Multidimensional Poverty Index,Cameroon,0.232060113,,2018 D,Global MPI 2025,higher_worse,TRUE,TRUE,109,22,2,FALSE,TRUE
Cameroon,CMR,Africa,Sub-Saharan Africa,ghi,Global Hunger Index,Cameroon,17.1,17.1,2025,2025,higher_worse,TRUE,TRUE,98,46,5,FALSE,FALSE
Cameroon,CMR,Africa,Sub-Saharan Africa,ghs,Global Health Security Index,Cameroon,28.6,,2021,2021,lower_worse,TRUE,TRUE,193,45,3,FALSE,FALSE
Cameroon,CMR,Africa,Sub-Saharan Africa,wps,"Women, Peace and Security Index",Cameroon,0.451,,2025,2025/26,lower_worse,TRUE,TRUE,177,11,1,TRUE,TRUE
Cameroon,CMR,Africa,Sub-Saharan Africa,un_mvi,UN Multidimensional Vulnerability Index,Cameroon,44.8,,2023,High-Level Panel results,higher_worse,TRUE,TRUE,142,114,8,FALSE,FALSE
Cameroon,CMR,Africa,Sub-Saharan Africa,debt_distress,Debt-distress classification,Cameroon,3,High,3/24/2025,31 March 2026,higher_worse,FALSE,FALSE,67,,,,
Cameroon,CMR,Africa,Sub-Saharan Africa,searo,Sexual Exploitation and Abuse Risk Overview,Cameroon,5.866293090132865,,December 2025,2026 v1.2,higher_worse,TRUE,TRUE,38,22,6,FALSE,FALSE
Cameroon,CMR,Africa,Sub-Saharan Africa,disaster_displacement,Disaster Displacement Risk Model,,,,current climate,GDRM 2.0,higher_worse,TRUE,TRUE,0,,,,
Cameroon,CMR,Africa,Sub-Saharan Africa,internal_displacement,Internal Displacement Index,Cameroon,0.7490420365613818,,2022,IDI 2023 publication,lower_worse,TRUE,TRUE,44,25,6,FALSE,FALSE
Canada,CAN,Americas,Northern America,inform_risk,INFORM Risk,Canada,2.8,,2026,2026 v0.7.2,higher_worse,TRUE,TRUE,191,130,7,FALSE,FALSE
Canada,CAN,Americas,Northern America,inform_severity,INFORM Severity,,,,2026-06,June 2026,higher_worse,TRUE,TRUE,65,,,,
Canada,CAN,Americas,Northern America,underfunded_crisis,Underfunded Crisis Index,,,,2021-2025 cumulative,2025,lower_worse,TRUE,TRUE,27,,,,
Canada,CAN,Americas,Northern America,oecd_fragility,OECD Multidimensional Fragility,,,,predominantly 2023,States of Fragility 2025,lower_worse,TRUE,TRUE,61,,,,
Canada,CAN,Americas,Northern America,worldrisk,WorldRiskIndex,Canada,19.88,,2025,2025,higher_worse,TRUE,TRUE,193,25,2,FALSE,TRUE
Canada,CAN,Americas,Northern America,nd_gain,ND-GAIN Country Index,Canada,68.0499815199613,,2024,2026 release,lower_worse,TRUE,TRUE,190,182,10,FALSE,FALSE
Canada,CAN,Americas,Northern America,hdi,Human Development Index,Canada,0.939,,2023,Human Development Report 2025,lower_worse,TRUE,TRUE,192,178,10,FALSE,FALSE
Canada,CAN,Americas,Northern America,mpi,Multidimensional Poverty Index,,,,country-specific survey year,Global MPI 2025,higher_worse,TRUE,TRUE,109,,,,
Canada,CAN,Americas,Northern America,ghi,Global Hunger Index,,,,2025,2025,higher_worse,TRUE,TRUE,98,,,,
Canada,CAN,Americas,Northern America,ghs,Global Health Security Index,Canada,69.8,,2021,2021,lower_worse,TRUE,TRUE,193,190,10,FALSE,FALSE
Canada,CAN,Americas,Northern America,wps,"Women, Peace and Security Index",Canada,0.885,,2025,2025/26,lower_worse,TRUE,TRUE,177,162,10,FALSE,FALSE
Canada,CAN,Americas,Northern America,un_mvi,UN Multidimensional Vulnerability Index,,,,2023,High-Level Panel results,higher_worse,TRUE,TRUE,142,,,,
Canada,CAN,Americas,Northern America,debt_distress,Debt-distress classification,,,,latest DSA as of 2026-03-31,31 March 2026,higher_worse,FALSE,FALSE,67,,,,
Canada,CAN,Americas,Northern America,searo,Sexual Exploitation and Abuse Risk Overview,,,,December 2025,2026 v1.2,higher_worse,TRUE,TRUE,38,,,,
Canada,CAN,Americas,Northern America,disaster_displacement,Disaster Displacement Risk Model,,,,current climate,GDRM 2.0,higher_worse,TRUE,TRUE,0,,,,
Canada,CAN,Americas,Northern America,internal_displacement,Internal Displacement Index,,,,2022,IDI 2023 publication,lower_worse,TRUE,TRUE,44,,,,
Cape Verde,CPV,Africa,Sub-Saharan Africa,inform_risk,INFORM Risk,Cabo Verde,2.6,,2026,2026 v0.7.2,higher_worse,TRUE,TRUE,191,138,8,FALSE,FALSE
Cape Verde,CPV,Africa,Sub-Saharan Africa,inform_severity,INFORM Severity,,,,2026-06,June 2026,higher_worse,TRUE,TRUE,65,,,,
Cape Verde,CPV,Africa,Sub-Saharan Africa,underfunded_crisis,Underfunded Crisis Index,,,,2021-2025 cumulative,2025,lower_worse,TRUE,TRUE,27,,,,
Cape Verde,CPV,Africa,Sub-Saharan Africa,oecd_fragility,OECD Multidimensional Fragility,,,,predominantly 2023,States of Fragility 2025,lower_worse,TRUE,TRUE,61,,,,
Cape Verde,CPV,Africa,Sub-Saharan Africa,worldrisk,WorldRiskIndex,Cape Verde,1.16,,2025,2025,higher_worse,TRUE,TRUE,193,175,10,FALSE,FALSE
Cape Verde,CPV,Africa,Sub-Saharan Africa,nd_gain,ND-GAIN Country Index,Cape Verde,45.1472624977326,,2024,2026 release,lower_worse,TRUE,TRUE,190,83,5,FALSE,FALSE
Cape Verde,CPV,Africa,Sub-Saharan Africa,hdi,Human Development Index,Cabo Verde,0.668,,2023,Human Development Report 2025,lower_worse,TRUE,TRUE,192,59,4,FALSE,FALSE
Cape Verde,CPV,Africa,Sub-Saharan Africa,mpi,Multidimensional Poverty Index,,,,country-specific survey year,Global MPI 2025,higher_worse,TRUE,TRUE,109,,,,
Cape Verde,CPV,Africa,Sub-Saharan Africa,ghi,Global Hunger Index,Cabo Verde,9.4,9.4,2025,2025,higher_worse,TRUE,TRUE,98,76,8,FALSE,FALSE
Cape Verde,CPV,Africa,Sub-Saharan Africa,ghs,Global Health Security Index,Cabo Verde,34.1,,2021,2021,lower_worse,TRUE,TRUE,193,88,5,FALSE,FALSE
Cape Verde,CPV,Africa,Sub-Saharan Africa,wps,"Women, Peace and Security Index",Cabo Verde,0.741,,2025,2025/26,lower_worse,TRUE,TRUE,177,118,7,FALSE,FALSE
Cape Verde,CPV,Africa,Sub-Saharan Africa,un_mvi,UN Multidimensional Vulnerability Index,Cabo Verde,60.5,,2023,High-Level Panel results,higher_worse,TRUE,TRUE,142,29,2,FALSE,TRUE
Cape Verde,CPV,Africa,Sub-Saharan Africa,debt_distress,Debt-distress classification,Cabo Verde,2,Moderate,2/26/2026,31 March 2026,higher_worse,FALSE,FALSE,67,,,,
Cape Verde,CPV,Africa,Sub-Saharan Africa,searo,Sexual Exploitation and Abuse Risk Overview,,,,December 2025,2026 v1.2,higher_worse,TRUE,TRUE,38,,,,
Cape Verde,CPV,Africa,Sub-Saharan Africa,disaster_displacement,Disaster Displacement Risk Model,,,,current climate,GDRM 2.0,higher_worse,TRUE,TRUE,0,,,,
Cape Verde,CPV,Africa,Sub-Saharan Africa,internal_displacement,Internal Displacement Index,,,,2022,IDI 2023 publication,lower_worse,TRUE,TRUE,44,,,,
Central African Republic,CAF,Africa,Sub-Saharan Africa,inform_risk,INFORM Risk,Central African Republic,7.6,,2026,2026 v0.7.2,higher_worse,TRUE,TRUE,191,9,1,TRUE,TRUE
Central African Republic,CAF,Africa,Sub-Saharan Africa,inform_severity,INFORM Severity,CAR,8.1,,2026-06,June 2026,higher_worse,TRUE,TRUE,65,20,3,FALSE,FALSE
Central African Republic,CAF,Africa,Sub-Saharan Africa,underfunded_crisis,Underfunded Crisis Index,Central African Republic,77.15840440000001,77.2%,2021-2025 cumulative,2025,lower_worse,TRUE,TRUE,27,24,9,FALSE,FALSE
Central African Republic,CAF,Africa,Sub-Saharan Africa,oecd_fragility,OECD Multidimensional Fragility,Central African Republic (the),-4.05336651683895,,predominantly 2023,States of Fragility 2025,lower_worse,TRUE,TRUE,61,6,1,TRUE,TRUE
Central African Republic,CAF,Africa,Sub-Saharan Africa,worldrisk,WorldRiskIndex,Central African Republic,3.41,,2025,2025,higher_worse,TRUE,TRUE,193,107,6,FALSE,FALSE
Central African Republic,CAF,Africa,Sub-Saharan Africa,nd_gain,ND-GAIN Country Index,Central African Republic,27.4280077188519,,2024,2026 release,lower_worse,TRUE,TRUE,190,4,1,TRUE,TRUE
Central African Republic,CAF,Africa,Sub-Saharan Africa,hdi,Human Development Index,Central African Republic,0.414,,2023,Human Development Report 2025,lower_worse,TRUE,TRUE,192,3,1,TRUE,TRUE
Central African Republic,CAF,Africa,Sub-Saharan Africa,mpi,Multidimensional Poverty Index,Central African Republic,0.461347524,,2018/2019 M,Global MPI 2025,higher_worse,TRUE,TRUE,109,3,1,TRUE,TRUE
Central African Republic,CAF,Africa,Sub-Saharan Africa,ghi,Global Hunger Index,Central African Republic,33.4,33.4,2025,2025,higher_worse,TRUE,TRUE,98,8,1,TRUE,TRUE
Central African Republic,CAF,Africa,Sub-Saharan Africa,ghs,Global Health Security Index,Central African Republic,18.6,,2021,2021,lower_worse,TRUE,TRUE,193,7,1,TRUE,TRUE
Central African Republic,CAF,Africa,Sub-Saharan Africa,wps,"Women, Peace and Security Index",Central African Republic,0.362,,2025,2025/26,lower_worse,TRUE,TRUE,177,3,1,TRUE,TRUE
Central African Republic,CAF,Africa,Sub-Saharan Africa,un_mvi,UN Multidimensional Vulnerability Index,Central African Republic,52,,2023,High-Level Panel results,higher_worse,TRUE,TRUE,142,77,6,FALSE,FALSE
Central African Republic,CAF,Africa,Sub-Saharan Africa,debt_distress,Debt-distress classification,Central African Republic,3,High,6/23/2025,31 March 2026,higher_worse,FALSE,FALSE,67,,,,
Central African Republic,CAF,Africa,Sub-Saharan Africa,searo,Sexual Exploitation and Abuse Risk Overview,Central African Republic,6.386584010498504,,December 2025,2026 v1.2,higher_worse,TRUE,TRUE,38,13,4,FALSE,FALSE
Central African Republic,CAF,Africa,Sub-Saharan Africa,disaster_displacement,Disaster Displacement Risk Model,,,,current climate,GDRM 2.0,higher_worse,TRUE,TRUE,0,,,,
Central African Republic,CAF,Africa,Sub-Saharan Africa,internal_displacement,Internal Displacement Index,Central African Republic,0.6792874560241812,,2022,IDI 2023 publication,lower_worse,TRUE,TRUE,44,9,2,FALSE,TRUE
Chad,TCD,Africa,Sub-Saharan Africa,inform_risk,INFORM Risk,Chad,7.9,,2026,2026 v0.7.2,higher_worse,TRUE,TRUE,191,5,1,TRUE,TRUE
Chad,TCD,Africa,Sub-Saharan Africa,inform_severity,INFORM Severity,Chad,8.3,,2026-06,June 2026,higher_worse,TRUE,TRUE,65,17,3,FALSE,FALSE
Chad,TCD,Africa,Sub-Saharan Africa,underfunded_crisis,Underfunded Crisis Index,Chad,49.6548386,49.7%,2021-2025 cumulative,2025,lower_worse,TRUE,TRUE,27,12,5,FALSE,FALSE
Chad,TCD,Africa,Sub-Saharan Africa,oecd_fragility,OECD Multidimensional Fragility,Chad,-3.84558664245733,,predominantly 2023,States of Fragility 2025,lower_worse,TRUE,TRUE,61,7,1,TRUE,TRUE
Chad,TCD,Africa,Sub-Saharan Africa,worldrisk,WorldRiskIndex,Chad,2.91,,2025,2025,higher_worse,TRUE,TRUE,193,125,7,FALSE,FALSE
Chad,TCD,Africa,Sub-Saharan Africa,nd_gain,ND-GAIN Country Index,Chad,26.4154174433051,,2024,2026 release,lower_worse,TRUE,TRUE,190,1,1,TRUE,TRUE
Chad,TCD,Africa,Sub-Saharan Africa,hdi,Human Development Index,Chad,0.416,,2023,Human Development Report 2025,lower_worse,TRUE,TRUE,192,4,1,TRUE,TRUE
Chad,TCD,Africa,Sub-Saharan Africa,mpi,Multidimensional Poverty Index,Chad,0.517011207,,2019 M,Global MPI 2025,higher_worse,TRUE,TRUE,109,1,1,TRUE,TRUE
Chad,TCD,Africa,Sub-Saharan Africa,ghi,Global Hunger Index,Chad,34.8,34.8,2025,2025,higher_worse,TRUE,TRUE,98,6,1,TRUE,TRUE
Chad,TCD,Africa,Sub-Saharan Africa,ghs,Global Health Security Index,Chad,23.9,,2021,2021,lower_worse,TRUE,TRUE,193,16,1,TRUE,TRUE
Chad,TCD,Africa,Sub-Saharan Africa,wps,"Women, Peace and Security Index",Chad,0.476,,2025,2025/26,lower_worse,TRUE,TRUE,177,17,1,TRUE,TRUE
Chad,TCD,Africa,Sub-Saharan Africa,un_mvi,UN Multidimensional Vulnerability Index,Chad,69.4,,2023,High-Level Panel results,higher_worse,TRUE,TRUE,142,4,1,TRUE,TRUE
Chad,TCD,Africa,Sub-Saharan Africa,debt_distress,Debt-distress classification,Chad,3,High,8/13/2025,31 March 2026,higher_worse,FALSE,FALSE,67,,,,
Chad,TCD,Africa,Sub-Saharan Africa,searo,Sexual Exploitation and Abuse Risk Overview,Chad,6.18422651364169,,December 2025,2026 v1.2,higher_worse,TRUE,TRUE,38,14,4,FALSE,FALSE
Chad,TCD,Africa,Sub-Saharan Africa,disaster_displacement,Disaster Displacement Risk Model,,,,current climate,GDRM 2.0,higher_worse,TRUE,TRUE,0,,,,
Chad,TCD,Africa,Sub-Saharan Africa,internal_displacement,Internal Displacement Index,Chad,0.6827503544641654,,2022,IDI 2023 publication,lower_worse,TRUE,TRUE,44,11,3,FALSE,FALSE
Chile,CHL,Americas,Latin America and the Caribbean,inform_risk,INFORM Risk,Chile,3.3,,2026,2026 v0.7.2,higher_worse,TRUE,TRUE,191,110,6,FALSE,FALSE
Chile,CHL,Americas,Latin America and the Caribbean,inform_severity,INFORM Severity,Chile,5,,2026-06,June 2026,higher_worse,TRUE,TRUE,65,51,8,FALSE,FALSE
Chile,CHL,Americas,Latin America and the Caribbean,underfunded_crisis,Underfunded Crisis Index,,,,2021-2025 cumulative,2025,lower_worse,TRUE,TRUE,27,,,,
Chile,CHL,Americas,Latin America and the Caribbean,oecd_fragility,OECD Multidimensional Fragility,,,,predominantly 2023,States of Fragility 2025,lower_worse,TRUE,TRUE,61,,,,
Chile,CHL,Americas,Latin America and the Caribbean,worldrisk,WorldRiskIndex,Chile,14.27,,2025,2025,higher_worse,TRUE,TRUE,193,38,2,FALSE,TRUE
Chile,CHL,Americas,Latin America and the Caribbean,nd_gain,ND-GAIN Country Index,Chile,60.0737434832314,,2024,2026 release,lower_worse,TRUE,TRUE,190,157,9,FALSE,FALSE
Chile,CHL,Americas,Latin America and the Caribbean,hdi,Human Development Index,Chile,0.878,,2023,Human Development Report 2025,lower_worse,TRUE,TRUE,192,149,8,FALSE,FALSE
Chile,CHL,Americas,Latin America and the Caribbean,mpi,Multidimensional Poverty Index,,,,country-specific survey year,Global MPI 2025,higher_worse,TRUE,TRUE,109,,,,
Chile,CHL,Americas,Latin America and the Caribbean,ghi,Global Hunger Index,Chile,,<5,2025,2025,higher_worse,TRUE,TRUE,98,,,,
Chile,CHL,Americas,Latin America and the Caribbean,ghs,Global Health Security Index,Chile,56.2,,2021,2021,lower_worse,TRUE,TRUE,193,166,9,FALSE,FALSE
Chile,CHL,Americas,Latin America and the Caribbean,wps,"Women, Peace and Security Index",Chile,0.739,,2025,2025/26,lower_worse,TRUE,TRUE,177,114,7,FALSE,FALSE
Chile,CHL,Americas,Latin America and the Caribbean,un_mvi,UN Multidimensional Vulnerability Index,Chile,48.4,,2023,High-Level Panel results,higher_worse,TRUE,TRUE,142,92,7,FALSE,FALSE
Chile,CHL,Americas,Latin America and the Caribbean,debt_distress,Debt-distress classification,,,,latest DSA as of 2026-03-31,31 March 2026,higher_worse,FALSE,FALSE,67,,,,
Chile,CHL,Americas,Latin America and the Caribbean,searo,Sexual Exploitation and Abuse Risk Overview,,,,December 2025,2026 v1.2,higher_worse,TRUE,TRUE,38,,,,
Chile,CHL,Americas,Latin America and the Caribbean,disaster_displacement,Disaster Displacement Risk Model,,,,current climate,GDRM 2.0,higher_worse,TRUE,TRUE,0,,,,
Chile,CHL,Americas,Latin America and the Caribbean,internal_displacement,Internal Displacement Index,,,,2022,IDI 2023 publication,lower_worse,TRUE,TRUE,44,,,,
China,CHN,Asia,Eastern Asia,inform_risk,INFORM Risk,China,2.9,,2026,2026 v0.7.2,higher_worse,TRUE,TRUE,191,124,7,FALSE,FALSE
China,CHN,Asia,Eastern Asia,inform_severity,INFORM Severity,,,,2026-06,June 2026,higher_worse,TRUE,TRUE,65,,,,
China,CHN,Asia,Eastern Asia,underfunded_crisis,Underfunded Crisis Index,,,,2021-2025 cumulative,2025,lower_worse,TRUE,TRUE,27,,,,
China,CHN,Asia,Eastern Asia,oecd_fragility,OECD Multidimensional Fragility,,,,predominantly 2023,States of Fragility 2025,lower_worse,TRUE,TRUE,61,,,,
China,CHN,Asia,Eastern Asia,worldrisk,WorldRiskIndex,China,30.62,,2025,2025,higher_worse,TRUE,TRUE,193,9,1,TRUE,TRUE
China,CHN,Asia,Eastern Asia,nd_gain,ND-GAIN Country Index,China,53.0425382771277,,2024,2026 release,lower_worse,TRUE,TRUE,190,130,7,FALSE,FALSE
China,CHN,Asia,Eastern Asia,hdi,Human Development Index,China,0.797,,2023,Human Development Report 2025,lower_worse,TRUE,TRUE,192,116,6,FALSE,FALSE
China,CHN,Asia,Eastern Asia,mpi,Multidimensional Poverty Index,China,0.016066725,,2014 N,Global MPI 2025,higher_worse,TRUE,TRUE,109,74,7,FALSE,FALSE
China,CHN,Asia,Eastern Asia,ghi,Global Hunger Index,China,,<5,2025,2025,higher_worse,TRUE,TRUE,98,,,,
China,CHN,Asia,Eastern Asia,ghs,Global Health Security Index,China,47.5,,2021,2021,lower_worse,TRUE,TRUE,193,142,8,FALSE,FALSE
China,CHN,Asia,Eastern Asia,wps,"Women, Peace and Security Index",China,0.685,,2025,2025/26,lower_worse,TRUE,TRUE,177,89,5,FALSE,FALSE
China,CHN,Asia,Eastern Asia,un_mvi,UN Multidimensional Vulnerability Index,China,46.1,,2023,High-Level Panel results,higher_worse,TRUE,TRUE,142,107,8,FALSE,FALSE
China,CHN,Asia,Eastern Asia,debt_distress,Debt-distress classification,,,,latest DSA as of 2026-03-31,31 March 2026,higher_worse,FALSE,FALSE,67,,,,
China,CHN,Asia,Eastern Asia,searo,Sexual Exploitation and Abuse Risk Overview,,,,December 2025,2026 v1.2,higher_worse,TRUE,TRUE,38,,,,
China,CHN,Asia,Eastern Asia,disaster_displacement,Disaster Displacement Risk Model,,,,current climate,GDRM 2.0,higher_worse,TRUE,TRUE,0,,,,
China,CHN,Asia,Eastern Asia,internal_displacement,Internal Displacement Index,,,,2022,IDI 2023 publication,lower_worse,TRUE,TRUE,44,,,,
Colombia,COL,Americas,Latin America and the Caribbean,inform_risk,INFORM Risk,Colombia,5.3,,2026,2026 v0.7.2,higher_worse,TRUE,TRUE,191,46,3,FALSE,FALSE
Colombia,COL,Americas,Latin America and the Caribbean,inform_severity,INFORM Severity,Colombia,8.6,,2026-06,June 2026,higher_worse,TRUE,TRUE,65,11,2,FALSE,TRUE
Colombia,COL,Americas,Latin America and the Caribbean,underfunded_crisis,Underfunded Crisis Index,Colombia,43.1432086,43.1%,2021-2025 cumulative,2025,lower_worse,TRUE,TRUE,27,6,2,FALSE,TRUE
Colombia,COL,Americas,Latin America and the Caribbean,oecd_fragility,OECD Multidimensional Fragility,,,,predominantly 2023,States of Fragility 2025,lower_worse,TRUE,TRUE,61,,,,
Colombia,COL,Americas,Latin America and the Caribbean,worldrisk,WorldRiskIndex,Colombia,39.26,,2025,2025,higher_worse,TRUE,TRUE,193,4,1,TRUE,TRUE
Colombia,COL,Americas,Latin America and the Caribbean,nd_gain,ND-GAIN Country Index,Colombia,50.4540648013757,,2024,2026 release,lower_worse,TRUE,TRUE,190,117,7,FALSE,FALSE
Colombia,COL,Americas,Latin America and the Caribbean,hdi,Human Development Index,Colombia,0.788,,2023,Human Development Report 2025,lower_worse,TRUE,TRUE,192,111,6,FALSE,FALSE
Colombia,COL,Americas,Latin America and the Caribbean,mpi,Multidimensional Poverty Index,Colombia,0.019657273,,2015/2016 D,Global MPI 2025,higher_worse,TRUE,TRUE,109,70,7,FALSE,FALSE
Colombia,COL,Americas,Latin America and the Caribbean,ghi,Global Hunger Index,Colombia,6.1,6.1,2025,2025,higher_worse,TRUE,TRUE,98,92,10,FALSE,FALSE
Colombia,COL,Americas,Latin America and the Caribbean,ghs,Global Health Security Index,Colombia,53.2,,2021,2021,lower_worse,TRUE,TRUE,193,156,9,FALSE,FALSE
Colombia,COL,Americas,Latin America and the Caribbean,wps,"Women, Peace and Security Index",Colombia,0.551,,2025,2025/26,lower_worse,TRUE,TRUE,177,33,2,FALSE,TRUE
Colombia,COL,Americas,Latin America and the Caribbean,un_mvi,UN Multidimensional Vulnerability Index,Colombia,40.4,,2023,High-Level Panel results,higher_worse,TRUE,TRUE,142,136,10,FALSE,FALSE
Colombia,COL,Americas,Latin America and the Caribbean,debt_distress,Debt-distress classification,,,,latest DSA as of 2026-03-31,31 March 2026,higher_worse,FALSE,FALSE,67,,,,
Colombia,COL,Americas,Latin America and the Caribbean,searo,Sexual Exploitation and Abuse Risk Overview,Colombia,5.944381146667851,,December 2025,2026 v1.2,higher_worse,TRUE,TRUE,38,17,5,FALSE,FALSE
Colombia,COL,Americas,Latin America and the Caribbean,disaster_displacement,Disaster Displacement Risk Model,,,,current climate,GDRM 2.0,higher_worse,TRUE,TRUE,0,,,,
Colombia,COL,Americas,Latin America and the Caribbean,internal_displacement,Internal Displacement Index,Colombia,0.7792938020227154,,2022,IDI 2023 publication,lower_worse,TRUE,TRUE,44,34,8,FALSE,FALSE
Comoros,COM,Africa,Sub-Saharan Africa,inform_risk,INFORM Risk,Comoros,3.3,,2026,2026 v0.7.2,higher_worse,TRUE,TRUE,191,110,6,FALSE,FALSE
Comoros,COM,Africa,Sub-Saharan Africa,inform_severity,INFORM Severity,,,,2026-06,June 2026,higher_worse,TRUE,TRUE,65,,,,
Comoros,COM,Africa,Sub-Saharan Africa,underfunded_crisis,Underfunded Crisis Index,,,,2021-2025 cumulative,2025,lower_worse,TRUE,TRUE,27,,,,
Comoros,COM,Africa,Sub-Saharan Africa,oecd_fragility,OECD Multidimensional Fragility,Comoros (the),-2.2627677637927,,predominantly 2023,States of Fragility 2025,lower_worse,TRUE,TRUE,61,31,5,FALSE,FALSE
Comoros,COM,Africa,Sub-Saharan Africa,worldrisk,WorldRiskIndex,Comoros,2.69,,2025,2025,higher_worse,TRUE,TRUE,193,134,7,FALSE,FALSE
Comoros,COM,Africa,Sub-Saharan Africa,nd_gain,ND-GAIN Country Index,Comoros,38.4546012232657,,2024,2026 release,lower_worse,TRUE,TRUE,190,41,3,FALSE,FALSE
Comoros,COM,Africa,Sub-Saharan Africa,hdi,Human Development Index,Comoros,0.603,,2023,Human Development Report 2025,lower_worse,TRUE,TRUE,192,42,3,FALSE,FALSE
Comoros,COM,Africa,Sub-Saharan Africa,mpi,Multidimensional Poverty Index,Comoros,0.0842989,,2022 M,Global MPI 2025,higher_worse,TRUE,TRUE,109,46,5,FALSE,FALSE
Comoros,COM,Africa,Sub-Saharan Africa,ghi,Global Hunger Index,Comoros,17.2,17.2,2025,2025,higher_worse,TRUE,TRUE,98,45,5,FALSE,FALSE
Comoros,COM,Africa,Sub-Saharan Africa,ghs,Global Health Security Index,Comoros,24.9,,2021,2021,lower_worse,TRUE,TRUE,193,19,1,TRUE,TRUE
Comoros,COM,Africa,Sub-Saharan Africa,wps,"Women, Peace and Security Index",Comoros,0.59,,2025,2025/26,lower_worse,TRUE,TRUE,177,46,3,FALSE,FALSE
Comoros,COM,Africa,Sub-Saharan Africa,un_mvi,UN Multidimensional Vulnerability Index,Comoros,60.3,,2023,High-Level Panel results,higher_worse,TRUE,TRUE,142,31,3,FALSE,FALSE
Comoros,COM,Africa,Sub-Saharan Africa,debt_distress,Debt-distress classification,Comoros,3,High,2/19/2026,31 March 2026,higher_worse,FALSE,FALSE,67,,,,
Comoros,COM,Africa,Sub-Saharan Africa,searo,Sexual Exploitation and Abuse Risk Overview,,,,December 2025,2026 v1.2,higher_worse,TRUE,TRUE,38,,,,
Comoros,COM,Africa,Sub-Saharan Africa,disaster_displacement,Disaster Displacement Risk Model,,,,current climate,GDRM 2.0,higher_worse,TRUE,TRUE,0,,,,
Comoros,COM,Africa,Sub-Saharan Africa,internal_displacement,Internal Displacement Index,,,,2022,IDI 2023 publication,lower_worse,TRUE,TRUE,44,,,,
Costa Rica,CRI,Americas,Latin America and the Caribbean,inform_risk,INFORM Risk,Costa Rica,3.7,,2026,2026 v0.7.2,higher_worse,TRUE,TRUE,191,94,5,FALSE,FALSE
Costa Rica,CRI,Americas,Latin America and the Caribbean,inform_severity,INFORM Severity,,,,2026-06,June 2026,higher_worse,TRUE,TRUE,65,,,,
Costa Rica,CRI,Americas,Latin America and the Caribbean,underfunded_crisis,Underfunded Crisis Index,,,,2021-2025 cumulative,2025,lower_worse,TRUE,TRUE,27,,,,
Costa Rica,CRI,Americas,Latin America and the Caribbean,oecd_fragility,OECD Multidimensional Fragility,,,,predominantly 2023,States of Fragility 2025,lower_worse,TRUE,TRUE,61,,,,
Costa Rica,CRI,Americas,Latin America and the Caribbean,worldrisk,WorldRiskIndex,Costa Rica,11.32,,2025,2025,higher_worse,TRUE,TRUE,193,47,3,FALSE,FALSE
Costa Rica,CRI,Americas,Latin America and the Caribbean,nd_gain,ND-GAIN Country Index,Costa Rica,54.4821526574966,,2024,2026 release,lower_worse,TRUE,TRUE,190,138,8,FALSE,FALSE
Costa Rica,CRI,Americas,Latin America and the Caribbean,hdi,Human Development Index,Costa Rica,0.833,,2023,Human Development Report 2025,lower_worse,TRUE,TRUE,192,131,7,FALSE,FALSE
Costa Rica,CRI,Americas,Latin America and the Caribbean,mpi,Multidimensional Poverty Index,Costa Rica,0.002006301,,2018 M,Global MPI 2025,higher_worse,TRUE,TRUE,109,99,9,FALSE,FALSE
Costa Rica,CRI,Americas,Latin America and the Caribbean,ghi,Global Hunger Index,Costa Rica,,<5,2025,2025,higher_worse,TRUE,TRUE,98,,,,
Costa Rica,CRI,Americas,Latin America and the Caribbean,ghs,Global Health Security Index,Costa Rica,40.8,,2021,2021,lower_worse,TRUE,TRUE,193,120,7,FALSE,FALSE
Costa Rica,CRI,Americas,Latin America and the Caribbean,wps,"Women, Peace and Security Index",Costa Rica,0.824,,2025,2025/26,lower_worse,TRUE,TRUE,177,145,9,FALSE,FALSE
Costa Rica,CRI,Americas,Latin America and the Caribbean,un_mvi,UN Multidimensional Vulnerability Index,Costa Rica,46.5,,2023,High-Level Panel results,higher_worse,TRUE,TRUE,142,102,8,FALSE,FALSE
Costa Rica,CRI,Americas,Latin America and the Caribbean,debt_distress,Debt-distress classification,,,,latest DSA as of 2026-03-31,31 March 2026,higher_worse,FALSE,FALSE,67,,,,
Costa Rica,CRI,Americas,Latin America and the Caribbean,searo,Sexual Exploitation and Abuse Risk Overview,,,,December 2025,2026 v1.2,higher_worse,TRUE,TRUE,38,,,,
Costa Rica,CRI,Americas,Latin America and the Caribbean,disaster_displacement,Disaster Displacement Risk Model,,,,current climate,GDRM 2.0,higher_worse,TRUE,TRUE,0,,,,
Costa Rica,CRI,Americas,Latin America and the Caribbean,internal_displacement,Internal Displacement Index,,,,2022,IDI 2023 publication,lower_worse,TRUE,TRUE,44,,,,
Cote d'Ivoire,CIV,Africa,Sub-Saharan Africa,inform_risk,INFORM Risk,Côte d'Ivoire,5.3,,2026,2026 v0.7.2,higher_worse,TRUE,TRUE,191,46,3,FALSE,FALSE
Cote d'Ivoire,CIV,Africa,Sub-Saharan Africa,inform_severity,INFORM Severity,Côte d'Ivoire,4.3,,2026-06,June 2026,higher_worse,TRUE,TRUE,65,55,9,FALSE,FALSE
Cote d'Ivoire,CIV,Africa,Sub-Saharan Africa,underfunded_crisis,Underfunded Crisis Index,,,,2021-2025 cumulative,2025,lower_worse,TRUE,TRUE,27,,,,
Cote d'Ivoire,CIV,Africa,Sub-Saharan Africa,oecd_fragility,OECD Multidimensional Fragility,Côte d'Ivoire,-1.29269691853799,,predominantly 2023,States of Fragility 2025,lower_worse,TRUE,TRUE,61,56,10,FALSE,FALSE
Cote d'Ivoire,CIV,Africa,Sub-Saharan Africa,worldrisk,WorldRiskIndex,Cote d'Ivoire,1.86,,2025,2025,higher_worse,TRUE,TRUE,193,157,9,FALSE,FALSE
Cote d'Ivoire,CIV,Africa,Sub-Saharan Africa,nd_gain,ND-GAIN Country Index,Cote d'Ivoire,40.994997058513,,2024,2026 release,lower_worse,TRUE,TRUE,190,53,3,FALSE,FALSE
Cote d'Ivoire,CIV,Africa,Sub-Saharan Africa,hdi,Human Development Index,C�te d'Ivoire,0.582,,2023,Human Development Report 2025,lower_worse,TRUE,TRUE,192,36,2,FALSE,TRUE
Cote d'Ivoire,CIV,Africa,Sub-Saharan Africa,mpi,Multidimensional Poverty Index,Côte d'Ivoire,0.2102151,,2021 D,Global MPI 2025,higher_worse,TRUE,TRUE,109,29,3,FALSE,FALSE
Cote d'Ivoire,CIV,Africa,Sub-Saharan Africa,ghi,Global Hunger Index,Côte d'Ivoire,20.4,20.4,2025,2025,higher_worse,TRUE,TRUE,98,35,4,FALSE,FALSE
Cote d'Ivoire,CIV,Africa,Sub-Saharan Africa,ghs,Global Health Security Index,Côte d'Ivoire,31.2,,2021,2021,lower_worse,TRUE,TRUE,193,69,4,FALSE,FALSE
Cote d'Ivoire,CIV,Africa,Sub-Saharan Africa,wps,"Women, Peace and Security Index",Côte d'Ivoire,0.589,,2025,2025/26,lower_worse,TRUE,TRUE,177,45,3,FALSE,FALSE
Cote d'Ivoire,CIV,Africa,Sub-Saharan Africa,un_mvi,UN Multidimensional Vulnerability Index,Côte D'Ivoire,42.6,,2023,High-Level Panel results,higher_worse,TRUE,TRUE,142,126,9,FALSE,FALSE
Cote d'Ivoire,CIV,Africa,Sub-Saharan Africa,debt_distress,Debt-distress classification,Côte d'Ivoire,2,Moderate,2/11/2026,31 March 2026,higher_worse,FALSE,FALSE,67,,,,
Cote d'Ivoire,CIV,Africa,Sub-Saharan Africa,searo,Sexual Exploitation and Abuse Risk Overview,,,,December 2025,2026 v1.2,higher_worse,TRUE,TRUE,38,,,,
Cote d'Ivoire,CIV,Africa,Sub-Saharan Africa,disaster_displacement,Disaster Displacement Risk Model,,,,current climate,GDRM 2.0,higher_worse,TRUE,TRUE,0,,,,
Cote d'Ivoire,CIV,Africa,Sub-Saharan Africa,internal_displacement,Internal Displacement Index,Côte d'Ivoire,0.7263204340299008,,2022,IDI 2023 publication,lower_worse,TRUE,TRUE,44,19,5,FALSE,FALSE
Croatia,HRV,Europe,Southern Europe,inform_risk,INFORM Risk,Croatia,2.5,,2026,2026 v0.7.2,higher_worse,TRUE,TRUE,191,148,8,FALSE,FALSE
Croatia,HRV,Europe,Southern Europe,inform_severity,INFORM Severity,,,,2026-06,June 2026,higher_worse,TRUE,TRUE,65,,,,
Croatia,HRV,Europe,Southern Europe,underfunded_crisis,Underfunded Crisis Index,,,,2021-2025 cumulative,2025,lower_worse,TRUE,TRUE,27,,,,
Croatia,HRV,Europe,Southern Europe,oecd_fragility,OECD Multidimensional Fragility,,,,predominantly 2023,States of Fragility 2025,lower_worse,TRUE,TRUE,61,,,,
Croatia,HRV,Europe,Southern Europe,worldrisk,WorldRiskIndex,Croatia,4.89,,2025,2025,higher_worse,TRUE,TRUE,193,85,5,FALSE,FALSE
Croatia,HRV,Europe,Southern Europe,nd_gain,ND-GAIN Country Index,Croatia,57.1480608511183,,2024,2026 release,lower_worse,TRUE,TRUE,190,149,8,FALSE,FALSE
Croatia,HRV,Europe,Southern Europe,hdi,Human Development Index,Croatia,0.889,,2023,Human Development Report 2025,lower_worse,TRUE,TRUE,192,152,8,FALSE,FALSE
Croatia,HRV,Europe,Southern Europe,mpi,Multidimensional Poverty Index,,,,country-specific survey year,Global MPI 2025,higher_worse,TRUE,TRUE,109,,,,
Croatia,HRV,Europe,Southern Europe,ghi,Global Hunger Index,Croatia,,<5,2025,2025,higher_worse,TRUE,TRUE,98,,,,
Croatia,HRV,Europe,Southern Europe,ghs,Global Health Security Index,Croatia,48.8,,2021,2021,lower_worse,TRUE,TRUE,193,146,8,FALSE,FALSE
Croatia,HRV,Europe,Southern Europe,wps,"Women, Peace and Security Index",Croatia,0.788,,2025,2025/26,lower_worse,TRUE,TRUE,177,132,8,FALSE,FALSE
Croatia,HRV,Europe,Southern Europe,un_mvi,UN Multidimensional Vulnerability Index,,,,2023,High-Level Panel results,higher_worse,TRUE,TRUE,142,,,,
Croatia,HRV,Europe,Southern Europe,debt_distress,Debt-distress classification,,,,latest DSA as of 2026-03-31,31 March 2026,higher_worse,FALSE,FALSE,67,,,,
Croatia,HRV,Europe,Southern Europe,searo,Sexual Exploitation and Abuse Risk Overview,,,,December 2025,2026 v1.2,higher_worse,TRUE,TRUE,38,,,,
Croatia,HRV,Europe,Southern Europe,disaster_displacement,Disaster Displacement Risk Model,,,,current climate,GDRM 2.0,higher_worse,TRUE,TRUE,0,,,,
Croatia,HRV,Europe,Southern Europe,internal_displacement,Internal Displacement Index,,,,2022,IDI 2023 publication,lower_worse,TRUE,TRUE,44,,,,
Cuba,CUB,Americas,Latin America and the Caribbean,inform_risk,INFORM Risk,Cuba,3.5,,2026,2026 v0.7.2,higher_worse,TRUE,TRUE,191,102,6,FALSE,FALSE
Cuba,CUB,Americas,Latin America and the Caribbean,inform_severity,INFORM Severity,Cuba,6.9,,2026-06,June 2026,higher_worse,TRUE,TRUE,65,31,5,FALSE,FALSE
Cuba,CUB,Americas,Latin America and the Caribbean,underfunded_crisis,Underfunded Crisis Index,,,,2021-2025 cumulative,2025,lower_worse,TRUE,TRUE,27,,,,
Cuba,CUB,Americas,Latin America and the Caribbean,oecd_fragility,OECD Multidimensional Fragility,,,,predominantly 2023,States of Fragility 2025,lower_worse,TRUE,TRUE,61,,,,
Cuba,CUB,Americas,Latin America and the Caribbean,worldrisk,WorldRiskIndex,Cuba,6.92,,2025,2025,higher_worse,TRUE,TRUE,193,70,4,FALSE,FALSE
Cuba,CUB,Americas,Latin America and the Caribbean,nd_gain,ND-GAIN Country Index,Cuba,43.448317920802,,2024,2026 release,lower_worse,TRUE,TRUE,190,68,4,FALSE,FALSE
Cuba,CUB,Americas,Latin America and the Caribbean,hdi,Human Development Index,Cuba,0.762,,2023,Human Development Report 2025,lower_worse,TRUE,TRUE,192,97,6,FALSE,FALSE
Cuba,CUB,Americas,Latin America and the Caribbean,mpi,Multidimensional Poverty Index,Cuba,0.002688705,,2019 M,Global MPI 2025,higher_worse,TRUE,TRUE,109,96,9,FALSE,FALSE
Cuba,CUB,Americas,Latin America and the Caribbean,ghi,Global Hunger Index,,,,2025,2025,higher_worse,TRUE,TRUE,98,,,,
Cuba,CUB,Americas,Latin America and the Caribbean,ghs,Global Health Security Index,Cuba,30.5,,2021,2021,lower_worse,TRUE,TRUE,193,65,4,FALSE,FALSE
Cuba,CUB,Americas,Latin America and the Caribbean,wps,"Women, Peace and Security Index",,,,2025,2025/26,lower_worse,TRUE,TRUE,177,,,,
Cuba,CUB,Americas,Latin America and the Caribbean,un_mvi,UN Multidimensional Vulnerability Index,Cuba,46.6,,2023,High-Level Panel results,higher_worse,TRUE,TRUE,142,101,8,FALSE,FALSE
Cuba,CUB,Americas,Latin America and the Caribbean,debt_distress,Debt-distress classification,,,,latest DSA as of 2026-03-31,31 March 2026,higher_worse,FALSE,FALSE,67,,,,
Cuba,CUB,Americas,Latin America and the Caribbean,searo,Sexual Exploitation and Abuse Risk Overview,,,,December 2025,2026 v1.2,higher_worse,TRUE,TRUE,38,,,,
Cuba,CUB,Americas,Latin America and the Caribbean,disaster_displacement,Disaster Displacement Risk Model,,,,current climate,GDRM 2.0,higher_worse,TRUE,TRUE,0,,,,
Cuba,CUB,Americas,Latin America and the Caribbean,internal_displacement,Internal Displacement Index,,,,2022,IDI 2023 publication,lower_worse,TRUE,TRUE,44,,,,
Cyprus,CYP,Asia,Western Asia,inform_risk,INFORM Risk,Cyprus,2.9,,2026,2026 v0.7.2,higher_worse,TRUE,TRUE,191,124,7,FALSE,FALSE
Cyprus,CYP,Asia,Western Asia,inform_severity,INFORM Severity,,,,2026-06,June 2026,higher_worse,TRUE,TRUE,65,,,,
Cyprus,CYP,Asia,Western Asia,underfunded_crisis,Underfunded Crisis Index,,,,2021-2025 cumulative,2025,lower_worse,TRUE,TRUE,27,,,,
Cyprus,CYP,Asia,Western Asia,oecd_fragility,OECD Multidimensional Fragility,,,,predominantly 2023,States of Fragility 2025,lower_worse,TRUE,TRUE,61,,,,
Cyprus,CYP,Asia,Western Asia,worldrisk,WorldRiskIndex,Cyprus,3.36,,2025,2025,higher_worse,TRUE,TRUE,193,110,6,FALSE,FALSE
Cyprus,CYP,Asia,Western Asia,nd_gain,ND-GAIN Country Index,Cyprus,57.474456323676,,2024,2026 release,lower_worse,TRUE,TRUE,190,152,8,FALSE,FALSE
Cyprus,CYP,Asia,Western Asia,hdi,Human Development Index,Cyprus,0.913,,2023,Human Development Report 2025,lower_worse,TRUE,TRUE,192,161,9,FALSE,FALSE
Cyprus,CYP,Asia,Western Asia,mpi,Multidimensional Poverty Index,,,,country-specific survey year,Global MPI 2025,higher_worse,TRUE,TRUE,109,,,,
Cyprus,CYP,Asia,Western Asia,ghi,Global Hunger Index,,,,2025,2025,higher_worse,TRUE,TRUE,98,,,,
Cyprus,CYP,Asia,Western Asia,ghs,Global Health Security Index,Cyprus,41.9,,2021,2021,lower_worse,TRUE,TRUE,193,124,7,FALSE,FALSE
Cyprus,CYP,Asia,Western Asia,wps,"Women, Peace and Security Index",Cyprus,0.77,,2025,2025/26,lower_worse,TRUE,TRUE,177,127,8,FALSE,FALSE
Cyprus,CYP,Asia,Western Asia,un_mvi,UN Multidimensional Vulnerability Index,,,,2023,High-Level Panel results,higher_worse,TRUE,TRUE,142,,,,
Cyprus,CYP,Asia,Western Asia,debt_distress,Debt-distress classification,,,,latest DSA as of 2026-03-31,31 March 2026,higher_worse,FALSE,FALSE,67,,,,
Cyprus,CYP,Asia,Western Asia,searo,Sexual Exploitation and Abuse Risk Overview,,,,December 2025,2026 v1.2,higher_worse,TRUE,TRUE,38,,,,
Cyprus,CYP,Asia,Western Asia,disaster_displacement,Disaster Displacement Risk Model,,,,current climate,GDRM 2.0,higher_worse,TRUE,TRUE,0,,,,
Cyprus,CYP,Asia,Western Asia,internal_displacement,Internal Displacement Index,,,,2022,IDI 2023 publication,lower_worse,TRUE,TRUE,44,,,,
Czech Republic,CZE,Europe,Eastern Europe,inform_risk,INFORM Risk,Czech Republic,1.9,,2026,2026 v0.7.2,higher_worse,TRUE,TRUE,191,174,10,FALSE,FALSE
Czech Republic,CZE,Europe,Eastern Europe,inform_severity,INFORM Severity,,,,2026-06,June 2026,higher_worse,TRUE,TRUE,65,,,,
Czech Republic,CZE,Europe,Eastern Europe,underfunded_crisis,Underfunded Crisis Index,,,,2021-2025 cumulative,2025,lower_worse,TRUE,TRUE,27,,,,
Czech Republic,CZE,Europe,Eastern Europe,oecd_fragility,OECD Multidimensional Fragility,,,,predominantly 2023,States of Fragility 2025,lower_worse,TRUE,TRUE,61,,,,
Czech Republic,CZE,Europe,Eastern Europe,worldrisk,WorldRiskIndex,Czech Republic,1.17,,2025,2025,higher_worse,TRUE,TRUE,193,174,9,FALSE,FALSE
Czech Republic,CZE,Europe,Eastern Europe,nd_gain,ND-GAIN Country Index,Czech Republic,65.0870356874886,,2024,2026 release,lower_worse,TRUE,TRUE,190,172,10,FALSE,FALSE
Czech Republic,CZE,Europe,Eastern Europe,hdi,Human Development Index,Czechia,0.915,,2023,Human Development Report 2025,lower_worse,TRUE,TRUE,192,163,9,FALSE,FALSE
Czech Republic,CZE,Europe,Eastern Europe,mpi,Multidimensional Poverty Index,,,,country-specific survey year,Global MPI 2025,higher_worse,TRUE,TRUE,109,,,,
Czech Republic,CZE,Europe,Eastern Europe,ghi,Global Hunger Index,,,,2025,2025,higher_worse,TRUE,TRUE,98,,,,
Czech Republic,CZE,Europe,Eastern Europe,ghs,Global Health Security Index,Czech Republic,52.8,,2021,2021,lower_worse,TRUE,TRUE,193,155,8,FALSE,FALSE
Czech Republic,CZE,Europe,Eastern Europe,wps,"Women, Peace and Security Index",Czechia,0.832,,2025,2025/26,lower_worse,TRUE,TRUE,177,146,9,FALSE,FALSE
Czech Republic,CZE,Europe,Eastern Europe,un_mvi,UN Multidimensional Vulnerability Index,,,,2023,High-Level Panel results,higher_worse,TRUE,TRUE,142,,,,
Czech Republic,CZE,Europe,Eastern Europe,debt_distress,Debt-distress classification,,,,latest DSA as of 2026-03-31,31 March 2026,higher_worse,FALSE,FALSE,67,,,,
Czech Republic,CZE,Europe,Eastern Europe,searo,Sexual Exploitation and Abuse Risk Overview,,,,December 2025,2026 v1.2,higher_worse,TRUE,TRUE,38,,,,
Czech Republic,CZE,Europe,Eastern Europe,disaster_displacement,Disaster Displacement Risk Model,,,,current climate,GDRM 2.0,higher_worse,TRUE,TRUE,0,,,,
Czech Republic,CZE,Europe,Eastern Europe,internal_displacement,Internal Displacement Index,,,,2022,IDI 2023 publication,lower_worse,TRUE,TRUE,44,,,,
Democratic People's Republic of Korea,PRK,Asia,Eastern Asia,inform_risk,INFORM Risk,Korea DPR,3.7,,2026,2026 v0.7.2,higher_worse,TRUE,TRUE,191,94,5,FALSE,FALSE
Democratic People's Republic of Korea,PRK,Asia,Eastern Asia,inform_severity,INFORM Severity,,,,2026-06,June 2026,higher_worse,TRUE,TRUE,65,,,,
Democratic People's Republic of Korea,PRK,Asia,Eastern Asia,underfunded_crisis,Underfunded Crisis Index,,,,2021-2025 cumulative,2025,lower_worse,TRUE,TRUE,27,,,,
Democratic People's Republic of Korea,PRK,Asia,Eastern Asia,oecd_fragility,OECD Multidimensional Fragility,Korea (the Democratic People's Republic of),-1.98953587592157,,predominantly 2023,States of Fragility 2025,lower_worse,TRUE,TRUE,61,37,6,FALSE,FALSE
Democratic People's Republic of Korea,PRK,Asia,Eastern Asia,worldrisk,WorldRiskIndex,Democratic People's Republic of Korea,11.7,,2025,2025,higher_worse,TRUE,TRUE,193,43,3,FALSE,FALSE
Democratic People's Republic of Korea,PRK,Asia,Eastern Asia,nd_gain,ND-GAIN Country Index,"Korea, Democratic People's Repub",43.3325718135095,,2024,2026 release,lower_worse,TRUE,TRUE,190,67,4,FALSE,FALSE
Democratic People's Republic of Korea,PRK,Asia,Eastern Asia,hdi,Human Development Index,,,,2023,Human Development Report 2025,lower_worse,TRUE,TRUE,192,,,,
Democratic People's Republic of Korea,PRK,Asia,Eastern Asia,mpi,Multidimensional Poverty Index,,,,country-specific survey year,Global MPI 2025,higher_worse,TRUE,TRUE,109,,,,
Democratic People's Republic of Korea,PRK,Asia,Eastern Asia,ghi,Global Hunger Index,Korea (DPR),,20–34.9*,2025,2025,higher_worse,TRUE,TRUE,98,,,,
Democratic People's Republic of Korea,PRK,Asia,Eastern Asia,ghs,Global Health Security Index,North Korea,16.1,,2021,2021,lower_worse,TRUE,TRUE,193,2,1,TRUE,TRUE
Democratic People's Republic of Korea,PRK,Asia,Eastern Asia,wps,"Women, Peace and Security Index",,,,2025,2025/26,lower_worse,TRUE,TRUE,177,,,,
Democratic People's Republic of Korea,PRK,Asia,Eastern Asia,un_mvi,UN Multidimensional Vulnerability Index,Democratic People's Republic of Korea,41,,2023,High-Level Panel results,higher_worse,TRUE,TRUE,142,135,10,FALSE,FALSE
Democratic People's Republic of Korea,PRK,Asia,Eastern Asia,debt_distress,Debt-distress classification,,,,latest DSA as of 2026-03-31,31 March 2026,higher_worse,FALSE,FALSE,67,,,,
Democratic People's Republic of Korea,PRK,Asia,Eastern Asia,searo,Sexual Exploitation and Abuse Risk Overview,,,,December 2025,2026 v1.2,higher_worse,TRUE,TRUE,38,,,,
Democratic People's Republic of Korea,PRK,Asia,Eastern Asia,disaster_displacement,Disaster Displacement Risk Model,,,,current climate,GDRM 2.0,higher_worse,TRUE,TRUE,0,,,,
Democratic People's Republic of Korea,PRK,Asia,Eastern Asia,internal_displacement,Internal Displacement Index,,,,2022,IDI 2023 publication,lower_worse,TRUE,TRUE,44,,,,
Democratic Republic of Congo,COD,Africa,Sub-Saharan Africa,inform_risk,INFORM Risk,Congo DR,8,,2026,2026 v0.7.2,higher_worse,TRUE,TRUE,191,4,1,TRUE,TRUE
Democratic Republic of Congo,COD,Africa,Sub-Saharan Africa,inform_severity,INFORM Severity,DRC,9.2,,2026-06,June 2026,higher_worse,TRUE,TRUE,65,4,1,TRUE,TRUE
Democratic Republic of Congo,COD,Africa,Sub-Saharan Africa,underfunded_crisis,Underfunded Crisis Index,DR Congo,47.0236001,47.0%,2021-2025 cumulative,2025,lower_worse,TRUE,TRUE,27,8,3,FALSE,FALSE
Democratic Republic of Congo,COD,Africa,Sub-Saharan Africa,oecd_fragility,OECD Multidimensional Fragility,Congo (the Democratic Republic of the),-4.26574610570421,,predominantly 2023,States of Fragility 2025,lower_worse,TRUE,TRUE,61,5,1,TRUE,TRUE
Democratic Republic of Congo,COD,Africa,Sub-Saharan Africa,worldrisk,WorldRiskIndex,Democratic Republic of Congo,9.68,,2025,2025,higher_worse,TRUE,TRUE,193,56,3,FALSE,FALSE
Democratic Republic of Congo,COD,Africa,Sub-Saharan Africa,nd_gain,ND-GAIN Country Index,"Congo, the Democratic Republic o",30.3675514137829,,2024,2026 release,lower_worse,TRUE,TRUE,190,6,1,TRUE,TRUE
Democratic Republic of Congo,COD,Africa,Sub-Saharan Africa,hdi,Human Development Index,Congo (Democratic Republic of the),0.522,,2023,Human Development Report 2025,lower_worse,TRUE,TRUE,192,23,2,FALSE,TRUE
Democratic Republic of Congo,COD,Africa,Sub-Saharan Africa,mpi,Multidimensional Poverty Index,Congo (Democratic Republic of the),0.331188736,,2017/2018 M,Global MPI 2025,higher_worse,TRUE,TRUE,109,13,2,FALSE,TRUE
Democratic Republic of Congo,COD,Africa,Sub-Saharan Africa,ghi,Global Hunger Index,Dem. Rep. of the Congo,37.5,37.5,2025,2025,higher_worse,TRUE,TRUE,98,2,1,TRUE,TRUE
Democratic Republic of Congo,COD,Africa,Sub-Saharan Africa,ghs,Global Health Security Index,Congo (Democratic Republic),26.1,,2021,2021,lower_worse,TRUE,TRUE,193,27,2,FALSE,TRUE
Democratic Republic of Congo,COD,Africa,Sub-Saharan Africa,wps,"Women, Peace and Security Index",Democratic Republic of the Congo,0.405,,2025,2025/26,lower_worse,TRUE,TRUE,177,7,1,TRUE,TRUE
Democratic Republic of Congo,COD,Africa,Sub-Saharan Africa,un_mvi,UN Multidimensional Vulnerability Index,Democratic Republic of the Congo,54.6,,2023,High-Level Panel results,higher_worse,TRUE,TRUE,142,60,5,FALSE,FALSE
Democratic Republic of Congo,COD,Africa,Sub-Saharan Africa,debt_distress,Debt-distress classification,"Congo, Democratic Republic of",2,Moderate,7/16/2025,31 March 2026,higher_worse,FALSE,FALSE,67,,,,
Democratic Republic of Congo,COD,Africa,Sub-Saharan Africa,searo,Sexual Exploitation and Abuse Risk Overview,Congo DR,7.058653623478662,,December 2025,2026 v1.2,higher_worse,TRUE,TRUE,38,5,2,FALSE,TRUE
Democratic Republic of Congo,COD,Africa,Sub-Saharan Africa,disaster_displacement,Disaster Displacement Risk Model,,,,current climate,GDRM 2.0,higher_worse,TRUE,TRUE,0,,,,
Democratic Republic of Congo,COD,Africa,Sub-Saharan Africa,internal_displacement,Internal Displacement Index,Democratic Republic of the Congo,0.7356400260869002,,2022,IDI 2023 publication,lower_worse,TRUE,TRUE,44,20,5,FALSE,FALSE
Denmark,DNK,Europe,Northern Europe,inform_risk,INFORM Risk,Denmark,1.3,,2026,2026 v0.7.2,higher_worse,TRUE,TRUE,191,188,10,FALSE,FALSE
Denmark,DNK,Europe,Northern Europe,inform_severity,INFORM Severity,,,,2026-06,June 2026,higher_worse,TRUE,TRUE,65,,,,
Denmark,DNK,Europe,Northern Europe,underfunded_crisis,Underfunded Crisis Index,,,,2021-2025 cumulative,2025,lower_worse,TRUE,TRUE,27,,,,
Denmark,DNK,Europe,Northern Europe,oecd_fragility,OECD Multidimensional Fragility,,,,predominantly 2023,States of Fragility 2025,lower_worse,TRUE,TRUE,61,,,,
Denmark,DNK,Europe,Northern Europe,worldrisk,WorldRiskIndex,Denmark,1.07,,2025,2025,higher_worse,TRUE,TRUE,193,178,10,FALSE,FALSE
Denmark,DNK,Europe,Northern Europe,nd_gain,ND-GAIN Country Index,Denmark,68.278015944235,,2024,2026 release,lower_worse,TRUE,TRUE,190,183,10,FALSE,FALSE
Denmark,DNK,Europe,Northern Europe,hdi,Human Development Index,Denmark,0.962,,2023,Human Development Report 2025,lower_worse,TRUE,TRUE,192,189,10,FALSE,FALSE
Denmark,DNK,Europe,Northern Europe,mpi,Multidimensional Poverty Index,,,,country-specific survey year,Global MPI 2025,higher_worse,TRUE,TRUE,109,,,,
Denmark,DNK,Europe,Northern Europe,ghi,Global Hunger Index,,,,2025,2025,higher_worse,TRUE,TRUE,98,,,,
Denmark,DNK,Europe,Northern Europe,ghs,Global Health Security Index,Denmark,64.4,,2021,2021,lower_worse,TRUE,TRUE,193,182,10,FALSE,FALSE
Denmark,DNK,Europe,Northern Europe,wps,"Women, Peace and Security Index",Denmark,0.939,,2025,2025/26,lower_worse,TRUE,TRUE,177,177,10,FALSE,FALSE
Denmark,DNK,Europe,Northern Europe,un_mvi,UN Multidimensional Vulnerability Index,,,,2023,High-Level Panel results,higher_worse,TRUE,TRUE,142,,,,
Denmark,DNK,Europe,Northern Europe,debt_distress,Debt-distress classification,,,,latest DSA as of 2026-03-31,31 March 2026,higher_worse,FALSE,FALSE,67,,,,
Denmark,DNK,Europe,Northern Europe,searo,Sexual Exploitation and Abuse Risk Overview,,,,December 2025,2026 v1.2,higher_worse,TRUE,TRUE,38,,,,
Denmark,DNK,Europe,Northern Europe,disaster_displacement,Disaster Displacement Risk Model,,,,current climate,GDRM 2.0,higher_worse,TRUE,TRUE,0,,,,
Denmark,DNK,Europe,Northern Europe,internal_displacement,Internal Displacement Index,,,,2022,IDI 2023 publication,lower_worse,TRUE,TRUE,44,,,,
Djibouti,DJI,Africa,Sub-Saharan Africa,inform_risk,INFORM Risk,Djibouti,5.5,,2026,2026 v0.7.2,higher_worse,TRUE,TRUE,191,40,3,FALSE,FALSE
Djibouti,DJI,Africa,Sub-Saharan Africa,inform_severity,INFORM Severity,Djibouti,6.3,,2026-06,June 2026,higher_worse,TRUE,TRUE,65,36,6,FALSE,FALSE
Djibouti,DJI,Africa,Sub-Saharan Africa,underfunded_crisis,Underfunded Crisis Index,,,,2021-2025 cumulative,2025,lower_worse,TRUE,TRUE,27,,,,
Djibouti,DJI,Africa,Sub-Saharan Africa,oecd_fragility,OECD Multidimensional Fragility,Djibouti,-2.01985240643819,,predominantly 2023,States of Fragility 2025,lower_worse,TRUE,TRUE,61,36,6,FALSE,FALSE
Djibouti,DJI,Africa,Sub-Saharan Africa,worldrisk,WorldRiskIndex,Djibouti,10.03,,2025,2025,higher_worse,TRUE,TRUE,193,55,3,FALSE,FALSE
Djibouti,DJI,Africa,Sub-Saharan Africa,nd_gain,ND-GAIN Country Index,Djibouti,36.4415690554014,,2024,2026 release,lower_worse,TRUE,TRUE,190,27,2,FALSE,TRUE
Djibouti,DJI,Africa,Sub-Saharan Africa,hdi,Human Development Index,Djibouti,0.513,,2023,Human Development Report 2025,lower_worse,TRUE,TRUE,192,19,1,TRUE,TRUE
Djibouti,DJI,Africa,Sub-Saharan Africa,mpi,Multidimensional Poverty Index,,,,country-specific survey year,Global MPI 2025,higher_worse,TRUE,TRUE,109,,,,
Djibouti,DJI,Africa,Sub-Saharan Africa,ghi,Global Hunger Index,Djibouti,21.9,21.9,2025,2025,higher_worse,TRUE,TRUE,98,30,3,FALSE,FALSE
Djibouti,DJI,Africa,Sub-Saharan Africa,ghs,Global Health Security Index,Djibouti,25.2,,2021,2021,lower_worse,TRUE,TRUE,193,21,2,FALSE,TRUE
Djibouti,DJI,Africa,Sub-Saharan Africa,wps,"Women, Peace and Security Index",Djibouti,0.56,,2025,2025/26,lower_worse,TRUE,TRUE,177,36,2,FALSE,TRUE
Djibouti,DJI,Africa,Sub-Saharan Africa,un_mvi,UN Multidimensional Vulnerability Index,Djibouti,70.8,,2023,High-Level Panel results,higher_worse,TRUE,TRUE,142,3,1,TRUE,TRUE
Djibouti,DJI,Africa,Sub-Saharan Africa,debt_distress,Debt-distress classification,Djibouti,4,In debt distress,9/22/2025,31 March 2026,higher_worse,FALSE,FALSE,67,,,,
Djibouti,DJI,Africa,Sub-Saharan Africa,searo,Sexual Exploitation and Abuse Risk Overview,,,,December 2025,2026 v1.2,higher_worse,TRUE,TRUE,38,,,,
Djibouti,DJI,Africa,Sub-Saharan Africa,disaster_displacement,Disaster Displacement Risk Model,,,,current climate,GDRM 2.0,higher_worse,TRUE,TRUE,0,,,,
Djibouti,DJI,Africa,Sub-Saharan Africa,internal_displacement,Internal Displacement Index,,,,2022,IDI 2023 publication,lower_worse,TRUE,TRUE,44,,,,
Dominica,DMA,Americas,Latin America and the Caribbean,inform_risk,INFORM Risk,Dominica,2.6,,2026,2026 v0.7.2,higher_worse,TRUE,TRUE,191,138,8,FALSE,FALSE
Dominica,DMA,Americas,Latin America and the Caribbean,inform_severity,INFORM Severity,,,,2026-06,June 2026,higher_worse,TRUE,TRUE,65,,,,
Dominica,DMA,Americas,Latin America and the Caribbean,underfunded_crisis,Underfunded Crisis Index,,,,2021-2025 cumulative,2025,lower_worse,TRUE,TRUE,27,,,,
Dominica,DMA,Americas,Latin America and the Caribbean,oecd_fragility,OECD Multidimensional Fragility,,,,predominantly 2023,States of Fragility 2025,lower_worse,TRUE,TRUE,61,,,,
Dominica,DMA,Americas,Latin America and the Caribbean,worldrisk,WorldRiskIndex,Dominica,2.73,,2025,2025,higher_worse,TRUE,TRUE,193,131,7,FALSE,FALSE
Dominica,DMA,Americas,Latin America and the Caribbean,nd_gain,ND-GAIN Country Index,Dominica,58.4977740586559,,2024,2026 release,lower_worse,TRUE,TRUE,190,154,9,FALSE,FALSE
Dominica,DMA,Americas,Latin America and the Caribbean,hdi,Human Development Index,Dominica,0.761,,2023,Human Development Report 2025,lower_worse,TRUE,TRUE,192,96,5,FALSE,FALSE
Dominica,DMA,Americas,Latin America and the Caribbean,mpi,Multidimensional Poverty Index,,,,country-specific survey year,Global MPI 2025,higher_worse,TRUE,TRUE,109,,,,
Dominica,DMA,Americas,Latin America and the Caribbean,ghi,Global Hunger Index,,,,2025,2025,higher_worse,TRUE,TRUE,98,,,,
Dominica,DMA,Americas,Latin America and the Caribbean,ghs,Global Health Security Index,Dominica,26.4,,2021,2021,lower_worse,TRUE,TRUE,193,33,2,FALSE,TRUE
Dominica,DMA,Americas,Latin America and the Caribbean,wps,"Women, Peace and Security Index",,,,2025,2025/26,lower_worse,TRUE,TRUE,177,,,,
Dominica,DMA,Americas,Latin America and the Caribbean,un_mvi,UN Multidimensional Vulnerability Index,Dominica,55.4,,2023,High-Level Panel results,higher_worse,TRUE,TRUE,142,54,4,FALSE,FALSE
Dominica,DMA,Americas,Latin America and the Caribbean,debt_distress,Debt-distress classification,Dominica,2,Moderate,6/12/2025,31 March 2026,higher_worse,FALSE,FALSE,67,,,,
Dominica,DMA,Americas,Latin America and the Caribbean,searo,Sexual Exploitation and Abuse Risk Overview,,,,December 2025,2026 v1.2,higher_worse,TRUE,TRUE,38,,,,
Dominica,DMA,Americas,Latin America and the Caribbean,disaster_displacement,Disaster Displacement Risk Model,,,,current climate,GDRM 2.0,higher_worse,TRUE,TRUE,0,,,,
Dominica,DMA,Americas,Latin America and the Caribbean,internal_displacement,Internal Displacement Index,,,,2022,IDI 2023 publication,lower_worse,TRUE,TRUE,44,,,,
Dominican Republic,DOM,Americas,Latin America and the Caribbean,inform_risk,INFORM Risk,Dominican Republic,4.9,,2026,2026 v0.7.2,higher_worse,TRUE,TRUE,191,60,4,FALSE,FALSE
Dominican Republic,DOM,Americas,Latin America and the Caribbean,inform_severity,INFORM Severity,Dominican Republic,4.2,,2026-06,June 2026,higher_worse,TRUE,TRUE,65,58,9,FALSE,FALSE
Dominican Republic,DOM,Americas,Latin America and the Caribbean,underfunded_crisis,Underfunded Crisis Index,,,,2021-2025 cumulative,2025,lower_worse,TRUE,TRUE,27,,,,
Dominican Republic,DOM,Americas,Latin America and the Caribbean,oecd_fragility,OECD Multidimensional Fragility,,,,predominantly 2023,States of Fragility 2025,lower_worse,TRUE,TRUE,61,,,,
Dominican Republic,DOM,Americas,Latin America and the Caribbean,worldrisk,WorldRiskIndex,Dominican Republic,13.47,,2025,2025,higher_worse,TRUE,TRUE,193,41,3,FALSE,FALSE
Dominican Republic,DOM,Americas,Latin America and the Caribbean,nd_gain,ND-GAIN Country Index,Dominican Republic,46.7404770923459,,2024,2026 release,lower_worse,TRUE,TRUE,190,91,5,FALSE,FALSE
Dominican Republic,DOM,Americas,Latin America and the Caribbean,hdi,Human Development Index,Dominican Republic,0.776,,2023,Human Development Report 2025,lower_worse,TRUE,TRUE,192,103,6,FALSE,FALSE
Dominican Republic,DOM,Americas,Latin America and the Caribbean,mpi,Multidimensional Poverty Index,Dominican Republic,0.008786189,,2019 M,Global MPI 2025,higher_worse,TRUE,TRUE,109,80,8,FALSE,FALSE
Dominican Republic,DOM,Americas,Latin America and the Caribbean,ghi,Global Hunger Index,Dominican Republic,6.4,6.4,2025,2025,higher_worse,TRUE,TRUE,98,88,9,FALSE,FALSE
Dominican Republic,DOM,Americas,Latin America and the Caribbean,ghs,Global Health Security Index,Dominican Republic,34.5,,2021,2021,lower_worse,TRUE,TRUE,193,91,5,FALSE,FALSE
Dominican Republic,DOM,Americas,Latin America and the Caribbean,wps,"Women, Peace and Security Index",Dominican Republic,0.675,,2025,2025/26,lower_worse,TRUE,TRUE,177,85,5,FALSE,FALSE
Dominican Republic,DOM,Americas,Latin America and the Caribbean,un_mvi,UN Multidimensional Vulnerability Index,Dominican Republic,45.1,,2023,High-Level Panel results,higher_worse,TRUE,TRUE,142,113,8,FALSE,FALSE
Dominican Republic,DOM,Americas,Latin America and the Caribbean,debt_distress,Debt-distress classification,,,,latest DSA as of 2026-03-31,31 March 2026,higher_worse,FALSE,FALSE,67,,,,
Dominican Republic,DOM,Americas,Latin America and the Caribbean,searo,Sexual Exploitation and Abuse Risk Overview,,,,December 2025,2026 v1.2,higher_worse,TRUE,TRUE,38,,,,
Dominican Republic,DOM,Americas,Latin America and the Caribbean,disaster_displacement,Disaster Displacement Risk Model,,,,current climate,GDRM 2.0,higher_worse,TRUE,TRUE,0,,,,
Dominican Republic,DOM,Americas,Latin America and the Caribbean,internal_displacement,Internal Displacement Index,,,,2022,IDI 2023 publication,lower_worse,TRUE,TRUE,44,,,,
Ecuador,ECU,Americas,Latin America and the Caribbean,inform_risk,INFORM Risk,Ecuador,5.6,,2026,2026 v0.7.2,higher_worse,TRUE,TRUE,191,35,2,FALSE,TRUE
Ecuador,ECU,Americas,Latin America and the Caribbean,inform_severity,INFORM Severity,Ecuador,7,,2026-06,June 2026,higher_worse,TRUE,TRUE,65,28,5,FALSE,FALSE
Ecuador,ECU,Americas,Latin America and the Caribbean,underfunded_crisis,Underfunded Crisis Index,,,,2021-2025 cumulative,2025,lower_worse,TRUE,TRUE,27,,,,
Ecuador,ECU,Americas,Latin America and the Caribbean,oecd_fragility,OECD Multidimensional Fragility,,,,predominantly 2023,States of Fragility 2025,lower_worse,TRUE,TRUE,61,,,,
Ecuador,ECU,Americas,Latin America and the Caribbean,worldrisk,WorldRiskIndex,Ecuador,24.14,,2025,2025,higher_worse,TRUE,TRUE,193,18,1,TRUE,TRUE
Ecuador,ECU,Americas,Latin America and the Caribbean,nd_gain,ND-GAIN Country Index,Ecuador,43.6118969802999,,2024,2026 release,lower_worse,TRUE,TRUE,190,70,4,FALSE,FALSE
Ecuador,ECU,Americas,Latin America and the Caribbean,hdi,Human Development Index,Ecuador,0.777,,2023,Human Development Report 2025,lower_worse,TRUE,TRUE,192,106,6,FALSE,FALSE
Ecuador,ECU,Americas,Latin America and the Caribbean,mpi,Multidimensional Poverty Index,Ecuador,0.007937439,,2018 N,Global MPI 2025,higher_worse,TRUE,TRUE,109,82,8,FALSE,FALSE
Ecuador,ECU,Americas,Latin America and the Caribbean,ghi,Global Hunger Index,Ecuador,10.9,10.9,2025,2025,higher_worse,TRUE,TRUE,98,66,7,FALSE,FALSE
Ecuador,ECU,Americas,Latin America and the Caribbean,ghs,Global Health Security Index,Ecuador,50.8,,2021,2021,lower_worse,TRUE,TRUE,193,150,8,FALSE,FALSE
Ecuador,ECU,Americas,Latin America and the Caribbean,wps,"Women, Peace and Security Index",Ecuador,0.612,,2025,2025/26,lower_worse,TRUE,TRUE,177,55,4,FALSE,FALSE
Ecuador,ECU,Americas,Latin America and the Caribbean,un_mvi,UN Multidimensional Vulnerability Index,Ecuador,45.5,,2023,High-Level Panel results,higher_worse,TRUE,TRUE,142,111,8,FALSE,FALSE
Ecuador,ECU,Americas,Latin America and the Caribbean,debt_distress,Debt-distress classification,,,,latest DSA as of 2026-03-31,31 March 2026,higher_worse,FALSE,FALSE,67,,,,
Ecuador,ECU,Americas,Latin America and the Caribbean,searo,Sexual Exploitation and Abuse Risk Overview,,,,December 2025,2026 v1.2,higher_worse,TRUE,TRUE,38,,,,
Ecuador,ECU,Americas,Latin America and the Caribbean,disaster_displacement,Disaster Displacement Risk Model,,,,current climate,GDRM 2.0,higher_worse,TRUE,TRUE,0,,,,
Ecuador,ECU,Americas,Latin America and the Caribbean,internal_displacement,Internal Displacement Index,,,,2022,IDI 2023 publication,lower_worse,TRUE,TRUE,44,,,,
Egypt,EGY,Africa,Northern Africa,inform_risk,INFORM Risk,Egypt,5,,2026,2026 v0.7.2,higher_worse,TRUE,TRUE,191,59,4,FALSE,FALSE
Egypt,EGY,Africa,Northern Africa,inform_severity,INFORM Severity,Egypt,5.7,,2026-06,June 2026,higher_worse,TRUE,TRUE,65,43,7,FALSE,FALSE
Egypt,EGY,Africa,Northern Africa,underfunded_crisis,Underfunded Crisis Index,,,,2021-2025 cumulative,2025,lower_worse,TRUE,TRUE,27,,,,
Egypt,EGY,Africa,Northern Africa,oecd_fragility,OECD Multidimensional Fragility,,,,predominantly 2023,States of Fragility 2025,lower_worse,TRUE,TRUE,61,,,,
Egypt,EGY,Africa,Northern Africa,worldrisk,WorldRiskIndex,Egypt,18.91,,2025,2025,higher_worse,TRUE,TRUE,193,26,2,FALSE,TRUE
Egypt,EGY,Africa,Northern Africa,nd_gain,ND-GAIN Country Index,Egypt,45.4233042363215,,2024,2026 release,lower_worse,TRUE,TRUE,190,85,5,FALSE,FALSE
Egypt,EGY,Africa,Northern Africa,hdi,Human Development Index,Egypt,0.754,,2023,Human Development Report 2025,lower_worse,TRUE,TRUE,192,93,5,FALSE,FALSE
Egypt,EGY,Africa,Northern Africa,mpi,Multidimensional Poverty Index,Egypt,0.019681797,,2014 D,Global MPI 2025,higher_worse,TRUE,TRUE,109,69,7,FALSE,FALSE
Egypt,EGY,Africa,Northern Africa,ghi,Global Hunger Index,Egypt,10.5,10.5,2025,2025,higher_worse,TRUE,TRUE,98,67,7,FALSE,FALSE
Egypt,EGY,Africa,Northern Africa,ghs,Global Health Security Index,Egypt,28,,2021,2021,lower_worse,TRUE,TRUE,193,41,3,FALSE,FALSE
Egypt,EGY,Africa,Northern Africa,wps,"Women, Peace and Security Index",Egypt,0.617,,2025,2025/26,lower_worse,TRUE,TRUE,177,57,4,FALSE,FALSE
Egypt,EGY,Africa,Northern Africa,un_mvi,UN Multidimensional Vulnerability Index,Egypt,58.5,,2023,High-Level Panel results,higher_worse,TRUE,TRUE,142,40,3,FALSE,FALSE
Egypt,EGY,Africa,Northern Africa,debt_distress,Debt-distress classification,,,,latest DSA as of 2026-03-31,31 March 2026,higher_worse,FALSE,FALSE,67,,,,
Egypt,EGY,Africa,Northern Africa,searo,Sexual Exploitation and Abuse Risk Overview,,,,December 2025,2026 v1.2,higher_worse,TRUE,TRUE,38,,,,
Egypt,EGY,Africa,Northern Africa,disaster_displacement,Disaster Displacement Risk Model,,,,current climate,GDRM 2.0,higher_worse,TRUE,TRUE,0,,,,
Egypt,EGY,Africa,Northern Africa,internal_displacement,Internal Displacement Index,,,,2022,IDI 2023 publication,lower_worse,TRUE,TRUE,44,,,,
El Salvador,SLV,Americas,Latin America and the Caribbean,inform_risk,INFORM Risk,El Salvador,4.2,,2026,2026 v0.7.2,higher_worse,TRUE,TRUE,191,79,5,FALSE,FALSE
El Salvador,SLV,Americas,Latin America and the Caribbean,inform_severity,INFORM Severity,El Salvador,5.7,,2026-06,June 2026,higher_worse,TRUE,TRUE,65,43,7,FALSE,FALSE
El Salvador,SLV,Americas,Latin America and the Caribbean,underfunded_crisis,Underfunded Crisis Index,El Salvador,33.4775867,33.5%,2021-2025 cumulative,2025,lower_worse,TRUE,TRUE,27,1,1,TRUE,TRUE
El Salvador,SLV,Americas,Latin America and the Caribbean,oecd_fragility,OECD Multidimensional Fragility,,,,predominantly 2023,States of Fragility 2025,lower_worse,TRUE,TRUE,61,,,,
El Salvador,SLV,Americas,Latin America and the Caribbean,worldrisk,WorldRiskIndex,El Salvador,14.41,,2025,2025,higher_worse,TRUE,TRUE,193,36,2,FALSE,TRUE
El Salvador,SLV,Americas,Latin America and the Caribbean,nd_gain,ND-GAIN Country Index,El Salvador,43.8050282283112,,2024,2026 release,lower_worse,TRUE,TRUE,190,73,4,FALSE,FALSE
El Salvador,SLV,Americas,Latin America and the Caribbean,hdi,Human Development Index,El Salvador,0.678,,2023,Human Development Report 2025,lower_worse,TRUE,TRUE,192,62,4,FALSE,FALSE
El Salvador,SLV,Americas,Latin America and the Caribbean,mpi,Multidimensional Poverty Index,El Salvador,0.032462509,,2014 M,Global MPI 2025,higher_worse,TRUE,TRUE,109,59,6,FALSE,FALSE
El Salvador,SLV,Americas,Latin America and the Caribbean,ghi,Global Hunger Index,El Salvador,7.6,7.6,2025,2025,higher_worse,TRUE,TRUE,98,82,9,FALSE,FALSE
El Salvador,SLV,Americas,Latin America and the Caribbean,ghs,Global Health Security Index,El Salvador,40.8,,2021,2021,lower_worse,TRUE,TRUE,193,120,7,FALSE,FALSE
El Salvador,SLV,Americas,Latin America and the Caribbean,wps,"Women, Peace and Security Index",El Salvador,0.691,,2025,2025/26,lower_worse,TRUE,TRUE,177,95,6,FALSE,FALSE
El Salvador,SLV,Americas,Latin America and the Caribbean,un_mvi,UN Multidimensional Vulnerability Index,El Salvador,52.7,,2023,High-Level Panel results,higher_worse,TRUE,TRUE,142,72,6,FALSE,FALSE
El Salvador,SLV,Americas,Latin America and the Caribbean,debt_distress,Debt-distress classification,,,,latest DSA as of 2026-03-31,31 March 2026,higher_worse,FALSE,FALSE,67,,,,
El Salvador,SLV,Americas,Latin America and the Caribbean,searo,Sexual Exploitation and Abuse Risk Overview,El Salvador,4.611800219148136,,December 2025,2026 v1.2,higher_worse,TRUE,TRUE,38,37,10,FALSE,FALSE
El Salvador,SLV,Americas,Latin America and the Caribbean,disaster_displacement,Disaster Displacement Risk Model,,,,current climate,GDRM 2.0,higher_worse,TRUE,TRUE,0,,,,
El Salvador,SLV,Americas,Latin America and the Caribbean,internal_displacement,Internal Displacement Index,,,,2022,IDI 2023 publication,lower_worse,TRUE,TRUE,44,,,,
Equatorial Guinea,GNQ,Africa,Sub-Saharan Africa,inform_risk,INFORM Risk,Equatorial Guinea,3.5,,2026,2026 v0.7.2,higher_worse,TRUE,TRUE,191,102,6,FALSE,FALSE
Equatorial Guinea,GNQ,Africa,Sub-Saharan Africa,inform_severity,INFORM Severity,,,,2026-06,June 2026,higher_worse,TRUE,TRUE,65,,,,
Equatorial Guinea,GNQ,Africa,Sub-Saharan Africa,underfunded_crisis,Underfunded Crisis Index,,,,2021-2025 cumulative,2025,lower_worse,TRUE,TRUE,27,,,,
Equatorial Guinea,GNQ,Africa,Sub-Saharan Africa,oecd_fragility,OECD Multidimensional Fragility,Equatorial Guinea,-2.84328420181668,,predominantly 2023,States of Fragility 2025,lower_worse,TRUE,TRUE,61,15,3,FALSE,FALSE
Equatorial Guinea,GNQ,Africa,Sub-Saharan Africa,worldrisk,WorldRiskIndex,Equatorial Guinea,3.36,,2025,2025,higher_worse,TRUE,TRUE,193,110,6,FALSE,FALSE
Equatorial Guinea,GNQ,Africa,Sub-Saharan Africa,nd_gain,ND-GAIN Country Index,Equatorial Guinea,35.5531729466106,,2024,2026 release,lower_worse,TRUE,TRUE,190,20,2,FALSE,TRUE
Equatorial Guinea,GNQ,Africa,Sub-Saharan Africa,hdi,Human Development Index,Equatorial Guinea,0.674,,2023,Human Development Report 2025,lower_worse,TRUE,TRUE,192,60,4,FALSE,FALSE
Equatorial Guinea,GNQ,Africa,Sub-Saharan Africa,mpi,Multidimensional Poverty Index,,,,country-specific survey year,Global MPI 2025,higher_worse,TRUE,TRUE,109,,,,
Equatorial Guinea,GNQ,Africa,Sub-Saharan Africa,ghi,Global Hunger Index,,,,2025,2025,higher_worse,TRUE,TRUE,98,,,,
Equatorial Guinea,GNQ,Africa,Sub-Saharan Africa,ghs,Global Health Security Index,Equatorial Guinea,17.4,,2021,2021,lower_worse,TRUE,TRUE,193,5,1,TRUE,TRUE
Equatorial Guinea,GNQ,Africa,Sub-Saharan Africa,wps,"Women, Peace and Security Index",,,,2025,2025/26,lower_worse,TRUE,TRUE,177,,,,
Equatorial Guinea,GNQ,Africa,Sub-Saharan Africa,un_mvi,UN Multidimensional Vulnerability Index,Equatorial Guinea,52.2,,2023,High-Level Panel results,higher_worse,TRUE,TRUE,142,75,6,FALSE,FALSE
Equatorial Guinea,GNQ,Africa,Sub-Saharan Africa,debt_distress,Debt-distress classification,,,,latest DSA as of 2026-03-31,31 March 2026,higher_worse,FALSE,FALSE,67,,,,
Equatorial Guinea,GNQ,Africa,Sub-Saharan Africa,searo,Sexual Exploitation and Abuse Risk Overview,,,,December 2025,2026 v1.2,higher_worse,TRUE,TRUE,38,,,,
Equatorial Guinea,GNQ,Africa,Sub-Saharan Africa,disaster_displacement,Disaster Displacement Risk Model,,,,current climate,GDRM 2.0,higher_worse,TRUE,TRUE,0,,,,
Equatorial Guinea,GNQ,Africa,Sub-Saharan Africa,internal_displacement,Internal Displacement Index,,,,2022,IDI 2023 publication,lower_worse,TRUE,TRUE,44,,,,
Eritrea,ERI,Africa,Sub-Saharan Africa,inform_risk,INFORM Risk,Eritrea,4.8,,2026,2026 v0.7.2,higher_worse,TRUE,TRUE,191,63,4,FALSE,FALSE
Eritrea,ERI,Africa,Sub-Saharan Africa,inform_severity,INFORM Severity,Eritrea,6.5,,2026-06,June 2026,higher_worse,TRUE,TRUE,65,35,6,FALSE,FALSE
Eritrea,ERI,Africa,Sub-Saharan Africa,underfunded_crisis,Underfunded Crisis Index,,,,2021-2025 cumulative,2025,lower_worse,TRUE,TRUE,27,,,,
Eritrea,ERI,Africa,Sub-Saharan Africa,oecd_fragility,OECD Multidimensional Fragility,Eritrea,-2.96377122573912,,predominantly 2023,States of Fragility 2025,lower_worse,TRUE,TRUE,61,13,2,FALSE,TRUE
Eritrea,ERI,Africa,Sub-Saharan Africa,worldrisk,WorldRiskIndex,Eritrea,6.03,,2025,2025,higher_worse,TRUE,TRUE,193,77,4,FALSE,FALSE
Eritrea,ERI,Africa,Sub-Saharan Africa,nd_gain,ND-GAIN Country Index,Eritrea,27.3600545962195,,2024,2026 release,lower_worse,TRUE,TRUE,190,3,1,TRUE,TRUE
Eritrea,ERI,Africa,Sub-Saharan Africa,hdi,Human Development Index,Eritrea,0.503,,2023,Human Development Report 2025,lower_worse,TRUE,TRUE,192,16,1,TRUE,TRUE
Eritrea,ERI,Africa,Sub-Saharan Africa,mpi,Multidimensional Poverty Index,,,,country-specific survey year,Global MPI 2025,higher_worse,TRUE,TRUE,109,,,,
Eritrea,ERI,Africa,Sub-Saharan Africa,ghi,Global Hunger Index,,,,2025,2025,higher_worse,TRUE,TRUE,98,,,,
Eritrea,ERI,Africa,Sub-Saharan Africa,ghs,Global Health Security Index,Eritrea,21.4,,2021,2021,lower_worse,TRUE,TRUE,193,11,1,TRUE,TRUE
Eritrea,ERI,Africa,Sub-Saharan Africa,wps,"Women, Peace and Security Index",,,,2025,2025/26,lower_worse,TRUE,TRUE,177,,,,
Eritrea,ERI,Africa,Sub-Saharan Africa,un_mvi,UN Multidimensional Vulnerability Index,Eritrea,63.2,,2023,High-Level Panel results,higher_worse,TRUE,TRUE,142,16,2,FALSE,TRUE
Eritrea,ERI,Africa,Sub-Saharan Africa,debt_distress,Debt-distress classification,Eritrea,,No current DSA,latest DSA as of 2026-03-31,31 March 2026,higher_worse,FALSE,FALSE,67,,,,
Eritrea,ERI,Africa,Sub-Saharan Africa,searo,Sexual Exploitation and Abuse Risk Overview,,,,December 2025,2026 v1.2,higher_worse,TRUE,TRUE,38,,,,
Eritrea,ERI,Africa,Sub-Saharan Africa,disaster_displacement,Disaster Displacement Risk Model,,,,current climate,GDRM 2.0,higher_worse,TRUE,TRUE,0,,,,
Eritrea,ERI,Africa,Sub-Saharan Africa,internal_displacement,Internal Displacement Index,,,,2022,IDI 2023 publication,lower_worse,TRUE,TRUE,44,,,,
Estonia,EST,Europe,Northern Europe,inform_risk,INFORM Risk,Estonia,1.9,,2026,2026 v0.7.2,higher_worse,TRUE,TRUE,191,174,10,FALSE,FALSE
Estonia,EST,Europe,Northern Europe,inform_severity,INFORM Severity,,,,2026-06,June 2026,higher_worse,TRUE,TRUE,65,,,,
Estonia,EST,Europe,Northern Europe,underfunded_crisis,Underfunded Crisis Index,,,,2021-2025 cumulative,2025,lower_worse,TRUE,TRUE,27,,,,
Estonia,EST,Europe,Northern Europe,oecd_fragility,OECD Multidimensional Fragility,,,,predominantly 2023,States of Fragility 2025,lower_worse,TRUE,TRUE,61,,,,
Estonia,EST,Europe,Northern Europe,worldrisk,WorldRiskIndex,Estonia,1.84,,2025,2025,higher_worse,TRUE,TRUE,193,158,9,FALSE,FALSE
Estonia,EST,Europe,Northern Europe,nd_gain,ND-GAIN Country Index,Estonia,62.4077150777355,,2024,2026 release,lower_worse,TRUE,TRUE,190,165,9,FALSE,FALSE
Estonia,EST,Europe,Northern Europe,hdi,Human Development Index,Estonia,0.905,,2023,Human Development Report 2025,lower_worse,TRUE,TRUE,192,158,9,FALSE,FALSE
Estonia,EST,Europe,Northern Europe,mpi,Multidimensional Poverty Index,,,,country-specific survey year,Global MPI 2025,higher_worse,TRUE,TRUE,109,,,,
Estonia,EST,Europe,Northern Europe,ghi,Global Hunger Index,Estonia,,<5,2025,2025,higher_worse,TRUE,TRUE,98,,,,
Estonia,EST,Europe,Northern Europe,ghs,Global Health Security Index,Estonia,55.5,,2021,2021,lower_worse,TRUE,TRUE,193,164,9,FALSE,FALSE
Estonia,EST,Europe,Northern Europe,wps,"Women, Peace and Security Index",Estonia,0.896,,2025,2025/26,lower_worse,TRUE,TRUE,177,166,10,FALSE,FALSE
Estonia,EST,Europe,Northern Europe,un_mvi,UN Multidimensional Vulnerability Index,,,,2023,High-Level Panel results,higher_worse,TRUE,TRUE,142,,,,
Estonia,EST,Europe,Northern Europe,debt_distress,Debt-distress classification,,,,latest DSA as of 2026-03-31,31 March 2026,higher_worse,FALSE,FALSE,67,,,,
Estonia,EST,Europe,Northern Europe,searo,Sexual Exploitation and Abuse Risk Overview,,,,December 2025,2026 v1.2,higher_worse,TRUE,TRUE,38,,,,
Estonia,EST,Europe,Northern Europe,disaster_displacement,Disaster Displacement Risk Model,,,,current climate,GDRM 2.0,higher_worse,TRUE,TRUE,0,,,,
Estonia,EST,Europe,Northern Europe,internal_displacement,Internal Displacement Index,,,,2022,IDI 2023 publication,lower_worse,TRUE,TRUE,44,,,,
Eswatini,SWZ,Africa,Sub-Saharan Africa,inform_risk,INFORM Risk,Eswatini,4.3,,2026,2026 v0.7.2,higher_worse,TRUE,TRUE,191,75,4,FALSE,FALSE
Eswatini,SWZ,Africa,Sub-Saharan Africa,inform_severity,INFORM Severity,,,,2026-06,June 2026,higher_worse,TRUE,TRUE,65,,,,
Eswatini,SWZ,Africa,Sub-Saharan Africa,underfunded_crisis,Underfunded Crisis Index,,,,2021-2025 cumulative,2025,lower_worse,TRUE,TRUE,27,,,,
Eswatini,SWZ,Africa,Sub-Saharan Africa,oecd_fragility,OECD Multidimensional Fragility,Eswatini,-2.03986763088555,,predominantly 2023,States of Fragility 2025,lower_worse,TRUE,TRUE,61,35,6,FALSE,FALSE
Eswatini,SWZ,Africa,Sub-Saharan Africa,worldrisk,WorldRiskIndex,Eswatini,1.76,,2025,2025,higher_worse,TRUE,TRUE,193,159,9,FALSE,FALSE
Eswatini,SWZ,Africa,Sub-Saharan Africa,nd_gain,ND-GAIN Country Index,Swaziland,40.9496004885107,,2024,2026 release,lower_worse,TRUE,TRUE,190,52,3,FALSE,FALSE
Eswatini,SWZ,Africa,Sub-Saharan Africa,hdi,Human Development Index,Eswatini (Kingdom of),0.695,,2023,Human Development Report 2025,lower_worse,TRUE,TRUE,192,67,4,FALSE,FALSE
Eswatini,SWZ,Africa,Sub-Saharan Africa,mpi,Multidimensional Poverty Index,Eswatini (Kingdom of),0.0326488,,2021/2022 M,Global MPI 2025,higher_worse,TRUE,TRUE,109,58,6,FALSE,FALSE
Eswatini,SWZ,Africa,Sub-Saharan Africa,ghi,Global Hunger Index,Eswatini,15.9,15.9,2025,2025,higher_worse,TRUE,TRUE,98,47,5,FALSE,FALSE
Eswatini,SWZ,Africa,Sub-Saharan Africa,ghs,Global Health Security Index,eSwatini,29.3,,2021,2021,lower_worse,TRUE,TRUE,193,53,3,FALSE,FALSE
Eswatini,SWZ,Africa,Sub-Saharan Africa,wps,"Women, Peace and Security Index",Eswatini,0.556,,2025,2025/26,lower_worse,TRUE,TRUE,177,34,2,FALSE,TRUE
Eswatini,SWZ,Africa,Sub-Saharan Africa,un_mvi,UN Multidimensional Vulnerability Index,Eswatini,57.3,,2023,High-Level Panel results,higher_worse,TRUE,TRUE,142,47,4,FALSE,FALSE
Eswatini,SWZ,Africa,Sub-Saharan Africa,debt_distress,Debt-distress classification,,,,latest DSA as of 2026-03-31,31 March 2026,higher_worse,FALSE,FALSE,67,,,,
Eswatini,SWZ,Africa,Sub-Saharan Africa,searo,Sexual Exploitation and Abuse Risk Overview,,,,December 2025,2026 v1.2,higher_worse,TRUE,TRUE,38,,,,
Eswatini,SWZ,Africa,Sub-Saharan Africa,disaster_displacement,Disaster Displacement Risk Model,,,,current climate,GDRM 2.0,higher_worse,TRUE,TRUE,0,,,,
Eswatini,SWZ,Africa,Sub-Saharan Africa,internal_displacement,Internal Displacement Index,,,,2022,IDI 2023 publication,lower_worse,TRUE,TRUE,44,,,,
Ethiopia,ETH,Africa,Sub-Saharan Africa,inform_risk,INFORM Risk,Ethiopia,7,,2026,2026 v0.7.2,higher_worse,TRUE,TRUE,191,16,1,TRUE,TRUE
Ethiopia,ETH,Africa,Sub-Saharan Africa,inform_severity,INFORM Severity,Ethiopia,8.6,,2026-06,June 2026,higher_worse,TRUE,TRUE,65,11,2,FALSE,TRUE
Ethiopia,ETH,Africa,Sub-Saharan Africa,underfunded_crisis,Underfunded Crisis Index,,,,2021-2025 cumulative,2025,lower_worse,TRUE,TRUE,27,,,,
Ethiopia,ETH,Africa,Sub-Saharan Africa,oecd_fragility,OECD Multidimensional Fragility,Ethiopia,-1.53150952011897,,predominantly 2023,States of Fragility 2025,lower_worse,TRUE,TRUE,61,49,8,FALSE,FALSE
Ethiopia,ETH,Africa,Sub-Saharan Africa,worldrisk,WorldRiskIndex,Ethiopia,4.87,,2025,2025,higher_worse,TRUE,TRUE,193,86,5,FALSE,FALSE
Ethiopia,ETH,Africa,Sub-Saharan Africa,nd_gain,ND-GAIN Country Index,Ethiopia,37.7232939695768,,2024,2026 release,lower_worse,TRUE,TRUE,190,36,2,FALSE,TRUE
Ethiopia,ETH,Africa,Sub-Saharan Africa,hdi,Human Development Index,Ethiopia,0.497,,2023,Human Development Report 2025,lower_worse,TRUE,TRUE,192,14,1,TRUE,TRUE
Ethiopia,ETH,Africa,Sub-Saharan Africa,mpi,Multidimensional Poverty Index,Ethiopia,0.366604242,,2019 D,Global MPI 2025,higher_worse,TRUE,TRUE,109,8,1,TRUE,TRUE
Ethiopia,ETH,Africa,Sub-Saharan Africa,ghi,Global Hunger Index,Ethiopia,24.4,24.4,2025,2025,higher_worse,TRUE,TRUE,98,24,3,FALSE,FALSE
Ethiopia,ETH,Africa,Sub-Saharan Africa,ghs,Global Health Security Index,Ethiopia,37.8,,2021,2021,lower_worse,TRUE,TRUE,193,107,6,FALSE,FALSE
Ethiopia,ETH,Africa,Sub-Saharan Africa,wps,"Women, Peace and Security Index",Ethiopia,0.516,,2025,2025/26,lower_worse,TRUE,TRUE,177,26,2,FALSE,TRUE
Ethiopia,ETH,Africa,Sub-Saharan Africa,un_mvi,UN Multidimensional Vulnerability Index,Ethiopia,55.2,,2023,High-Level Panel results,higher_worse,TRUE,TRUE,142,55,4,FALSE,FALSE
Ethiopia,ETH,Africa,Sub-Saharan Africa,debt_distress,Debt-distress classification,Ethiopia,4,In debt distress,1/30/2026,31 March 2026,higher_worse,FALSE,FALSE,67,,,,
Ethiopia,ETH,Africa,Sub-Saharan Africa,searo,Sexual Exploitation and Abuse Risk Overview,Ethiopia,6.521348236500277,,December 2025,2026 v1.2,higher_worse,TRUE,TRUE,38,11,3,FALSE,FALSE
Ethiopia,ETH,Africa,Sub-Saharan Africa,disaster_displacement,Disaster Displacement Risk Model,,,,current climate,GDRM 2.0,higher_worse,TRUE,TRUE,0,,,,
Ethiopia,ETH,Africa,Sub-Saharan Africa,internal_displacement,Internal Displacement Index,Ethiopia,0.7394255820356666,,2022,IDI 2023 publication,lower_worse,TRUE,TRUE,44,21,5,FALSE,FALSE
Federated States of Micronesia,FSM,Oceania,Micronesia,inform_risk,INFORM Risk,Micronesia,3.3,,2026,2026 v0.7.2,higher_worse,TRUE,TRUE,191,110,6,FALSE,FALSE
Federated States of Micronesia,FSM,Oceania,Micronesia,inform_severity,INFORM Severity,,,,2026-06,June 2026,higher_worse,TRUE,TRUE,65,,,,
Federated States of Micronesia,FSM,Oceania,Micronesia,underfunded_crisis,Underfunded Crisis Index,,,,2021-2025 cumulative,2025,lower_worse,TRUE,TRUE,27,,,,
Federated States of Micronesia,FSM,Oceania,Micronesia,oecd_fragility,OECD Multidimensional Fragility,,,,predominantly 2023,States of Fragility 2025,lower_worse,TRUE,TRUE,61,,,,
Federated States of Micronesia,FSM,Oceania,Micronesia,worldrisk,WorldRiskIndex,Federated States of Micronesia,4.17,,2025,2025,higher_worse,TRUE,TRUE,193,97,5,FALSE,FALSE
Federated States of Micronesia,FSM,Oceania,Micronesia,nd_gain,ND-GAIN Country Index,"Micronesia, Federated States of",37.002707724195,,2024,2026 release,lower_worse,TRUE,TRUE,190,30,2,FALSE,TRUE
Federated States of Micronesia,FSM,Oceania,Micronesia,hdi,Human Development Index,Micronesia (Federated States of),0.615,,2023,Human Development Report 2025,lower_worse,TRUE,TRUE,192,45,3,FALSE,FALSE
Federated States of Micronesia,FSM,Oceania,Micronesia,mpi,Multidimensional Poverty Index,,,,country-specific survey year,Global MPI 2025,higher_worse,TRUE,TRUE,109,,,,
Federated States of Micronesia,FSM,Oceania,Micronesia,ghi,Global Hunger Index,,,,2025,2025,higher_worse,TRUE,TRUE,98,,,,
Federated States of Micronesia,FSM,Oceania,Micronesia,ghs,Global Health Security Index,"Micronesia, Federated States of",28.5,,2021,2021,lower_worse,TRUE,TRUE,193,43,3,FALSE,FALSE
Federated States of Micronesia,FSM,Oceania,Micronesia,wps,"Women, Peace and Security Index",Federated States of Micronesia,0.648,,2025,2025/26,lower_worse,TRUE,TRUE,177,68,4,FALSE,FALSE
Federated States of Micronesia,FSM,Oceania,Micronesia,un_mvi,UN Multidimensional Vulnerability Index,Micronesia (Federated States of),64,,2023,High-Level Panel results,higher_worse,TRUE,TRUE,142,14,1,TRUE,TRUE
Federated States of Micronesia,FSM,Oceania,Micronesia,debt_distress,Debt-distress classification,Micronesia,2,Moderate,3/4/2024,31 March 2026,higher_worse,FALSE,FALSE,67,,,,
Federated States of Micronesia,FSM,Oceania,Micronesia,searo,Sexual Exploitation and Abuse Risk Overview,,,,December 2025,2026 v1.2,higher_worse,TRUE,TRUE,38,,,,
Federated States of Micronesia,FSM,Oceania,Micronesia,disaster_displacement,Disaster Displacement Risk Model,,,,current climate,GDRM 2.0,higher_worse,TRUE,TRUE,0,,,,
Federated States of Micronesia,FSM,Oceania,Micronesia,internal_displacement,Internal Displacement Index,,,,2022,IDI 2023 publication,lower_worse,TRUE,TRUE,44,,,,
Fiji,FJI,Oceania,Melanesia,inform_risk,INFORM Risk,Fiji,3.1,,2026,2026 v0.7.2,higher_worse,TRUE,TRUE,191,118,7,FALSE,FALSE
Fiji,FJI,Oceania,Melanesia,inform_severity,INFORM Severity,,,,2026-06,June 2026,higher_worse,TRUE,TRUE,65,,,,
Fiji,FJI,Oceania,Melanesia,underfunded_crisis,Underfunded Crisis Index,,,,2021-2025 cumulative,2025,lower_worse,TRUE,TRUE,27,,,,
Fiji,FJI,Oceania,Melanesia,oecd_fragility,OECD Multidimensional Fragility,,,,predominantly 2023,States of Fragility 2025,lower_worse,TRUE,TRUE,61,,,,
Fiji,FJI,Oceania,Melanesia,worldrisk,WorldRiskIndex,Fiji,6.87,,2025,2025,higher_worse,TRUE,TRUE,193,72,4,FALSE,FALSE
Fiji,FJI,Oceania,Melanesia,nd_gain,ND-GAIN Country Index,Fiji,47.4543505010295,,2024,2026 release,lower_worse,TRUE,TRUE,190,96,6,FALSE,FALSE
Fiji,FJI,Oceania,Melanesia,hdi,Human Development Index,Fiji,0.731,,2023,Human Development Report 2025,lower_worse,TRUE,TRUE,192,82,5,FALSE,FALSE
Fiji,FJI,Oceania,Melanesia,mpi,Multidimensional Poverty Index,Fiji,0.005757663,,2021 M,Global MPI 2025,higher_worse,TRUE,TRUE,109,87,8,FALSE,FALSE
Fiji,FJI,Oceania,Melanesia,ghi,Global Hunger Index,Fiji,9.9,9.9,2025,2025,higher_worse,TRUE,TRUE,98,72,8,FALSE,FALSE
Fiji,FJI,Oceania,Melanesia,ghs,Global Health Security Index,Fiji,25.8,,2021,2021,lower_worse,TRUE,TRUE,193,25,2,FALSE,TRUE
Fiji,FJI,Oceania,Melanesia,wps,"Women, Peace and Security Index",Fiji,0.731,,2025,2025/26,lower_worse,TRUE,TRUE,177,111,7,FALSE,FALSE
Fiji,FJI,Oceania,Melanesia,un_mvi,UN Multidimensional Vulnerability Index,Fiji,51.7,,2023,High-Level Panel results,higher_worse,TRUE,TRUE,142,79,6,FALSE,FALSE
Fiji,FJI,Oceania,Melanesia,debt_distress,Debt-distress classification,,,,latest DSA as of 2026-03-31,31 March 2026,higher_worse,FALSE,FALSE,67,,,,
Fiji,FJI,Oceania,Melanesia,searo,Sexual Exploitation and Abuse Risk Overview,,,,December 2025,2026 v1.2,higher_worse,TRUE,TRUE,38,,,,
Fiji,FJI,Oceania,Melanesia,disaster_displacement,Disaster Displacement Risk Model,,,,current climate,GDRM 2.0,higher_worse,TRUE,TRUE,0,,,,
Fiji,FJI,Oceania,Melanesia,internal_displacement,Internal Displacement Index,,,,2022,IDI 2023 publication,lower_worse,TRUE,TRUE,44,,,,
Finland,FIN,Europe,Northern Europe,inform_risk,INFORM Risk,Finland,1.9,,2026,2026 v0.7.2,higher_worse,TRUE,TRUE,191,174,10,FALSE,FALSE
Finland,FIN,Europe,Northern Europe,inform_severity,INFORM Severity,,,,2026-06,June 2026,higher_worse,TRUE,TRUE,65,,,,
Finland,FIN,Europe,Northern Europe,underfunded_crisis,Underfunded Crisis Index,,,,2021-2025 cumulative,2025,lower_worse,TRUE,TRUE,27,,,,
Finland,FIN,Europe,Northern Europe,oecd_fragility,OECD Multidimensional Fragility,,,,predominantly 2023,States of Fragility 2025,lower_worse,TRUE,TRUE,61,,,,
Finland,FIN,Europe,Northern Europe,worldrisk,WorldRiskIndex,Finland,1.6,,2025,2025,higher_worse,TRUE,TRUE,193,163,9,FALSE,FALSE
Finland,FIN,Europe,Northern Europe,nd_gain,ND-GAIN Country Index,Finland,71.0954088884681,,2024,2026 release,lower_worse,TRUE,TRUE,190,189,10,FALSE,FALSE
Finland,FIN,Europe,Northern Europe,hdi,Human Development Index,Finland,0.948,,2023,Human Development Report 2025,lower_worse,TRUE,TRUE,192,182,10,FALSE,FALSE
Finland,FIN,Europe,Northern Europe,mpi,Multidimensional Poverty Index,,,,country-specific survey year,Global MPI 2025,higher_worse,TRUE,TRUE,109,,,,
Finland,FIN,Europe,Northern Europe,ghi,Global Hunger Index,,,,2025,2025,higher_worse,TRUE,TRUE,98,,,,
Finland,FIN,Europe,Northern Europe,ghs,Global Health Security Index,Finland,70.9,,2021,2021,lower_worse,TRUE,TRUE,193,191,10,FALSE,FALSE
Finland,FIN,Europe,Northern Europe,wps,"Women, Peace and Security Index",Finland,0.921,,2025,2025/26,lower_worse,TRUE,TRUE,177,173,10,FALSE,FALSE
Finland,FIN,Europe,Northern Europe,un_mvi,UN Multidimensional Vulnerability Index,,,,2023,High-Level Panel results,higher_worse,TRUE,TRUE,142,,,,
Finland,FIN,Europe,Northern Europe,debt_distress,Debt-distress classification,,,,latest DSA as of 2026-03-31,31 March 2026,higher_worse,FALSE,FALSE,67,,,,
Finland,FIN,Europe,Northern Europe,searo,Sexual Exploitation and Abuse Risk Overview,,,,December 2025,2026 v1.2,higher_worse,TRUE,TRUE,38,,,,
Finland,FIN,Europe,Northern Europe,disaster_displacement,Disaster Displacement Risk Model,,,,current climate,GDRM 2.0,higher_worse,TRUE,TRUE,0,,,,
Finland,FIN,Europe,Northern Europe,internal_displacement,Internal Displacement Index,,,,2022,IDI 2023 publication,lower_worse,TRUE,TRUE,44,,,,
France,FRA,Europe,Western Europe,inform_risk,INFORM Risk,France,2.6,,2026,2026 v0.7.2,higher_worse,TRUE,TRUE,191,138,8,FALSE,FALSE
France,FRA,Europe,Western Europe,inform_severity,INFORM Severity,,,,2026-06,June 2026,higher_worse,TRUE,TRUE,65,,,,
France,FRA,Europe,Western Europe,underfunded_crisis,Underfunded Crisis Index,,,,2021-2025 cumulative,2025,lower_worse,TRUE,TRUE,27,,,,
France,FRA,Europe,Western Europe,oecd_fragility,OECD Multidimensional Fragility,,,,predominantly 2023,States of Fragility 2025,lower_worse,TRUE,TRUE,61,,,,
France,FRA,Europe,Western Europe,worldrisk,WorldRiskIndex,France,7.75,,2025,2025,higher_worse,TRUE,TRUE,193,66,4,FALSE,FALSE
France,FRA,Europe,Western Europe,nd_gain,ND-GAIN Country Index,France,65.9104128753522,,2024,2026 release,lower_worse,TRUE,TRUE,190,175,10,FALSE,FALSE
France,FRA,Europe,Western Europe,hdi,Human Development Index,France,0.92,,2023,Human Development Report 2025,lower_worse,TRUE,TRUE,192,168,9,FALSE,FALSE
France,FRA,Europe,Western Europe,mpi,Multidimensional Poverty Index,,,,country-specific survey year,Global MPI 2025,higher_worse,TRUE,TRUE,109,,,,
France,FRA,Europe,Western Europe,ghi,Global Hunger Index,,,,2025,2025,higher_worse,TRUE,TRUE,98,,,,
France,FRA,Europe,Western Europe,ghs,Global Health Security Index,France,61.9,,2021,2021,lower_worse,TRUE,TRUE,193,179,10,FALSE,FALSE
France,FRA,Europe,Western Europe,wps,"Women, Peace and Security Index",France,0.864,,2025,2025/26,lower_worse,TRUE,TRUE,177,154,9,FALSE,FALSE
France,FRA,Europe,Western Europe,un_mvi,UN Multidimensional Vulnerability Index,,,,2023,High-Level Panel results,higher_worse,TRUE,TRUE,142,,,,
France,FRA,Europe,Western Europe,debt_distress,Debt-distress classification,,,,latest DSA as of 2026-03-31,31 March 2026,higher_worse,FALSE,FALSE,67,,,,
France,FRA,Europe,Western Europe,searo,Sexual Exploitation and Abuse Risk Overview,,,,December 2025,2026 v1.2,higher_worse,TRUE,TRUE,38,,,,
France,FRA,Europe,Western Europe,disaster_displacement,Disaster Displacement Risk Model,,,,current climate,GDRM 2.0,higher_worse,TRUE,TRUE,0,,,,
France,FRA,Europe,Western Europe,internal_displacement,Internal Displacement Index,,,,2022,IDI 2023 publication,lower_worse,TRUE,TRUE,44,,,,
Gabon,GAB,Africa,Sub-Saharan Africa,inform_risk,INFORM Risk,Gabon,3.7,,2026,2026 v0.7.2,higher_worse,TRUE,TRUE,191,94,5,FALSE,FALSE
Gabon,GAB,Africa,Sub-Saharan Africa,inform_severity,INFORM Severity,,,,2026-06,June 2026,higher_worse,TRUE,TRUE,65,,,,
Gabon,GAB,Africa,Sub-Saharan Africa,underfunded_crisis,Underfunded Crisis Index,,,,2021-2025 cumulative,2025,lower_worse,TRUE,TRUE,27,,,,
Gabon,GAB,Africa,Sub-Saharan Africa,oecd_fragility,OECD Multidimensional Fragility,Gabon,-1.61939568096508,,predominantly 2023,States of Fragility 2025,lower_worse,TRUE,TRUE,61,47,8,FALSE,FALSE
Gabon,GAB,Africa,Sub-Saharan Africa,worldrisk,WorldRiskIndex,Gabon,6.18,,2025,2025,higher_worse,TRUE,TRUE,193,75,4,FALSE,FALSE
Gabon,GAB,Africa,Sub-Saharan Africa,nd_gain,ND-GAIN Country Index,Gabon,42.6248238880957,,2024,2026 release,lower_worse,TRUE,TRUE,190,65,4,FALSE,FALSE
Gabon,GAB,Africa,Sub-Saharan Africa,hdi,Human Development Index,Gabon,0.733,,2023,Human Development Report 2025,lower_worse,TRUE,TRUE,192,84,5,FALSE,FALSE
Gabon,GAB,Africa,Sub-Saharan Africa,mpi,Multidimensional Poverty Index,Gabon,0.0366567,,2019/2021 D,Global MPI 2025,higher_worse,TRUE,TRUE,109,56,6,FALSE,FALSE
Gabon,GAB,Africa,Sub-Saharan Africa,ghi,Global Hunger Index,Gabon,18.8,18.8,2025,2025,higher_worse,TRUE,TRUE,98,41,5,FALSE,FALSE
Gabon,GAB,Africa,Sub-Saharan Africa,ghs,Global Health Security Index,Gabon,21.8,,2021,2021,lower_worse,TRUE,TRUE,193,13,1,TRUE,TRUE
Gabon,GAB,Africa,Sub-Saharan Africa,wps,"Women, Peace and Security Index",Gabon,0.679,,2025,2025/26,lower_worse,TRUE,TRUE,177,87,5,FALSE,FALSE
Gabon,GAB,Africa,Sub-Saharan Africa,un_mvi,UN Multidimensional Vulnerability Index,Gabon,42.5,,2023,High-Level Panel results,higher_worse,TRUE,TRUE,142,127,9,FALSE,FALSE
Gabon,GAB,Africa,Sub-Saharan Africa,debt_distress,Debt-distress classification,,,,latest DSA as of 2026-03-31,31 March 2026,higher_worse,FALSE,FALSE,67,,,,
Gabon,GAB,Africa,Sub-Saharan Africa,searo,Sexual Exploitation and Abuse Risk Overview,,,,December 2025,2026 v1.2,higher_worse,TRUE,TRUE,38,,,,
Gabon,GAB,Africa,Sub-Saharan Africa,disaster_displacement,Disaster Displacement Risk Model,,,,current climate,GDRM 2.0,higher_worse,TRUE,TRUE,0,,,,
Gabon,GAB,Africa,Sub-Saharan Africa,internal_displacement,Internal Displacement Index,,,,2022,IDI 2023 publication,lower_worse,TRUE,TRUE,44,,,,
Gambia,GMB,Africa,Sub-Saharan Africa,inform_risk,INFORM Risk,Gambia,4.6,,2026,2026 v0.7.2,higher_worse,TRUE,TRUE,191,67,4,FALSE,FALSE
Gambia,GMB,Africa,Sub-Saharan Africa,inform_severity,INFORM Severity,,,,2026-06,June 2026,higher_worse,TRUE,TRUE,65,,,,
Gambia,GMB,Africa,Sub-Saharan Africa,underfunded_crisis,Underfunded Crisis Index,,,,2021-2025 cumulative,2025,lower_worse,TRUE,TRUE,27,,,,
Gambia,GMB,Africa,Sub-Saharan Africa,oecd_fragility,OECD Multidimensional Fragility,Gambia (the),-1.27030704963972,,predominantly 2023,States of Fragility 2025,lower_worse,TRUE,TRUE,61,57,10,FALSE,FALSE
Gambia,GMB,Africa,Sub-Saharan Africa,worldrisk,WorldRiskIndex,Gambia,4.43,,2025,2025,higher_worse,TRUE,TRUE,193,91,5,FALSE,FALSE
Gambia,GMB,Africa,Sub-Saharan Africa,nd_gain,ND-GAIN Country Index,Gambia,36.0842884164257,,2024,2026 release,lower_worse,TRUE,TRUE,190,25,2,FALSE,TRUE
Gambia,GMB,Africa,Sub-Saharan Africa,hdi,Human Development Index,Gambia,0.524,,2023,Human Development Report 2025,lower_worse,TRUE,TRUE,192,24,2,FALSE,TRUE
Gambia,GMB,Africa,Sub-Saharan Africa,mpi,Multidimensional Poverty Index,Gambia,0.198023065,,2019/2020 D,Global MPI 2025,higher_worse,TRUE,TRUE,109,32,3,FALSE,FALSE
Gambia,GMB,Africa,Sub-Saharan Africa,ghi,Global Hunger Index,Gambia,17.3,17.3,2025,2025,higher_worse,TRUE,TRUE,98,43,5,FALSE,FALSE
Gambia,GMB,Africa,Sub-Saharan Africa,ghs,Global Health Security Index,Gambia,28.7,,2021,2021,lower_worse,TRUE,TRUE,193,46,3,FALSE,FALSE
Gambia,GMB,Africa,Sub-Saharan Africa,wps,"Women, Peace and Security Index",Gambia,0.528,,2025,2025/26,lower_worse,TRUE,TRUE,177,29,2,FALSE,TRUE
Gambia,GMB,Africa,Sub-Saharan Africa,un_mvi,UN Multidimensional Vulnerability Index,Gambia,59.1,,2023,High-Level Panel results,higher_worse,TRUE,TRUE,142,37,3,FALSE,FALSE
Gambia,GMB,Africa,Sub-Saharan Africa,debt_distress,Debt-distress classification,"Gambia, The",3,High,12/23/2025,31 March 2026,higher_worse,FALSE,FALSE,67,,,,
Gambia,GMB,Africa,Sub-Saharan Africa,searo,Sexual Exploitation and Abuse Risk Overview,,,,December 2025,2026 v1.2,higher_worse,TRUE,TRUE,38,,,,
Gambia,GMB,Africa,Sub-Saharan Africa,disaster_displacement,Disaster Displacement Risk Model,,,,current climate,GDRM 2.0,higher_worse,TRUE,TRUE,0,,,,
Gambia,GMB,Africa,Sub-Saharan Africa,internal_displacement,Internal Displacement Index,,,,2022,IDI 2023 publication,lower_worse,TRUE,TRUE,44,,,,
Georgia,GEO,Asia,Western Asia,inform_risk,INFORM Risk,Georgia,3.5,,2026,2026 v0.7.2,higher_worse,TRUE,TRUE,191,102,6,FALSE,FALSE
Georgia,GEO,Asia,Western Asia,inform_severity,INFORM Severity,,,,2026-06,June 2026,higher_worse,TRUE,TRUE,65,,,,
Georgia,GEO,Asia,Western Asia,underfunded_crisis,Underfunded Crisis Index,,,,2021-2025 cumulative,2025,lower_worse,TRUE,TRUE,27,,,,
Georgia,GEO,Asia,Western Asia,oecd_fragility,OECD Multidimensional Fragility,,,,predominantly 2023,States of Fragility 2025,lower_worse,TRUE,TRUE,61,,,,
Georgia,GEO,Asia,Western Asia,worldrisk,WorldRiskIndex,Georgia,3.8,,2025,2025,higher_worse,TRUE,TRUE,193,100,6,FALSE,FALSE
Georgia,GEO,Asia,Western Asia,nd_gain,ND-GAIN Country Index,Georgia,55.2646549006818,,2024,2026 release,lower_worse,TRUE,TRUE,190,143,8,FALSE,FALSE
Georgia,GEO,Asia,Western Asia,hdi,Human Development Index,Georgia,0.844,,2023,Human Development Report 2025,lower_worse,TRUE,TRUE,192,137,8,FALSE,FALSE
Georgia,GEO,Asia,Western Asia,mpi,Multidimensional Poverty Index,Georgia,0.0012446,,2018 M,Global MPI 2025,higher_worse,TRUE,TRUE,109,105,10,FALSE,FALSE
Georgia,GEO,Asia,Western Asia,ghi,Global Hunger Index,Georgia,,<5,2025,2025,higher_worse,TRUE,TRUE,98,,,,
Georgia,GEO,Asia,Western Asia,ghs,Global Health Security Index,Georgia,52.6,,2021,2021,lower_worse,TRUE,TRUE,193,154,8,FALSE,FALSE
Georgia,GEO,Asia,Western Asia,wps,"Women, Peace and Security Index",Georgia,0.798,,2025,2025/26,lower_worse,TRUE,TRUE,177,135,8,FALSE,FALSE
Georgia,GEO,Asia,Western Asia,un_mvi,UN Multidimensional Vulnerability Index,Georgia,38.6,,2023,High-Level Panel results,higher_worse,TRUE,TRUE,142,141,10,FALSE,FALSE
Georgia,GEO,Asia,Western Asia,debt_distress,Debt-distress classification,,,,latest DSA as of 2026-03-31,31 March 2026,higher_worse,FALSE,FALSE,67,,,,
Georgia,GEO,Asia,Western Asia,searo,Sexual Exploitation and Abuse Risk Overview,,,,December 2025,2026 v1.2,higher_worse,TRUE,TRUE,38,,,,
Georgia,GEO,Asia,Western Asia,disaster_displacement,Disaster Displacement Risk Model,,,,current climate,GDRM 2.0,higher_worse,TRUE,TRUE,0,,,,
Georgia,GEO,Asia,Western Asia,internal_displacement,Internal Displacement Index,Georgia,0.8039640405480649,,2022,IDI 2023 publication,lower_worse,TRUE,TRUE,44,41,10,FALSE,FALSE
Germany,DEU,Europe,Western Europe,inform_risk,INFORM Risk,Germany,2.6,,2026,2026 v0.7.2,higher_worse,TRUE,TRUE,191,138,8,FALSE,FALSE
Germany,DEU,Europe,Western Europe,inform_severity,INFORM Severity,,,,2026-06,June 2026,higher_worse,TRUE,TRUE,65,,,,
Germany,DEU,Europe,Western Europe,underfunded_crisis,Underfunded Crisis Index,,,,2021-2025 cumulative,2025,lower_worse,TRUE,TRUE,27,,,,
Germany,DEU,Europe,Western Europe,oecd_fragility,OECD Multidimensional Fragility,,,,predominantly 2023,States of Fragility 2025,lower_worse,TRUE,TRUE,61,,,,
Germany,DEU,Europe,Western Europe,worldrisk,WorldRiskIndex,Germany,4.28,,2025,2025,higher_worse,TRUE,TRUE,193,95,5,FALSE,FALSE
Germany,DEU,Europe,Western Europe,nd_gain,ND-GAIN Country Index,Germany,69.234606384822,,2024,2026 release,lower_worse,TRUE,TRUE,190,188,10,FALSE,FALSE
Germany,DEU,Europe,Western Europe,hdi,Human Development Index,Germany,0.959,,2023,Human Development Report 2025,lower_worse,TRUE,TRUE,192,187,10,FALSE,FALSE
Germany,DEU,Europe,Western Europe,mpi,Multidimensional Poverty Index,,,,country-specific survey year,Global MPI 2025,higher_worse,TRUE,TRUE,109,,,,
Germany,DEU,Europe,Western Europe,ghi,Global Hunger Index,,,,2025,2025,higher_worse,TRUE,TRUE,98,,,,
Germany,DEU,Europe,Western Europe,ghs,Global Health Security Index,Germany,65.5,,2021,2021,lower_worse,TRUE,TRUE,193,186,10,FALSE,FALSE
Germany,DEU,Europe,Western Europe,wps,"Women, Peace and Security Index",Germany,0.869,,2025,2025/26,lower_worse,TRUE,TRUE,177,157,9,FALSE,FALSE
Germany,DEU,Europe,Western Europe,un_mvi,UN Multidimensional Vulnerability Index,,,,2023,High-Level Panel results,higher_worse,TRUE,TRUE,142,,,,
Germany,DEU,Europe,Western Europe,debt_distress,Debt-distress classification,,,,latest DSA as of 2026-03-31,31 March 2026,higher_worse,FALSE,FALSE,67,,,,
Germany,DEU,Europe,Western Europe,searo,Sexual Exploitation and Abuse Risk Overview,,,,December 2025,2026 v1.2,higher_worse,TRUE,TRUE,38,,,,
Germany,DEU,Europe,Western Europe,disaster_displacement,Disaster Displacement Risk Model,,,,current climate,GDRM 2.0,higher_worse,TRUE,TRUE,0,,,,
Germany,DEU,Europe,Western Europe,internal_displacement,Internal Displacement Index,,,,2022,IDI 2023 publication,lower_worse,TRUE,TRUE,44,,,,
Ghana,GHA,Africa,Sub-Saharan Africa,inform_risk,INFORM Risk,Ghana,4.6,,2026,2026 v0.7.2,higher_worse,TRUE,TRUE,191,67,4,FALSE,FALSE
Ghana,GHA,Africa,Sub-Saharan Africa,inform_severity,INFORM Severity,,,,2026-06,June 2026,higher_worse,TRUE,TRUE,65,,,,
Ghana,GHA,Africa,Sub-Saharan Africa,underfunded_crisis,Underfunded Crisis Index,,,,2021-2025 cumulative,2025,lower_worse,TRUE,TRUE,27,,,,
Ghana,GHA,Africa,Sub-Saharan Africa,oecd_fragility,OECD Multidimensional Fragility,,,,predominantly 2023,States of Fragility 2025,lower_worse,TRUE,TRUE,61,,,,
Ghana,GHA,Africa,Sub-Saharan Africa,worldrisk,WorldRiskIndex,Ghana,3.19,,2025,2025,higher_worse,TRUE,TRUE,193,115,6,FALSE,FALSE
Ghana,GHA,Africa,Sub-Saharan Africa,nd_gain,ND-GAIN Country Index,Ghana,45.1072157517617,,2024,2026 release,lower_worse,TRUE,TRUE,190,82,5,FALSE,FALSE
Ghana,GHA,Africa,Sub-Saharan Africa,hdi,Human Development Index,Ghana,0.628,,2023,Human Development Report 2025,lower_worse,TRUE,TRUE,192,50,3,FALSE,FALSE
Ghana,GHA,Africa,Sub-Saharan Africa,mpi,Multidimensional Poverty Index,Ghana,0.1127846,,2022 D,Global MPI 2025,higher_worse,TRUE,TRUE,109,41,4,FALSE,FALSE
Ghana,GHA,Africa,Sub-Saharan Africa,ghi,Global Hunger Index,Ghana,13.1,13.1,2025,2025,higher_worse,TRUE,TRUE,98,59,6,FALSE,FALSE
Ghana,GHA,Africa,Sub-Saharan Africa,ghs,Global Health Security Index,Ghana,34.3,,2021,2021,lower_worse,TRUE,TRUE,193,90,5,FALSE,FALSE
Ghana,GHA,Africa,Sub-Saharan Africa,wps,"Women, Peace and Security Index",Ghana,0.639,,2025,2025/26,lower_worse,TRUE,TRUE,177,65,4,FALSE,FALSE
Ghana,GHA,Africa,Sub-Saharan Africa,un_mvi,UN Multidimensional Vulnerability Index,Ghana,44.1,,2023,High-Level Panel results,higher_worse,TRUE,TRUE,142,117,9,FALSE,FALSE
Ghana,GHA,Africa,Sub-Saharan Africa,debt_distress,Debt-distress classification,Ghana,3,High,12/22/2025,31 March 2026,higher_worse,FALSE,FALSE,67,,,,
Ghana,GHA,Africa,Sub-Saharan Africa,searo,Sexual Exploitation and Abuse Risk Overview,,,,December 2025,2026 v1.2,higher_worse,TRUE,TRUE,38,,,,
Ghana,GHA,Africa,Sub-Saharan Africa,disaster_displacement,Disaster Displacement Risk Model,,,,current climate,GDRM 2.0,higher_worse,TRUE,TRUE,0,,,,
Ghana,GHA,Africa,Sub-Saharan Africa,internal_displacement,Internal Displacement Index,,,,2022,IDI 2023 publication,lower_worse,TRUE,TRUE,44,,,,
Greece,GRC,Europe,Southern Europe,inform_risk,INFORM Risk,Greece,3,,2026,2026 v0.7.2,higher_worse,TRUE,TRUE,191,120,7,FALSE,FALSE
Greece,GRC,Europe,Southern Europe,inform_severity,INFORM Severity,Greece,4.3,,2026-06,June 2026,higher_worse,TRUE,TRUE,65,55,9,FALSE,FALSE
Greece,GRC,Europe,Southern Europe,underfunded_crisis,Underfunded Crisis Index,,,,2021-2025 cumulative,2025,lower_worse,TRUE,TRUE,27,,,,
Greece,GRC,Europe,Southern Europe,oecd_fragility,OECD Multidimensional Fragility,,,,predominantly 2023,States of Fragility 2025,lower_worse,TRUE,TRUE,61,,,,
Greece,GRC,Europe,Southern Europe,worldrisk,WorldRiskIndex,Greece,9.02,,2025,2025,higher_worse,TRUE,TRUE,193,63,4,FALSE,FALSE
Greece,GRC,Europe,Southern Europe,nd_gain,ND-GAIN Country Index,Greece,60.4158335966547,,2024,2026 release,lower_worse,TRUE,TRUE,190,160,9,FALSE,FALSE
Greece,GRC,Europe,Southern Europe,hdi,Human Development Index,Greece,0.908,,2023,Human Development Report 2025,lower_worse,TRUE,TRUE,192,160,9,FALSE,FALSE
Greece,GRC,Europe,Southern Europe,mpi,Multidimensional Poverty Index,,,,country-specific survey year,Global MPI 2025,higher_worse,TRUE,TRUE,109,,,,
Greece,GRC,Europe,Southern Europe,ghi,Global Hunger Index,,,,2025,2025,higher_worse,TRUE,TRUE,98,,,,
Greece,GRC,Europe,Southern Europe,ghs,Global Health Security Index,Greece,51.5,,2021,2021,lower_worse,TRUE,TRUE,193,152,8,FALSE,FALSE
Greece,GRC,Europe,Southern Europe,wps,"Women, Peace and Security Index",Greece,0.752,,2025,2025/26,lower_worse,TRUE,TRUE,177,120,7,FALSE,FALSE
Greece,GRC,Europe,Southern Europe,un_mvi,UN Multidimensional Vulnerability Index,,,,2023,High-Level Panel results,higher_worse,TRUE,TRUE,142,,,,
Greece,GRC,Europe,Southern Europe,debt_distress,Debt-distress classification,,,,latest DSA as of 2026-03-31,31 March 2026,higher_worse,FALSE,FALSE,67,,,,
Greece,GRC,Europe,Southern Europe,searo,Sexual Exploitation and Abuse Risk Overview,,,,December 2025,2026 v1.2,higher_worse,TRUE,TRUE,38,,,,
Greece,GRC,Europe,Southern Europe,disaster_displacement,Disaster Displacement Risk Model,,,,current climate,GDRM 2.0,higher_worse,TRUE,TRUE,0,,,,
Greece,GRC,Europe,Southern Europe,internal_displacement,Internal Displacement Index,,,,2022,IDI 2023 publication,lower_worse,TRUE,TRUE,44,,,,
Grenada,GRD,Americas,Latin America and the Caribbean,inform_risk,INFORM Risk,Grenada,2.8,,2026,2026 v0.7.2,higher_worse,TRUE,TRUE,191,130,7,FALSE,FALSE
Grenada,GRD,Americas,Latin America and the Caribbean,inform_severity,INFORM Severity,,,,2026-06,June 2026,higher_worse,TRUE,TRUE,65,,,,
Grenada,GRD,Americas,Latin America and the Caribbean,underfunded_crisis,Underfunded Crisis Index,,,,2021-2025 cumulative,2025,lower_worse,TRUE,TRUE,27,,,,
Grenada,GRD,Americas,Latin America and the Caribbean,oecd_fragility,OECD Multidimensional Fragility,,,,predominantly 2023,States of Fragility 2025,lower_worse,TRUE,TRUE,61,,,,
Grenada,GRD,Americas,Latin America and the Caribbean,worldrisk,WorldRiskIndex,Grenada,2.02,,2025,2025,higher_worse,TRUE,TRUE,193,153,8,FALSE,FALSE
Grenada,GRD,Americas,Latin America and the Caribbean,nd_gain,ND-GAIN Country Index,Grenada,55.160635741955,,2024,2026 release,lower_worse,TRUE,TRUE,190,142,8,FALSE,FALSE
Grenada,GRD,Americas,Latin America and the Caribbean,hdi,Human Development Index,Grenada,0.791,,2023,Human Development Report 2025,lower_worse,TRUE,TRUE,192,114,6,FALSE,FALSE
Grenada,GRD,Americas,Latin America and the Caribbean,mpi,Multidimensional Poverty Index,,,,country-specific survey year,Global MPI 2025,higher_worse,TRUE,TRUE,109,,,,
Grenada,GRD,Americas,Latin America and the Caribbean,ghi,Global Hunger Index,,,,2025,2025,higher_worse,TRUE,TRUE,98,,,,
Grenada,GRD,Americas,Latin America and the Caribbean,ghs,Global Health Security Index,Grenada,26.7,,2021,2021,lower_worse,TRUE,TRUE,193,37,2,FALSE,TRUE
Grenada,GRD,Americas,Latin America and the Caribbean,wps,"Women, Peace and Security Index",Grenada,0.787,,2025,2025/26,lower_worse,TRUE,TRUE,177,130,8,FALSE,FALSE
Grenada,GRD,Americas,Latin America and the Caribbean,un_mvi,UN Multidimensional Vulnerability Index,Grenada,61.7,,2023,High-Level Panel results,higher_worse,TRUE,TRUE,142,23,2,FALSE,TRUE
Grenada,GRD,Americas,Latin America and the Caribbean,debt_distress,Debt-distress classification,Grenada,4,In debt distress,2/4/2025,31 March 2026,higher_worse,FALSE,FALSE,67,,,,
Grenada,GRD,Americas,Latin America and the Caribbean,searo,Sexual Exploitation and Abuse Risk Overview,,,,December 2025,2026 v1.2,higher_worse,TRUE,TRUE,38,,,,
Grenada,GRD,Americas,Latin America and the Caribbean,disaster_displacement,Disaster Displacement Risk Model,,,,current climate,GDRM 2.0,higher_worse,TRUE,TRUE,0,,,,
Grenada,GRD,Americas,Latin America and the Caribbean,internal_displacement,Internal Displacement Index,,,,2022,IDI 2023 publication,lower_worse,TRUE,TRUE,44,,,,
Guatemala,GTM,Americas,Latin America and the Caribbean,inform_risk,INFORM Risk,Guatemala,5.8,,2026,2026 v0.7.2,higher_worse,TRUE,TRUE,191,30,2,FALSE,TRUE
Guatemala,GTM,Americas,Latin America and the Caribbean,inform_severity,INFORM Severity,Guatemala,7.3,,2026-06,June 2026,higher_worse,TRUE,TRUE,65,25,4,FALSE,FALSE
Guatemala,GTM,Americas,Latin America and the Caribbean,underfunded_crisis,Underfunded Crisis Index,Guatemala,43.9232761,43.9%,2021-2025 cumulative,2025,lower_worse,TRUE,TRUE,27,7,3,FALSE,FALSE
Guatemala,GTM,Americas,Latin America and the Caribbean,oecd_fragility,OECD Multidimensional Fragility,Guatemala,-1.47599111268248,,predominantly 2023,States of Fragility 2025,lower_worse,TRUE,TRUE,61,50,9,FALSE,FALSE
Guatemala,GTM,Americas,Latin America and the Caribbean,worldrisk,WorldRiskIndex,Guatemala,11.36,,2025,2025,higher_worse,TRUE,TRUE,193,45,3,FALSE,FALSE
Guatemala,GTM,Americas,Latin America and the Caribbean,nd_gain,ND-GAIN Country Index,Guatemala,43.6421754854711,,2024,2026 release,lower_worse,TRUE,TRUE,190,71,4,FALSE,FALSE
Guatemala,GTM,Americas,Latin America and the Caribbean,hdi,Human Development Index,Guatemala,0.662,,2023,Human Development Report 2025,lower_worse,TRUE,TRUE,192,57,3,FALSE,FALSE
Guatemala,GTM,Americas,Latin America and the Caribbean,mpi,Multidimensional Poverty Index,Guatemala,0.13351782,,2014/2015 D,Global MPI 2025,higher_worse,TRUE,TRUE,109,38,4,FALSE,FALSE
Guatemala,GTM,Americas,Latin America and the Caribbean,ghi,Global Hunger Index,Guatemala,18,18.0,2025,2025,higher_worse,TRUE,TRUE,98,42,5,FALSE,FALSE
Guatemala,GTM,Americas,Latin America and the Caribbean,ghs,Global Health Security Index,Guatemala,29.1,,2021,2021,lower_worse,TRUE,TRUE,193,51,3,FALSE,FALSE
Guatemala,GTM,Americas,Latin America and the Caribbean,wps,"Women, Peace and Security Index",Guatemala,0.561,,2025,2025/26,lower_worse,TRUE,TRUE,177,37,3,FALSE,FALSE
Guatemala,GTM,Americas,Latin America and the Caribbean,un_mvi,UN Multidimensional Vulnerability Index,Guatemala,44.7,,2023,High-Level Panel results,higher_worse,TRUE,TRUE,142,115,9,FALSE,FALSE
Guatemala,GTM,Americas,Latin America and the Caribbean,debt_distress,Debt-distress classification,,,,latest DSA as of 2026-03-31,31 March 2026,higher_worse,FALSE,FALSE,67,,,,
Guatemala,GTM,Americas,Latin America and the Caribbean,searo,Sexual Exploitation and Abuse Risk Overview,Guatemala,5.365569521520433,,December 2025,2026 v1.2,higher_worse,TRUE,TRUE,38,33,9,FALSE,FALSE
Guatemala,GTM,Americas,Latin America and the Caribbean,disaster_displacement,Disaster Displacement Risk Model,,,,current climate,GDRM 2.0,higher_worse,TRUE,TRUE,0,,,,
Guatemala,GTM,Americas,Latin America and the Caribbean,internal_displacement,Internal Displacement Index,Guatemala,0.764123601248912,,2022,IDI 2023 publication,lower_worse,TRUE,TRUE,44,27,6,FALSE,FALSE
Guinea,GIN,Africa,Sub-Saharan Africa,inform_risk,INFORM Risk,Guinea,5.4,,2026,2026 v0.7.2,higher_worse,TRUE,TRUE,191,43,3,FALSE,FALSE
Guinea,GIN,Africa,Sub-Saharan Africa,inform_severity,INFORM Severity,,,,2026-06,June 2026,higher_worse,TRUE,TRUE,65,,,,
Guinea,GIN,Africa,Sub-Saharan Africa,underfunded_crisis,Underfunded Crisis Index,,,,2021-2025 cumulative,2025,lower_worse,TRUE,TRUE,27,,,,
Guinea,GIN,Africa,Sub-Saharan Africa,oecd_fragility,OECD Multidimensional Fragility,Guinea,-2.53407525633295,,predominantly 2023,States of Fragility 2025,lower_worse,TRUE,TRUE,61,25,4,FALSE,FALSE
Guinea,GIN,Africa,Sub-Saharan Africa,worldrisk,WorldRiskIndex,Guinea,6.92,,2025,2025,higher_worse,TRUE,TRUE,193,70,4,FALSE,FALSE
Guinea,GIN,Africa,Sub-Saharan Africa,nd_gain,ND-GAIN Country Index,Guinea,40.6955300655137,,2024,2026 release,lower_worse,TRUE,TRUE,190,51,3,FALSE,FALSE
Guinea,GIN,Africa,Sub-Saharan Africa,hdi,Human Development Index,Guinea,0.5,,2023,Human Development Report 2025,lower_worse,TRUE,TRUE,192,15,1,TRUE,TRUE
Guinea,GIN,Africa,Sub-Saharan Africa,mpi,Multidimensional Poverty Index,Guinea,0.373221634,,2018 D,Global MPI 2025,higher_worse,TRUE,TRUE,109,7,1,TRUE,TRUE
Guinea,GIN,Africa,Sub-Saharan Africa,ghi,Global Hunger Index,Guinea,23.7,23.7,2025,2025,higher_worse,TRUE,TRUE,98,25,3,FALSE,FALSE
Guinea,GIN,Africa,Sub-Saharan Africa,ghs,Global Health Security Index,Guinea,26.8,,2021,2021,lower_worse,TRUE,TRUE,193,38,2,FALSE,TRUE
Guinea,GIN,Africa,Sub-Saharan Africa,wps,"Women, Peace and Security Index",Guinea,0.527,,2025,2025/26,lower_worse,TRUE,TRUE,177,28,2,FALSE,TRUE
Guinea,GIN,Africa,Sub-Saharan Africa,un_mvi,UN Multidimensional Vulnerability Index,Guinea,47.7,,2023,High-Level Panel results,higher_worse,TRUE,TRUE,142,96,7,FALSE,FALSE
Guinea,GIN,Africa,Sub-Saharan Africa,debt_distress,Debt-distress classification,Guinea,2,Moderate,5/17/2024,31 March 2026,higher_worse,FALSE,FALSE,67,,,,
Guinea,GIN,Africa,Sub-Saharan Africa,searo,Sexual Exploitation and Abuse Risk Overview,,,,December 2025,2026 v1.2,higher_worse,TRUE,TRUE,38,,,,
Guinea,GIN,Africa,Sub-Saharan Africa,disaster_displacement,Disaster Displacement Risk Model,,,,current climate,GDRM 2.0,higher_worse,TRUE,TRUE,0,,,,
Guinea,GIN,Africa,Sub-Saharan Africa,internal_displacement,Internal Displacement Index,,,,2022,IDI 2023 publication,lower_worse,TRUE,TRUE,44,,,,
Guinea-Bissau,GNB,Africa,Sub-Saharan Africa,inform_risk,INFORM Risk,Guinea-Bissau,4.3,,2026,2026 v0.7.2,higher_worse,TRUE,TRUE,191,75,4,FALSE,FALSE
Guinea-Bissau,GNB,Africa,Sub-Saharan Africa,inform_severity,INFORM Severity,,,,2026-06,June 2026,higher_worse,TRUE,TRUE,65,,,,
Guinea-Bissau,GNB,Africa,Sub-Saharan Africa,underfunded_crisis,Underfunded Crisis Index,,,,2021-2025 cumulative,2025,lower_worse,TRUE,TRUE,27,,,,
Guinea-Bissau,GNB,Africa,Sub-Saharan Africa,oecd_fragility,OECD Multidimensional Fragility,Guinea-Bissau,-2.18115650107075,,predominantly 2023,States of Fragility 2025,lower_worse,TRUE,TRUE,61,33,6,FALSE,FALSE
Guinea-Bissau,GNB,Africa,Sub-Saharan Africa,worldrisk,WorldRiskIndex,Guinea-Bissau,3.15,,2025,2025,higher_worse,TRUE,TRUE,193,117,7,FALSE,FALSE
Guinea-Bissau,GNB,Africa,Sub-Saharan Africa,nd_gain,ND-GAIN Country Index,Guinea-Bissau,32.7032903614811,,2024,2026 release,lower_worse,TRUE,TRUE,190,10,1,TRUE,TRUE
Guinea-Bissau,GNB,Africa,Sub-Saharan Africa,hdi,Human Development Index,Guinea-Bissau,0.514,,2023,Human Development Report 2025,lower_worse,TRUE,TRUE,192,20,1,TRUE,TRUE
Guinea-Bissau,GNB,Africa,Sub-Saharan Africa,mpi,Multidimensional Poverty Index,Guinea-Bissau,0.340688723,,2018/2019 M,Global MPI 2025,higher_worse,TRUE,TRUE,109,11,1,TRUE,TRUE
Guinea-Bissau,GNB,Africa,Sub-Saharan Africa,ghi,Global Hunger Index,Guinea-Bissau,25.4,25.4,2025,2025,higher_worse,TRUE,TRUE,98,23,3,FALSE,FALSE
Guinea-Bissau,GNB,Africa,Sub-Saharan Africa,ghs,Global Health Security Index,Guinea-Bissau,21.4,,2021,2021,lower_worse,TRUE,TRUE,193,11,1,TRUE,TRUE
Guinea-Bissau,GNB,Africa,Sub-Saharan Africa,wps,"Women, Peace and Security Index",Guinea-Bissau,0.508,,2025,2025/26,lower_worse,TRUE,TRUE,177,23,2,FALSE,TRUE
Guinea-Bissau,GNB,Africa,Sub-Saharan Africa,un_mvi,UN Multidimensional Vulnerability Index,Guinea-Bissau,58.8,,2023,High-Level Panel results,higher_worse,TRUE,TRUE,142,39,3,FALSE,FALSE
Guinea-Bissau,GNB,Africa,Sub-Saharan Africa,debt_distress,Debt-distress classification,Guinea-Bissau,3,High,7/7/2025,31 March 2026,higher_worse,FALSE,FALSE,67,,,,
Guinea-Bissau,GNB,Africa,Sub-Saharan Africa,searo,Sexual Exploitation and Abuse Risk Overview,,,,December 2025,2026 v1.2,higher_worse,TRUE,TRUE,38,,,,
Guinea-Bissau,GNB,Africa,Sub-Saharan Africa,disaster_displacement,Disaster Displacement Risk Model,,,,current climate,GDRM 2.0,higher_worse,TRUE,TRUE,0,,,,
Guinea-Bissau,GNB,Africa,Sub-Saharan Africa,internal_displacement,Internal Displacement Index,,,,2022,IDI 2023 publication,lower_worse,TRUE,TRUE,44,,,,
Guyana,GUY,Americas,Latin America and the Caribbean,inform_risk,INFORM Risk,Guyana,3.9,,2026,2026 v0.7.2,higher_worse,TRUE,TRUE,191,87,5,FALSE,FALSE
Guyana,GUY,Americas,Latin America and the Caribbean,inform_severity,INFORM Severity,,,,2026-06,June 2026,higher_worse,TRUE,TRUE,65,,,,
Guyana,GUY,Americas,Latin America and the Caribbean,underfunded_crisis,Underfunded Crisis Index,,,,2021-2025 cumulative,2025,lower_worse,TRUE,TRUE,27,,,,
Guyana,GUY,Americas,Latin America and the Caribbean,oecd_fragility,OECD Multidimensional Fragility,,,,predominantly 2023,States of Fragility 2025,lower_worse,TRUE,TRUE,61,,,,
Guyana,GUY,Americas,Latin America and the Caribbean,worldrisk,WorldRiskIndex,Guyana,6.4,,2025,2025,higher_worse,TRUE,TRUE,193,73,4,FALSE,FALSE
Guyana,GUY,Americas,Latin America and the Caribbean,nd_gain,ND-GAIN Country Index,Guyana,45.9238539955804,,2024,2026 release,lower_worse,TRUE,TRUE,190,88,5,FALSE,FALSE
Guyana,GUY,Americas,Latin America and the Caribbean,hdi,Human Development Index,Guyana,0.776,,2023,Human Development Report 2025,lower_worse,TRUE,TRUE,192,103,6,FALSE,FALSE
Guyana,GUY,Americas,Latin America and the Caribbean,mpi,Multidimensional Poverty Index,Guyana,0.007164709,,2019/2020 M,Global MPI 2025,higher_worse,TRUE,TRUE,109,85,8,FALSE,FALSE
Guyana,GUY,Americas,Latin America and the Caribbean,ghi,Global Hunger Index,Guyana,8.3,8.3,2025,2025,higher_worse,TRUE,TRUE,98,79,8,FALSE,FALSE
Guyana,GUY,Americas,Latin America and the Caribbean,ghs,Global Health Security Index,Guyana,30.8,,2021,2021,lower_worse,TRUE,TRUE,193,66,4,FALSE,FALSE
Guyana,GUY,Americas,Latin America and the Caribbean,wps,"Women, Peace and Security Index",Guyana,0.77,,2025,2025/26,lower_worse,TRUE,TRUE,177,127,8,FALSE,FALSE
Guyana,GUY,Americas,Latin America and the Caribbean,un_mvi,UN Multidimensional Vulnerability Index,Guyana,46.4,,2023,High-Level Panel results,higher_worse,TRUE,TRUE,142,104,8,FALSE,FALSE
Guyana,GUY,Americas,Latin America and the Caribbean,debt_distress,Debt-distress classification,,,,latest DSA as of 2026-03-31,31 March 2026,higher_worse,FALSE,FALSE,67,,,,
Guyana,GUY,Americas,Latin America and the Caribbean,searo,Sexual Exploitation and Abuse Risk Overview,,,,December 2025,2026 v1.2,higher_worse,TRUE,TRUE,38,,,,
Guyana,GUY,Americas,Latin America and the Caribbean,disaster_displacement,Disaster Displacement Risk Model,,,,current climate,GDRM 2.0,higher_worse,TRUE,TRUE,0,,,,
Guyana,GUY,Americas,Latin America and the Caribbean,internal_displacement,Internal Displacement Index,,,,2022,IDI 2023 publication,lower_worse,TRUE,TRUE,44,,,,
Haiti,HTI,Americas,Latin America and the Caribbean,inform_risk,INFORM Risk,Haiti,7.5,,2026,2026 v0.7.2,higher_worse,TRUE,TRUE,191,10,1,TRUE,TRUE
Haiti,HTI,Americas,Latin America and the Caribbean,inform_severity,INFORM Severity,Haiti,8.9,,2026-06,June 2026,higher_worse,TRUE,TRUE,65,9,2,FALSE,TRUE
Haiti,HTI,Americas,Latin America and the Caribbean,underfunded_crisis,Underfunded Crisis Index,Haiti,37.4633878,37.5%,2021-2025 cumulative,2025,lower_worse,TRUE,TRUE,27,4,2,FALSE,TRUE
Haiti,HTI,Americas,Latin America and the Caribbean,oecd_fragility,OECD Multidimensional Fragility,Haiti,-3.61897182456243,,predominantly 2023,States of Fragility 2025,lower_worse,TRUE,TRUE,61,9,2,FALSE,TRUE
Haiti,HTI,Americas,Latin America and the Caribbean,worldrisk,WorldRiskIndex,Haiti,10.06,,2025,2025,higher_worse,TRUE,TRUE,193,54,3,FALSE,FALSE
Haiti,HTI,Americas,Latin America and the Caribbean,nd_gain,ND-GAIN Country Index,Haiti,33.2698958650802,,2024,2026 release,lower_worse,TRUE,TRUE,190,13,1,TRUE,TRUE
Haiti,HTI,Americas,Latin America and the Caribbean,hdi,Human Development Index,Haiti,0.554,,2023,Human Development Report 2025,lower_worse,TRUE,TRUE,192,28,2,FALSE,TRUE
Haiti,HTI,Americas,Latin America and the Caribbean,mpi,Multidimensional Poverty Index,Haiti,0.199587694,,2016/2017 D,Global MPI 2025,higher_worse,TRUE,TRUE,109,30,3,FALSE,FALSE
Haiti,HTI,Americas,Latin America and the Caribbean,ghi,Global Hunger Index,Haiti,35.7,35.7,2025,2025,higher_worse,TRUE,TRUE,98,5,1,TRUE,TRUE
Haiti,HTI,Americas,Latin America and the Caribbean,ghs,Global Health Security Index,Haiti,30.4,,2021,2021,lower_worse,TRUE,TRUE,193,61,4,FALSE,FALSE
Haiti,HTI,Americas,Latin America and the Caribbean,wps,"Women, Peace and Security Index",Haiti,0.399,,2025,2025/26,lower_worse,TRUE,TRUE,177,6,1,TRUE,TRUE
Haiti,HTI,Americas,Latin America and the Caribbean,un_mvi,UN Multidimensional Vulnerability Index,Haiti,65.6,,2023,High-Level Panel results,higher_worse,TRUE,TRUE,142,10,1,TRUE,TRUE
Haiti,HTI,Americas,Latin America and the Caribbean,debt_distress,Debt-distress classification,Haiti,3,High,12/10/2024,31 March 2026,higher_worse,FALSE,FALSE,67,,,,
Haiti,HTI,Americas,Latin America and the Caribbean,searo,Sexual Exploitation and Abuse Risk Overview,Haiti,6.799974409142457,,December 2025,2026 v1.2,higher_worse,TRUE,TRUE,38,8,2,FALSE,TRUE
Haiti,HTI,Americas,Latin America and the Caribbean,disaster_displacement,Disaster Displacement Risk Model,,,,current climate,GDRM 2.0,higher_worse,TRUE,TRUE,0,,,,
Haiti,HTI,Americas,Latin America and the Caribbean,internal_displacement,Internal Displacement Index,,,,2022,IDI 2023 publication,lower_worse,TRUE,TRUE,44,,,,
Holy See,VAT,Europe,Southern Europe,inform_risk,INFORM Risk,,,,2026,2026 v0.7.2,higher_worse,TRUE,TRUE,191,,,,
Holy See,VAT,Europe,Southern Europe,inform_severity,INFORM Severity,,,,2026-06,June 2026,higher_worse,TRUE,TRUE,65,,,,
Holy See,VAT,Europe,Southern Europe,underfunded_crisis,Underfunded Crisis Index,,,,2021-2025 cumulative,2025,lower_worse,TRUE,TRUE,27,,,,
Holy See,VAT,Europe,Southern Europe,oecd_fragility,OECD Multidimensional Fragility,,,,predominantly 2023,States of Fragility 2025,lower_worse,TRUE,TRUE,61,,,,
Holy See,VAT,Europe,Southern Europe,worldrisk,WorldRiskIndex,,,,2025,2025,higher_worse,TRUE,TRUE,193,,,,
Holy See,VAT,Europe,Southern Europe,nd_gain,ND-GAIN Country Index,,,,2024,2026 release,lower_worse,TRUE,TRUE,190,,,,
Holy See,VAT,Europe,Southern Europe,hdi,Human Development Index,,,,2023,Human Development Report 2025,lower_worse,TRUE,TRUE,192,,,,
Holy See,VAT,Europe,Southern Europe,mpi,Multidimensional Poverty Index,,,,country-specific survey year,Global MPI 2025,higher_worse,TRUE,TRUE,109,,,,
Holy See,VAT,Europe,Southern Europe,ghi,Global Hunger Index,,,,2025,2025,higher_worse,TRUE,TRUE,98,,,,
Holy See,VAT,Europe,Southern Europe,ghs,Global Health Security Index,,,,2021,2021,lower_worse,TRUE,TRUE,193,,,,
Holy See,VAT,Europe,Southern Europe,wps,"Women, Peace and Security Index",,,,2025,2025/26,lower_worse,TRUE,TRUE,177,,,,
Holy See,VAT,Europe,Southern Europe,un_mvi,UN Multidimensional Vulnerability Index,,,,2023,High-Level Panel results,higher_worse,TRUE,TRUE,142,,,,
Holy See,VAT,Europe,Southern Europe,debt_distress,Debt-distress classification,,,,latest DSA as of 2026-03-31,31 March 2026,higher_worse,FALSE,FALSE,67,,,,
Holy See,VAT,Europe,Southern Europe,searo,Sexual Exploitation and Abuse Risk Overview,,,,December 2025,2026 v1.2,higher_worse,TRUE,TRUE,38,,,,
Holy See,VAT,Europe,Southern Europe,disaster_displacement,Disaster Displacement Risk Model,,,,current climate,GDRM 2.0,higher_worse,TRUE,TRUE,0,,,,
Holy See,VAT,Europe,Southern Europe,internal_displacement,Internal Displacement Index,,,,2022,IDI 2023 publication,lower_worse,TRUE,TRUE,44,,,,
Honduras,HND,Americas,Latin America and the Caribbean,inform_risk,INFORM Risk,Honduras,5.6,,2026,2026 v0.7.2,higher_worse,TRUE,TRUE,191,35,2,FALSE,TRUE
Honduras,HND,Americas,Latin America and the Caribbean,inform_severity,INFORM Severity,Honduras,6.8,,2026-06,June 2026,higher_worse,TRUE,TRUE,65,33,5,FALSE,FALSE
Honduras,HND,Americas,Latin America and the Caribbean,underfunded_crisis,Underfunded Crisis Index,Honduras,35.9235555,35.9%,2021-2025 cumulative,2025,lower_worse,TRUE,TRUE,27,2,1,TRUE,TRUE
Honduras,HND,Americas,Latin America and the Caribbean,oecd_fragility,OECD Multidimensional Fragility,,,,predominantly 2023,States of Fragility 2025,lower_worse,TRUE,TRUE,61,,,,
Honduras,HND,Americas,Latin America and the Caribbean,worldrisk,WorldRiskIndex,Honduras,17.78,,2025,2025,higher_worse,TRUE,TRUE,193,28,2,FALSE,TRUE
Honduras,HND,Americas,Latin America and the Caribbean,nd_gain,ND-GAIN Country Index,Honduras,41.3281279885706,,2024,2026 release,lower_worse,TRUE,TRUE,190,55,3,FALSE,FALSE
Honduras,HND,Americas,Latin America and the Caribbean,hdi,Human Development Index,Honduras,0.645,,2023,Human Development Report 2025,lower_worse,TRUE,TRUE,192,55,3,FALSE,FALSE
Honduras,HND,Americas,Latin America and the Caribbean,mpi,Multidimensional Poverty Index,Honduras,0.051154169,,2019 M,Global MPI 2025,higher_worse,TRUE,TRUE,109,53,5,FALSE,FALSE
Honduras,HND,Americas,Latin America and the Caribbean,ghi,Global Hunger Index,Honduras,12.5,12.5,2025,2025,higher_worse,TRUE,TRUE,98,62,7,FALSE,FALSE
Honduras,HND,Americas,Latin America and the Caribbean,ghs,Global Health Security Index,Honduras,26.2,,2021,2021,lower_worse,TRUE,TRUE,193,28,2,FALSE,TRUE
Honduras,HND,Americas,Latin America and the Caribbean,wps,"Women, Peace and Security Index",Honduras,0.561,,2025,2025/26,lower_worse,TRUE,TRUE,177,37,3,FALSE,FALSE
Honduras,HND,Americas,Latin America and the Caribbean,un_mvi,UN Multidimensional Vulnerability Index,Honduras,48.2,,2023,High-Level Panel results,higher_worse,TRUE,TRUE,142,94,7,FALSE,FALSE
Honduras,HND,Americas,Latin America and the Caribbean,debt_distress,Debt-distress classification,Honduras,1,Low,12/10/2024,31 March 2026,higher_worse,FALSE,FALSE,67,,,,
Honduras,HND,Americas,Latin America and the Caribbean,searo,Sexual Exploitation and Abuse Risk Overview,Honduras,5.651654736825382,,December 2025,2026 v1.2,higher_worse,TRUE,TRUE,38,29,8,FALSE,FALSE
Honduras,HND,Americas,Latin America and the Caribbean,disaster_displacement,Disaster Displacement Risk Model,,,,current climate,GDRM 2.0,higher_worse,TRUE,TRUE,0,,,,
Honduras,HND,Americas,Latin America and the Caribbean,internal_displacement,Internal Displacement Index,Honduras,0.7409873064368707,,2022,IDI 2023 publication,lower_worse,TRUE,TRUE,44,22,5,FALSE,FALSE
Hungary,HUN,Europe,Eastern Europe,inform_risk,INFORM Risk,Hungary,2.3,,2026,2026 v0.7.2,higher_worse,TRUE,TRUE,191,159,9,FALSE,FALSE
Hungary,HUN,Europe,Eastern Europe,inform_severity,INFORM Severity,,,,2026-06,June 2026,higher_worse,TRUE,TRUE,65,,,,
Hungary,HUN,Europe,Eastern Europe,underfunded_crisis,Underfunded Crisis Index,,,,2021-2025 cumulative,2025,lower_worse,TRUE,TRUE,27,,,,
Hungary,HUN,Europe,Eastern Europe,oecd_fragility,OECD Multidimensional Fragility,,,,predominantly 2023,States of Fragility 2025,lower_worse,TRUE,TRUE,61,,,,
Hungary,HUN,Europe,Eastern Europe,worldrisk,WorldRiskIndex,Hungary,0.91,,2025,2025,higher_worse,TRUE,TRUE,193,182,10,FALSE,FALSE
Hungary,HUN,Europe,Eastern Europe,nd_gain,ND-GAIN Country Index,Hungary,57.4104682587766,,2024,2026 release,lower_worse,TRUE,TRUE,190,151,8,FALSE,FALSE
Hungary,HUN,Europe,Eastern Europe,hdi,Human Development Index,Hungary,0.87,,2023,Human Development Report 2025,lower_worse,TRUE,TRUE,192,148,8,FALSE,FALSE
Hungary,HUN,Europe,Eastern Europe,mpi,Multidimensional Poverty Index,,,,country-specific survey year,Global MPI 2025,higher_worse,TRUE,TRUE,109,,,,
Hungary,HUN,Europe,Eastern Europe,ghi,Global Hunger Index,Hungary,,<5,2025,2025,higher_worse,TRUE,TRUE,98,,,,
Hungary,HUN,Europe,Eastern Europe,ghs,Global Health Security Index,Hungary,54.4,,2021,2021,lower_worse,TRUE,TRUE,193,158,9,FALSE,FALSE
Hungary,HUN,Europe,Eastern Europe,wps,"Women, Peace and Security Index",Hungary,0.832,,2025,2025/26,lower_worse,TRUE,TRUE,177,146,9,FALSE,FALSE
Hungary,HUN,Europe,Eastern Europe,un_mvi,UN Multidimensional Vulnerability Index,,,,2023,High-Level Panel results,higher_worse,TRUE,TRUE,142,,,,
Hungary,HUN,Europe,Eastern Europe,debt_distress,Debt-distress classification,,,,latest DSA as of 2026-03-31,31 March 2026,higher_worse,FALSE,FALSE,67,,,,
Hungary,HUN,Europe,Eastern Europe,searo,Sexual Exploitation and Abuse Risk Overview,,,,December 2025,2026 v1.2,higher_worse,TRUE,TRUE,38,,,,
Hungary,HUN,Europe,Eastern Europe,disaster_displacement,Disaster Displacement Risk Model,,,,current climate,GDRM 2.0,higher_worse,TRUE,TRUE,0,,,,
Hungary,HUN,Europe,Eastern Europe,internal_displacement,Internal Displacement Index,,,,2022,IDI 2023 publication,lower_worse,TRUE,TRUE,44,,,,
Iceland,ISL,Europe,Northern Europe,inform_risk,INFORM Risk,Iceland,1.6,,2026,2026 v0.7.2,higher_worse,TRUE,TRUE,191,184,10,FALSE,FALSE
Iceland,ISL,Europe,Northern Europe,inform_severity,INFORM Severity,,,,2026-06,June 2026,higher_worse,TRUE,TRUE,65,,,,
Iceland,ISL,Europe,Northern Europe,underfunded_crisis,Underfunded Crisis Index,,,,2021-2025 cumulative,2025,lower_worse,TRUE,TRUE,27,,,,
Iceland,ISL,Europe,Northern Europe,oecd_fragility,OECD Multidimensional Fragility,,,,predominantly 2023,States of Fragility 2025,lower_worse,TRUE,TRUE,61,,,,
Iceland,ISL,Europe,Northern Europe,worldrisk,WorldRiskIndex,Iceland,2.34,,2025,2025,higher_worse,TRUE,TRUE,193,144,8,FALSE,FALSE
Iceland,ISL,Europe,Northern Europe,nd_gain,ND-GAIN Country Index,Iceland,64.6863765756517,,2024,2026 release,lower_worse,TRUE,TRUE,190,171,9,FALSE,FALSE
Iceland,ISL,Europe,Northern Europe,hdi,Human Development Index,Iceland,0.972,,2023,Human Development Report 2025,lower_worse,TRUE,TRUE,192,192,10,FALSE,FALSE
Iceland,ISL,Europe,Northern Europe,mpi,Multidimensional Poverty Index,,,,country-specific survey year,Global MPI 2025,higher_worse,TRUE,TRUE,109,,,,
Iceland,ISL,Europe,Northern Europe,ghi,Global Hunger Index,,,,2025,2025,higher_worse,TRUE,TRUE,98,,,,
Iceland,ISL,Europe,Northern Europe,ghs,Global Health Security Index,Iceland,48.5,,2021,2021,lower_worse,TRUE,TRUE,193,144,8,FALSE,FALSE
Iceland,ISL,Europe,Northern Europe,wps,"Women, Peace and Security Index",Iceland,0.932,,2025,2025/26,lower_worse,TRUE,TRUE,177,176,10,FALSE,FALSE
Iceland,ISL,Europe,Northern Europe,un_mvi,UN Multidimensional Vulnerability Index,,,,2023,High-Level Panel results,higher_worse,TRUE,TRUE,142,,,,
Iceland,ISL,Europe,Northern Europe,debt_distress,Debt-distress classification,,,,latest DSA as of 2026-03-31,31 March 2026,higher_worse,FALSE,FALSE,67,,,,
Iceland,ISL,Europe,Northern Europe,searo,Sexual Exploitation and Abuse Risk Overview,,,,December 2025,2026 v1.2,higher_worse,TRUE,TRUE,38,,,,
Iceland,ISL,Europe,Northern Europe,disaster_displacement,Disaster Displacement Risk Model,,,,current climate,GDRM 2.0,higher_worse,TRUE,TRUE,0,,,,
Iceland,ISL,Europe,Northern Europe,internal_displacement,Internal Displacement Index,,,,2022,IDI 2023 publication,lower_worse,TRUE,TRUE,44,,,,
India,IND,Asia,Southern Asia,inform_risk,INFORM Risk,India,5.3,,2026,2026 v0.7.2,higher_worse,TRUE,TRUE,191,46,3,FALSE,FALSE
India,IND,Asia,Southern Asia,inform_severity,INFORM Severity,,,,2026-06,June 2026,higher_worse,TRUE,TRUE,65,,,,
India,IND,Asia,Southern Asia,underfunded_crisis,Underfunded Crisis Index,,,,2021-2025 cumulative,2025,lower_worse,TRUE,TRUE,27,,,,
India,IND,Asia,Southern Asia,oecd_fragility,OECD Multidimensional Fragility,,,,predominantly 2023,States of Fragility 2025,lower_worse,TRUE,TRUE,61,,,,
India,IND,Asia,Southern Asia,worldrisk,WorldRiskIndex,India,40.73,,2025,2025,higher_worse,TRUE,TRUE,193,2,1,TRUE,TRUE
India,IND,Asia,Southern Asia,nd_gain,ND-GAIN Country Index,India,44.361091057786,,2024,2026 release,lower_worse,TRUE,TRUE,190,79,5,FALSE,FALSE
India,IND,Asia,Southern Asia,hdi,Human Development Index,India,0.685,,2023,Human Development Report 2025,lower_worse,TRUE,TRUE,192,63,4,FALSE,FALSE
India,IND,Asia,Southern Asia,mpi,Multidimensional Poverty Index,India,0.068810564,,2019/2021 D,Global MPI 2025,higher_worse,TRUE,TRUE,109,51,5,FALSE,FALSE
India,IND,Asia,Southern Asia,ghi,Global Hunger Index,India,25.8,25.8,2025,2025,higher_worse,TRUE,TRUE,98,22,3,FALSE,FALSE
India,IND,Asia,Southern Asia,ghs,Global Health Security Index,India,42.8,,2021,2021,lower_worse,TRUE,TRUE,193,127,7,FALSE,FALSE
India,IND,Asia,Southern Asia,wps,"Women, Peace and Security Index",India,0.607,,2025,2025/26,lower_worse,TRUE,TRUE,177,50,3,FALSE,FALSE
India,IND,Asia,Southern Asia,un_mvi,UN Multidimensional Vulnerability Index,India,46,,2023,High-Level Panel results,higher_worse,TRUE,TRUE,142,108,8,FALSE,FALSE
India,IND,Asia,Southern Asia,debt_distress,Debt-distress classification,,,,latest DSA as of 2026-03-31,31 March 2026,higher_worse,FALSE,FALSE,67,,,,
India,IND,Asia,Southern Asia,searo,Sexual Exploitation and Abuse Risk Overview,,,,December 2025,2026 v1.2,higher_worse,TRUE,TRUE,38,,,,
India,IND,Asia,Southern Asia,disaster_displacement,Disaster Displacement Risk Model,,,,current climate,GDRM 2.0,higher_worse,TRUE,TRUE,0,,,,
India,IND,Asia,Southern Asia,internal_displacement,Internal Displacement Index,India,0.6960345591997242,,2022,IDI 2023 publication,lower_worse,TRUE,TRUE,44,12,3,FALSE,FALSE
Indonesia,IDN,Asia,South-eastern Asia,inform_risk,INFORM Risk,Indonesia,4.6,,2026,2026 v0.7.2,higher_worse,TRUE,TRUE,191,67,4,FALSE,FALSE
Indonesia,IDN,Asia,South-eastern Asia,inform_severity,INFORM Severity,Indonesia,5.4,,2026-06,June 2026,higher_worse,TRUE,TRUE,65,48,8,FALSE,FALSE
Indonesia,IDN,Asia,South-eastern Asia,underfunded_crisis,Underfunded Crisis Index,,,,2021-2025 cumulative,2025,lower_worse,TRUE,TRUE,27,,,,
Indonesia,IDN,Asia,South-eastern Asia,oecd_fragility,OECD Multidimensional Fragility,,,,predominantly 2023,States of Fragility 2025,lower_worse,TRUE,TRUE,61,,,,
Indonesia,IDN,Asia,South-eastern Asia,worldrisk,WorldRiskIndex,Indonesia,39.8,,2025,2025,higher_worse,TRUE,TRUE,193,3,1,TRUE,TRUE
Indonesia,IDN,Asia,South-eastern Asia,nd_gain,ND-GAIN Country Index,Indonesia,48.3473209125884,,2024,2026 release,lower_worse,TRUE,TRUE,190,106,6,FALSE,FALSE
Indonesia,IDN,Asia,South-eastern Asia,hdi,Human Development Index,Indonesia,0.728,,2023,Human Development Report 2025,lower_worse,TRUE,TRUE,192,81,5,FALSE,FALSE
Indonesia,IDN,Asia,South-eastern Asia,mpi,Multidimensional Poverty Index,Indonesia,0.014010749,,2017 D,Global MPI 2025,higher_worse,TRUE,TRUE,109,76,7,FALSE,FALSE
Indonesia,IDN,Asia,South-eastern Asia,ghi,Global Hunger Index,Indonesia,14.6,14.6,2025,2025,higher_worse,TRUE,TRUE,98,53,6,FALSE,FALSE
Indonesia,IDN,Asia,South-eastern Asia,ghs,Global Health Security Index,Indonesia,50.4,,2021,2021,lower_worse,TRUE,TRUE,193,149,8,FALSE,FALSE
Indonesia,IDN,Asia,South-eastern Asia,wps,"Women, Peace and Security Index",Indonesia,0.678,,2025,2025/26,lower_worse,TRUE,TRUE,177,86,5,FALSE,FALSE
Indonesia,IDN,Asia,South-eastern Asia,un_mvi,UN Multidimensional Vulnerability Index,Indonesia,32.1,,2023,High-Level Panel results,higher_worse,TRUE,TRUE,142,142,10,FALSE,FALSE
Indonesia,IDN,Asia,South-eastern Asia,debt_distress,Debt-distress classification,,,,latest DSA as of 2026-03-31,31 March 2026,higher_worse,FALSE,FALSE,67,,,,
Indonesia,IDN,Asia,South-eastern Asia,searo,Sexual Exploitation and Abuse Risk Overview,,,,December 2025,2026 v1.2,higher_worse,TRUE,TRUE,38,,,,
Indonesia,IDN,Asia,South-eastern Asia,disaster_displacement,Disaster Displacement Risk Model,,,,current climate,GDRM 2.0,higher_worse,TRUE,TRUE,0,,,,
Indonesia,IDN,Asia,South-eastern Asia,internal_displacement,Internal Displacement Index,Indonesia,0.7924357824026943,,2022,IDI 2023 publication,lower_worse,TRUE,TRUE,44,38,9,FALSE,FALSE
Iran (Islamic Republic of),IRN,Asia,Southern Asia,inform_risk,INFORM Risk,Iran,5.9,,2026,2026 v0.7.2,higher_worse,TRUE,TRUE,191,28,2,FALSE,TRUE
Iran (Islamic Republic of),IRN,Asia,Southern Asia,inform_severity,INFORM Severity,Iran,8.6,,2026-06,June 2026,higher_worse,TRUE,TRUE,65,11,2,FALSE,TRUE
Iran (Islamic Republic of),IRN,Asia,Southern Asia,underfunded_crisis,Underfunded Crisis Index,,,,2021-2025 cumulative,2025,lower_worse,TRUE,TRUE,27,,,,
Iran (Islamic Republic of),IRN,Asia,Southern Asia,oecd_fragility,OECD Multidimensional Fragility,Iran (Islamic Republic of),-1.44069846830691,,predominantly 2023,States of Fragility 2025,lower_worse,TRUE,TRUE,61,52,9,FALSE,FALSE
Iran (Islamic Republic of),IRN,Asia,Southern Asia,worldrisk,WorldRiskIndex,Iran (Islamic Republic of),16.3,,2025,2025,higher_worse,TRUE,TRUE,193,29,2,FALSE,TRUE
Iran (Islamic Republic of),IRN,Asia,Southern Asia,nd_gain,ND-GAIN Country Index,"Iran, Islamic Republic of",47.5133703595504,,2024,2026 release,lower_worse,TRUE,TRUE,190,98,6,FALSE,FALSE
Iran (Islamic Republic of),IRN,Asia,Southern Asia,hdi,Human Development Index,Iran (Islamic Republic of),0.799,,2023,Human Development Report 2025,lower_worse,TRUE,TRUE,192,119,7,FALSE,FALSE
Iran (Islamic Republic of),IRN,Asia,Southern Asia,mpi,Multidimensional Poverty Index,,,,country-specific survey year,Global MPI 2025,higher_worse,TRUE,TRUE,109,,,,
Iran (Islamic Republic of),IRN,Asia,Southern Asia,ghi,Global Hunger Index,Iran (Islamic Republic of),7.4,7.4,2025,2025,higher_worse,TRUE,TRUE,98,84,9,FALSE,FALSE
Iran (Islamic Republic of),IRN,Asia,Southern Asia,ghs,Global Health Security Index,Iran,36.5,,2021,2021,lower_worse,TRUE,TRUE,193,103,6,FALSE,FALSE
Iran (Islamic Republic of),IRN,Asia,Southern Asia,wps,"Women, Peace and Security Index",Iran,0.608,,2025,2025/26,lower_worse,TRUE,TRUE,177,52,3,FALSE,FALSE
Iran (Islamic Republic of),IRN,Asia,Southern Asia,un_mvi,UN Multidimensional Vulnerability Index,Iran (Islamic Republic of),55.7,,2023,High-Level Panel results,higher_worse,TRUE,TRUE,142,53,4,FALSE,FALSE
Iran (Islamic Republic of),IRN,Asia,Southern Asia,debt_distress,Debt-distress classification,,,,latest DSA as of 2026-03-31,31 March 2026,higher_worse,FALSE,FALSE,67,,,,
Iran (Islamic Republic of),IRN,Asia,Southern Asia,searo,Sexual Exploitation and Abuse Risk Overview,,,,December 2025,2026 v1.2,higher_worse,TRUE,TRUE,38,,,,
Iran (Islamic Republic of),IRN,Asia,Southern Asia,disaster_displacement,Disaster Displacement Risk Model,,,,current climate,GDRM 2.0,higher_worse,TRUE,TRUE,0,,,,
Iran (Islamic Republic of),IRN,Asia,Southern Asia,internal_displacement,Internal Displacement Index,,,,2022,IDI 2023 publication,lower_worse,TRUE,TRUE,44,,,,
Iraq,IRQ,Asia,Western Asia,inform_risk,INFORM Risk,Iraq,5.8,,2026,2026 v0.7.2,higher_worse,TRUE,TRUE,191,30,2,FALSE,TRUE
Iraq,IRQ,Asia,Western Asia,inform_severity,INFORM Severity,Iraq,6.9,,2026-06,June 2026,higher_worse,TRUE,TRUE,65,31,5,FALSE,FALSE
Iraq,IRQ,Asia,Western Asia,underfunded_crisis,Underfunded Crisis Index,,,,2021-2025 cumulative,2025,lower_worse,TRUE,TRUE,27,,,,
Iraq,IRQ,Asia,Western Asia,oecd_fragility,OECD Multidimensional Fragility,Iraq,-2.82368605893254,,predominantly 2023,States of Fragility 2025,lower_worse,TRUE,TRUE,61,16,3,FALSE,FALSE
Iraq,IRQ,Asia,Western Asia,worldrisk,WorldRiskIndex,Iraq,9.06,,2025,2025,higher_worse,TRUE,TRUE,193,61,4,FALSE,FALSE
Iraq,IRQ,Asia,Western Asia,nd_gain,ND-GAIN Country Index,Iraq,35.6492762465655,,2024,2026 release,lower_worse,TRUE,TRUE,190,21,2,FALSE,TRUE
Iraq,IRQ,Asia,Western Asia,hdi,Human Development Index,Iraq,0.695,,2023,Human Development Report 2025,lower_worse,TRUE,TRUE,192,67,4,FALSE,FALSE
Iraq,IRQ,Asia,Western Asia,mpi,Multidimensional Poverty Index,Iraq,0.032694322,,2018 M,Global MPI 2025,higher_worse,TRUE,TRUE,109,57,6,FALSE,FALSE
Iraq,IRQ,Asia,Western Asia,ghi,Global Hunger Index,Iraq,12.8,12.8,2025,2025,higher_worse,TRUE,TRUE,98,60,7,FALSE,FALSE
Iraq,IRQ,Asia,Western Asia,ghs,Global Health Security Index,Iraq,24,,2021,2021,lower_worse,TRUE,TRUE,193,17,1,TRUE,TRUE
Iraq,IRQ,Asia,Western Asia,wps,"Women, Peace and Security Index",Iraq,0.51,,2025,2025/26,lower_worse,TRUE,TRUE,177,24,2,FALSE,TRUE
Iraq,IRQ,Asia,Western Asia,un_mvi,UN Multidimensional Vulnerability Index,Iraq,60.7,,2023,High-Level Panel results,higher_worse,TRUE,TRUE,142,27,2,FALSE,TRUE
Iraq,IRQ,Asia,Western Asia,debt_distress,Debt-distress classification,,,,latest DSA as of 2026-03-31,31 March 2026,higher_worse,FALSE,FALSE,67,,,,
Iraq,IRQ,Asia,Western Asia,searo,Sexual Exploitation and Abuse Risk Overview,Iraq,5.475827125834961,,December 2025,2026 v1.2,higher_worse,TRUE,TRUE,38,31,8,FALSE,FALSE
Iraq,IRQ,Asia,Western Asia,disaster_displacement,Disaster Displacement Risk Model,,,,current climate,GDRM 2.0,higher_worse,TRUE,TRUE,0,,,,
Iraq,IRQ,Asia,Western Asia,internal_displacement,Internal Displacement Index,Iraq,0.791779756007221,,2022,IDI 2023 publication,lower_worse,TRUE,TRUE,44,37,9,FALSE,FALSE
Ireland,IRL,Europe,Northern Europe,inform_risk,INFORM Risk,Ireland,2.3,,2026,2026 v0.7.2,higher_worse,TRUE,TRUE,191,159,9,FALSE,FALSE
Ireland,IRL,Europe,Northern Europe,inform_severity,INFORM Severity,,,,2026-06,June 2026,higher_worse,TRUE,TRUE,65,,,,
Ireland,IRL,Europe,Northern Europe,underfunded_crisis,Underfunded Crisis Index,,,,2021-2025 cumulative,2025,lower_worse,TRUE,TRUE,27,,,,
Ireland,IRL,Europe,Northern Europe,oecd_fragility,OECD Multidimensional Fragility,,,,predominantly 2023,States of Fragility 2025,lower_worse,TRUE,TRUE,61,,,,
Ireland,IRL,Europe,Northern Europe,worldrisk,WorldRiskIndex,Ireland,3.25,,2025,2025,higher_worse,TRUE,TRUE,193,113,6,FALSE,FALSE
Ireland,IRL,Europe,Northern Europe,nd_gain,ND-GAIN Country Index,Ireland,64.3546686021055,,2024,2026 release,lower_worse,TRUE,TRUE,190,169,9,FALSE,FALSE
Ireland,IRL,Europe,Northern Europe,hdi,Human Development Index,Ireland,0.949,,2023,Human Development Report 2025,lower_worse,TRUE,TRUE,192,183,10,FALSE,FALSE
Ireland,IRL,Europe,Northern Europe,mpi,Multidimensional Poverty Index,,,,country-specific survey year,Global MPI 2025,higher_worse,TRUE,TRUE,109,,,,
Ireland,IRL,Europe,Northern Europe,ghi,Global Hunger Index,,,,2025,2025,higher_worse,TRUE,TRUE,98,,,,
Ireland,IRL,Europe,Northern Europe,ghs,Global Health Security Index,Ireland,55.3,,2021,2021,lower_worse,TRUE,TRUE,193,163,9,FALSE,FALSE
Ireland,IRL,Europe,Northern Europe,wps,"Women, Peace and Security Index",Ireland,0.891,,2025,2025/26,lower_worse,TRUE,TRUE,177,165,10,FALSE,FALSE
Ireland,IRL,Europe,Northern Europe,un_mvi,UN Multidimensional Vulnerability Index,,,,2023,High-Level Panel results,higher_worse,TRUE,TRUE,142,,,,
Ireland,IRL,Europe,Northern Europe,debt_distress,Debt-distress classification,,,,latest DSA as of 2026-03-31,31 March 2026,higher_worse,FALSE,FALSE,67,,,,
Ireland,IRL,Europe,Northern Europe,searo,Sexual Exploitation and Abuse Risk Overview,,,,December 2025,2026 v1.2,higher_worse,TRUE,TRUE,38,,,,
Ireland,IRL,Europe,Northern Europe,disaster_displacement,Disaster Displacement Risk Model,,,,current climate,GDRM 2.0,higher_worse,TRUE,TRUE,0,,,,
Ireland,IRL,Europe,Northern Europe,internal_displacement,Internal Displacement Index,,,,2022,IDI 2023 publication,lower_worse,TRUE,TRUE,44,,,,
Israel,ISR,Asia,Western Asia,inform_risk,INFORM Risk,Israel,3.2,,2026,2026 v0.7.2,higher_worse,TRUE,TRUE,191,115,6,FALSE,FALSE
Israel,ISR,Asia,Western Asia,inform_severity,INFORM Severity,,,,2026-06,June 2026,higher_worse,TRUE,TRUE,65,,,,
Israel,ISR,Asia,Western Asia,underfunded_crisis,Underfunded Crisis Index,,,,2021-2025 cumulative,2025,lower_worse,TRUE,TRUE,27,,,,
Israel,ISR,Asia,Western Asia,oecd_fragility,OECD Multidimensional Fragility,,,,predominantly 2023,States of Fragility 2025,lower_worse,TRUE,TRUE,61,,,,
Israel,ISR,Asia,Western Asia,worldrisk,WorldRiskIndex,Israel,3.69,,2025,2025,higher_worse,TRUE,TRUE,193,103,6,FALSE,FALSE
Israel,ISR,Asia,Western Asia,nd_gain,ND-GAIN Country Index,Israel,59.7632608464339,,2024,2026 release,lower_worse,TRUE,TRUE,190,156,9,FALSE,FALSE
Israel,ISR,Asia,Western Asia,hdi,Human Development Index,Israel,0.919,,2023,Human Development Report 2025,lower_worse,TRUE,TRUE,192,167,9,FALSE,FALSE
Israel,ISR,Asia,Western Asia,mpi,Multidimensional Poverty Index,,,,country-specific survey year,Global MPI 2025,higher_worse,TRUE,TRUE,109,,,,
Israel,ISR,Asia,Western Asia,ghi,Global Hunger Index,,,,2025,2025,higher_worse,TRUE,TRUE,98,,,,
Israel,ISR,Asia,Western Asia,ghs,Global Health Security Index,Israel,47.2,,2021,2021,lower_worse,TRUE,TRUE,193,141,8,FALSE,FALSE
Israel,ISR,Asia,Western Asia,wps,"Women, Peace and Security Index",Israel,0.697,,2025,2025/26,lower_worse,TRUE,TRUE,177,97,6,FALSE,FALSE
Israel,ISR,Asia,Western Asia,un_mvi,UN Multidimensional Vulnerability Index,,,,2023,High-Level Panel results,higher_worse,TRUE,TRUE,142,,,,
Israel,ISR,Asia,Western Asia,debt_distress,Debt-distress classification,,,,latest DSA as of 2026-03-31,31 March 2026,higher_worse,FALSE,FALSE,67,,,,
Israel,ISR,Asia,Western Asia,searo,Sexual Exploitation and Abuse Risk Overview,,,,December 2025,2026 v1.2,higher_worse,TRUE,TRUE,38,,,,
Israel,ISR,Asia,Western Asia,disaster_displacement,Disaster Displacement Risk Model,,,,current climate,GDRM 2.0,higher_worse,TRUE,TRUE,0,,,,
Israel,ISR,Asia,Western Asia,internal_displacement,Internal Displacement Index,,,,2022,IDI 2023 publication,lower_worse,TRUE,TRUE,44,,,,
Italy,ITA,Europe,Southern Europe,inform_risk,INFORM Risk,Italy,3,,2026,2026 v0.7.2,higher_worse,TRUE,TRUE,191,120,7,FALSE,FALSE
Italy,ITA,Europe,Southern Europe,inform_severity,INFORM Severity,Italy,4,,2026-06,June 2026,higher_worse,TRUE,TRUE,65,60,10,FALSE,FALSE
Italy,ITA,Europe,Southern Europe,underfunded_crisis,Underfunded Crisis Index,,,,2021-2025 cumulative,2025,lower_worse,TRUE,TRUE,27,,,,
Italy,ITA,Europe,Southern Europe,oecd_fragility,OECD Multidimensional Fragility,,,,predominantly 2023,States of Fragility 2025,lower_worse,TRUE,TRUE,61,,,,
Italy,ITA,Europe,Southern Europe,worldrisk,WorldRiskIndex,Italy,11.34,,2025,2025,higher_worse,TRUE,TRUE,193,46,3,FALSE,FALSE
Italy,ITA,Europe,Southern Europe,nd_gain,ND-GAIN Country Index,Italy,62.1606232900085,,2024,2026 release,lower_worse,TRUE,TRUE,190,164,9,FALSE,FALSE
Italy,ITA,Europe,Southern Europe,hdi,Human Development Index,Italy,0.915,,2023,Human Development Report 2025,lower_worse,TRUE,TRUE,192,163,9,FALSE,FALSE
Italy,ITA,Europe,Southern Europe,mpi,Multidimensional Poverty Index,,,,country-specific survey year,Global MPI 2025,higher_worse,TRUE,TRUE,109,,,,
Italy,ITA,Europe,Southern Europe,ghi,Global Hunger Index,,,,2025,2025,higher_worse,TRUE,TRUE,98,,,,
Italy,ITA,Europe,Southern Europe,ghs,Global Health Security Index,Italy,51.9,,2021,2021,lower_worse,TRUE,TRUE,193,153,8,FALSE,FALSE
Italy,ITA,Europe,Southern Europe,wps,"Women, Peace and Security Index",Italy,0.811,,2025,2025/26,lower_worse,TRUE,TRUE,177,140,8,FALSE,FALSE
Italy,ITA,Europe,Southern Europe,un_mvi,UN Multidimensional Vulnerability Index,,,,2023,High-Level Panel results,higher_worse,TRUE,TRUE,142,,,,
Italy,ITA,Europe,Southern Europe,debt_distress,Debt-distress classification,,,,latest DSA as of 2026-03-31,31 March 2026,higher_worse,FALSE,FALSE,67,,,,
Italy,ITA,Europe,Southern Europe,searo,Sexual Exploitation and Abuse Risk Overview,,,,December 2025,2026 v1.2,higher_worse,TRUE,TRUE,38,,,,
Italy,ITA,Europe,Southern Europe,disaster_displacement,Disaster Displacement Risk Model,,,,current climate,GDRM 2.0,higher_worse,TRUE,TRUE,0,,,,
Italy,ITA,Europe,Southern Europe,internal_displacement,Internal Displacement Index,,,,2022,IDI 2023 publication,lower_worse,TRUE,TRUE,44,,,,
Jamaica,JAM,Americas,Latin America and the Caribbean,inform_risk,INFORM Risk,Jamaica,3.8,,2026,2026 v0.7.2,higher_worse,TRUE,TRUE,191,90,5,FALSE,FALSE
Jamaica,JAM,Americas,Latin America and the Caribbean,inform_severity,INFORM Severity,,,,2026-06,June 2026,higher_worse,TRUE,TRUE,65,,,,
Jamaica,JAM,Americas,Latin America and the Caribbean,underfunded_crisis,Underfunded Crisis Index,,,,2021-2025 cumulative,2025,lower_worse,TRUE,TRUE,27,,,,
Jamaica,JAM,Americas,Latin America and the Caribbean,oecd_fragility,OECD Multidimensional Fragility,,,,predominantly 2023,States of Fragility 2025,lower_worse,TRUE,TRUE,61,,,,
Jamaica,JAM,Americas,Latin America and the Caribbean,worldrisk,WorldRiskIndex,Jamaica,3.97,,2025,2025,higher_worse,TRUE,TRUE,193,99,6,FALSE,FALSE
Jamaica,JAM,Americas,Latin America and the Caribbean,nd_gain,ND-GAIN Country Index,Jamaica,47.5274917517176,,2024,2026 release,lower_worse,TRUE,TRUE,190,99,6,FALSE,FALSE
Jamaica,JAM,Americas,Latin America and the Caribbean,hdi,Human Development Index,Jamaica,0.72,,2023,Human Development Report 2025,lower_worse,TRUE,TRUE,192,75,4,FALSE,FALSE
Jamaica,JAM,Americas,Latin America and the Caribbean,mpi,Multidimensional Poverty Index,Jamaica,0.010810292,,2018 N,Global MPI 2025,higher_worse,TRUE,TRUE,109,79,8,FALSE,FALSE
Jamaica,JAM,Americas,Latin America and the Caribbean,ghi,Global Hunger Index,Jamaica,8,8.0,2025,2025,higher_worse,TRUE,TRUE,98,80,9,FALSE,FALSE
Jamaica,JAM,Americas,Latin America and the Caribbean,ghs,Global Health Security Index,Jamaica,31.8,,2021,2021,lower_worse,TRUE,TRUE,193,73,4,FALSE,FALSE
Jamaica,JAM,Americas,Latin America and the Caribbean,wps,"Women, Peace and Security Index",Jamaica,0.703,,2025,2025/26,lower_worse,TRUE,TRUE,177,102,6,FALSE,FALSE
Jamaica,JAM,Americas,Latin America and the Caribbean,un_mvi,UN Multidimensional Vulnerability Index,Jamaica,49.6,,2023,High-Level Panel results,higher_worse,TRUE,TRUE,142,84,6,FALSE,FALSE
Jamaica,JAM,Americas,Latin America and the Caribbean,debt_distress,Debt-distress classification,,,,latest DSA as of 2026-03-31,31 March 2026,higher_worse,FALSE,FALSE,67,,,,
Jamaica,JAM,Americas,Latin America and the Caribbean,searo,Sexual Exploitation and Abuse Risk Overview,,,,December 2025,2026 v1.2,higher_worse,TRUE,TRUE,38,,,,
Jamaica,JAM,Americas,Latin America and the Caribbean,disaster_displacement,Disaster Displacement Risk Model,,,,current climate,GDRM 2.0,higher_worse,TRUE,TRUE,0,,,,
Jamaica,JAM,Americas,Latin America and the Caribbean,internal_displacement,Internal Displacement Index,,,,2022,IDI 2023 publication,lower_worse,TRUE,TRUE,44,,,,
Japan,JPN,Asia,Eastern Asia,inform_risk,INFORM Risk,Japan,2.1,,2026,2026 v0.7.2,higher_worse,TRUE,TRUE,191,165,9,FALSE,FALSE
Japan,JPN,Asia,Eastern Asia,inform_severity,INFORM Severity,,,,2026-06,June 2026,higher_worse,TRUE,TRUE,65,,,,
Japan,JPN,Asia,Eastern Asia,underfunded_crisis,Underfunded Crisis Index,,,,2021-2025 cumulative,2025,lower_worse,TRUE,TRUE,27,,,,
Japan,JPN,Asia,Eastern Asia,oecd_fragility,OECD Multidimensional Fragility,,,,predominantly 2023,States of Fragility 2025,lower_worse,TRUE,TRUE,61,,,,
Japan,JPN,Asia,Eastern Asia,worldrisk,WorldRiskIndex,Japan,24.81,,2025,2025,higher_worse,TRUE,TRUE,193,17,1,TRUE,TRUE
Japan,JPN,Asia,Eastern Asia,nd_gain,ND-GAIN Country Index,Japan,65.7182335946762,,2024,2026 release,lower_worse,TRUE,TRUE,190,173,10,FALSE,FALSE
Japan,JPN,Asia,Eastern Asia,hdi,Human Development Index,Japan,0.925,,2023,Human Development Report 2025,lower_worse,TRUE,TRUE,192,171,9,FALSE,FALSE
Japan,JPN,Asia,Eastern Asia,mpi,Multidimensional Poverty Index,,,,country-specific survey year,Global MPI 2025,higher_worse,TRUE,TRUE,109,,,,
Japan,JPN,Asia,Eastern Asia,ghi,Global Hunger Index,,,,2025,2025,higher_worse,TRUE,TRUE,98,,,,
Japan,JPN,Asia,Eastern Asia,ghs,Global Health Security Index,Japan,60.5,,2021,2021,lower_worse,TRUE,TRUE,193,176,10,FALSE,FALSE
Japan,JPN,Asia,Eastern Asia,wps,"Women, Peace and Security Index",Japan,0.866,,2025,2025/26,lower_worse,TRUE,TRUE,177,156,9,FALSE,FALSE
Japan,JPN,Asia,Eastern Asia,un_mvi,UN Multidimensional Vulnerability Index,,,,2023,High-Level Panel results,higher_worse,TRUE,TRUE,142,,,,
Japan,JPN,Asia,Eastern Asia,debt_distress,Debt-distress classification,,,,latest DSA as of 2026-03-31,31 March 2026,higher_worse,FALSE,FALSE,67,,,,
Japan,JPN,Asia,Eastern Asia,searo,Sexual Exploitation and Abuse Risk Overview,,,,December 2025,2026 v1.2,higher_worse,TRUE,TRUE,38,,,,
Japan,JPN,Asia,Eastern Asia,disaster_displacement,Disaster Displacement Risk Model,,,,current climate,GDRM 2.0,higher_worse,TRUE,TRUE,0,,,,
Japan,JPN,Asia,Eastern Asia,internal_displacement,Internal Displacement Index,,,,2022,IDI 2023 publication,lower_worse,TRUE,TRUE,44,,,,
Jordan,JOR,Asia,Western Asia,inform_risk,INFORM Risk,Jordan,4.4,,2026,2026 v0.7.2,higher_worse,TRUE,TRUE,191,74,4,FALSE,FALSE
Jordan,JOR,Asia,Western Asia,inform_severity,INFORM Severity,Jordan,5.7,,2026-06,June 2026,higher_worse,TRUE,TRUE,65,43,7,FALSE,FALSE
Jordan,JOR,Asia,Western Asia,underfunded_crisis,Underfunded Crisis Index,,,,2021-2025 cumulative,2025,lower_worse,TRUE,TRUE,27,,,,
Jordan,JOR,Asia,Western Asia,oecd_fragility,OECD Multidimensional Fragility,,,,predominantly 2023,States of Fragility 2025,lower_worse,TRUE,TRUE,61,,,,
Jordan,JOR,Asia,Western Asia,worldrisk,WorldRiskIndex,Jordan,3.21,,2025,2025,higher_worse,TRUE,TRUE,193,114,6,FALSE,FALSE
Jordan,JOR,Asia,Western Asia,nd_gain,ND-GAIN Country Index,Jordan,49.9245290341208,,2024,2026 release,lower_worse,TRUE,TRUE,190,113,6,FALSE,FALSE
Jordan,JOR,Asia,Western Asia,hdi,Human Development Index,Jordan,0.754,,2023,Human Development Report 2025,lower_worse,TRUE,TRUE,192,93,5,FALSE,FALSE
Jordan,JOR,Asia,Western Asia,mpi,Multidimensional Poverty Index,Jordan,0.00277356,,2023 D,Global MPI 2025,higher_worse,TRUE,TRUE,109,94,9,FALSE,FALSE
Jordan,JOR,Asia,Western Asia,ghi,Global Hunger Index,Jordan,10.3,10.3,2025,2025,higher_worse,TRUE,TRUE,98,70,8,FALSE,FALSE
Jordan,JOR,Asia,Western Asia,ghs,Global Health Security Index,Jordan,42.8,,2021,2021,lower_worse,TRUE,TRUE,193,127,7,FALSE,FALSE
Jordan,JOR,Asia,Western Asia,wps,"Women, Peace and Security Index",Jordan,0.686,,2025,2025/26,lower_worse,TRUE,TRUE,177,94,6,FALSE,FALSE
Jordan,JOR,Asia,Western Asia,un_mvi,UN Multidimensional Vulnerability Index,Jordan,60.6,,2023,High-Level Panel results,higher_worse,TRUE,TRUE,142,28,2,FALSE,TRUE
Jordan,JOR,Asia,Western Asia,debt_distress,Debt-distress classification,,,,latest DSA as of 2026-03-31,31 March 2026,higher_worse,FALSE,FALSE,67,,,,
Jordan,JOR,Asia,Western Asia,searo,Sexual Exploitation and Abuse Risk Overview,,,,December 2025,2026 v1.2,higher_worse,TRUE,TRUE,38,,,,
Jordan,JOR,Asia,Western Asia,disaster_displacement,Disaster Displacement Risk Model,,,,current climate,GDRM 2.0,higher_worse,TRUE,TRUE,0,,,,
Jordan,JOR,Asia,Western Asia,internal_displacement,Internal Displacement Index,,,,2022,IDI 2023 publication,lower_worse,TRUE,TRUE,44,,,,
Kazakhstan,KAZ,Asia,Central Asia,inform_risk,INFORM Risk,Kazakhstan,2.8,,2026,2026 v0.7.2,higher_worse,TRUE,TRUE,191,130,7,FALSE,FALSE
Kazakhstan,KAZ,Asia,Central Asia,inform_severity,INFORM Severity,,,,2026-06,June 2026,higher_worse,TRUE,TRUE,65,,,,
Kazakhstan,KAZ,Asia,Central Asia,underfunded_crisis,Underfunded Crisis Index,,,,2021-2025 cumulative,2025,lower_worse,TRUE,TRUE,27,,,,
Kazakhstan,KAZ,Asia,Central Asia,oecd_fragility,OECD Multidimensional Fragility,,,,predominantly 2023,States of Fragility 2025,lower_worse,TRUE,TRUE,61,,,,
Kazakhstan,KAZ,Asia,Central Asia,worldrisk,WorldRiskIndex,Kazakhstan,1.73,,2025,2025,higher_worse,TRUE,TRUE,193,161,9,FALSE,FALSE
Kazakhstan,KAZ,Asia,Central Asia,nd_gain,ND-GAIN Country Index,Kazakhstan,56.4373504028148,,2024,2026 release,lower_worse,TRUE,TRUE,190,147,8,FALSE,FALSE
Kazakhstan,KAZ,Asia,Central Asia,hdi,Human Development Index,Kazakhstan,0.837,,2023,Human Development Report 2025,lower_worse,TRUE,TRUE,192,133,7,FALSE,FALSE
Kazakhstan,KAZ,Asia,Central Asia,mpi,Multidimensional Poverty Index,Kazakhstan,0.001610633,,2015 M,Global MPI 2025,higher_worse,TRUE,TRUE,109,102,10,FALSE,FALSE
Kazakhstan,KAZ,Asia,Central Asia,ghi,Global Hunger Index,Kazakhstan,,<5,2025,2025,higher_worse,TRUE,TRUE,98,,,,
Kazakhstan,KAZ,Asia,Central Asia,ghs,Global Health Security Index,Kazakhstan,46.1,,2021,2021,lower_worse,TRUE,TRUE,193,139,8,FALSE,FALSE
Kazakhstan,KAZ,Asia,Central Asia,wps,"Women, Peace and Security Index",Kazakhstan,0.722,,2025,2025/26,lower_worse,TRUE,TRUE,177,108,7,FALSE,FALSE
Kazakhstan,KAZ,Asia,Central Asia,un_mvi,UN Multidimensional Vulnerability Index,Kazakhstan,43,,2023,High-Level Panel results,higher_worse,TRUE,TRUE,142,124,9,FALSE,FALSE
Kazakhstan,KAZ,Asia,Central Asia,debt_distress,Debt-distress classification,,,,latest DSA as of 2026-03-31,31 March 2026,higher_worse,FALSE,FALSE,67,,,,
Kazakhstan,KAZ,Asia,Central Asia,searo,Sexual Exploitation and Abuse Risk Overview,,,,December 2025,2026 v1.2,higher_worse,TRUE,TRUE,38,,,,
Kazakhstan,KAZ,Asia,Central Asia,disaster_displacement,Disaster Displacement Risk Model,,,,current climate,GDRM 2.0,higher_worse,TRUE,TRUE,0,,,,
Kazakhstan,KAZ,Asia,Central Asia,internal_displacement,Internal Displacement Index,,,,2022,IDI 2023 publication,lower_worse,TRUE,TRUE,44,,,,
Kenya,KEN,Africa,Sub-Saharan Africa,inform_risk,INFORM Risk,Kenya,6.2,,2026,2026 v0.7.2,higher_worse,TRUE,TRUE,191,25,2,FALSE,TRUE
Kenya,KEN,Africa,Sub-Saharan Africa,inform_severity,INFORM Severity,Kenya,7.1,,2026-06,June 2026,higher_worse,TRUE,TRUE,65,27,5,FALSE,FALSE
Kenya,KEN,Africa,Sub-Saharan Africa,underfunded_crisis,Underfunded Crisis Index,,,,2021-2025 cumulative,2025,lower_worse,TRUE,TRUE,27,,,,
Kenya,KEN,Africa,Sub-Saharan Africa,oecd_fragility,OECD Multidimensional Fragility,Kenya,-1.20591566841734,,predominantly 2023,States of Fragility 2025,lower_worse,TRUE,TRUE,61,59,10,FALSE,FALSE
Kenya,KEN,Africa,Sub-Saharan Africa,worldrisk,WorldRiskIndex,Kenya,13.72,,2025,2025,higher_worse,TRUE,TRUE,193,40,3,FALSE,FALSE
Kenya,KEN,Africa,Sub-Saharan Africa,nd_gain,ND-GAIN Country Index,Kenya,39.2940346303106,,2024,2026 release,lower_worse,TRUE,TRUE,190,44,3,FALSE,FALSE
Kenya,KEN,Africa,Sub-Saharan Africa,hdi,Human Development Index,Kenya,0.628,,2023,Human Development Report 2025,lower_worse,TRUE,TRUE,192,50,3,FALSE,FALSE
Kenya,KEN,Africa,Sub-Saharan Africa,mpi,Multidimensional Poverty Index,Kenya,0.113352,,2022 D,Global MPI 2025,higher_worse,TRUE,TRUE,109,40,4,FALSE,FALSE
Kenya,KEN,Africa,Sub-Saharan Africa,ghi,Global Hunger Index,Kenya,25.9,25.9,2025,2025,higher_worse,TRUE,TRUE,98,19,2,FALSE,TRUE
Kenya,KEN,Africa,Sub-Saharan Africa,ghs,Global Health Security Index,Kenya,38.8,,2021,2021,lower_worse,TRUE,TRUE,193,110,6,FALSE,FALSE
Kenya,KEN,Africa,Sub-Saharan Africa,wps,"Women, Peace and Security Index",Kenya,0.542,,2025,2025/26,lower_worse,TRUE,TRUE,177,30,2,FALSE,TRUE
Kenya,KEN,Africa,Sub-Saharan Africa,un_mvi,UN Multidimensional Vulnerability Index,Kenya,57,,2023,High-Level Panel results,higher_worse,TRUE,TRUE,142,48,4,FALSE,FALSE
Kenya,KEN,Africa,Sub-Saharan Africa,debt_distress,Debt-distress classification,Kenya,3,High,11/1/2024,31 March 2026,higher_worse,FALSE,FALSE,67,,,,
Kenya,KEN,Africa,Sub-Saharan Africa,searo,Sexual Exploitation and Abuse Risk Overview,Kenya,5.446190495937993,,December 2025,2026 v1.2,higher_worse,TRUE,TRUE,38,32,9,FALSE,FALSE
Kenya,KEN,Africa,Sub-Saharan Africa,disaster_displacement,Disaster Displacement Risk Model,,,,current climate,GDRM 2.0,higher_worse,TRUE,TRUE,0,,,,
Kenya,KEN,Africa,Sub-Saharan Africa,internal_displacement,Internal Displacement Index,Kenya,0.7051096698200335,,2022,IDI 2023 publication,lower_worse,TRUE,TRUE,44,13,3,FALSE,FALSE
Kiribati,KIR,Oceania,Micronesia,inform_risk,INFORM Risk,Kiribati,3.6,,2026,2026 v0.7.2,higher_worse,TRUE,TRUE,191,98,6,FALSE,FALSE
Kiribati,KIR,Oceania,Micronesia,inform_severity,INFORM Severity,,,,2026-06,June 2026,higher_worse,TRUE,TRUE,65,,,,
Kiribati,KIR,Oceania,Micronesia,underfunded_crisis,Underfunded Crisis Index,,,,2021-2025 cumulative,2025,lower_worse,TRUE,TRUE,27,,,,
Kiribati,KIR,Oceania,Micronesia,oecd_fragility,OECD Multidimensional Fragility,,,,predominantly 2023,States of Fragility 2025,lower_worse,TRUE,TRUE,61,,,,
Kiribati,KIR,Oceania,Micronesia,worldrisk,WorldRiskIndex,Kiribati,2.8,,2025,2025,higher_worse,TRUE,TRUE,193,130,7,FALSE,FALSE
Kiribati,KIR,Oceania,Micronesia,nd_gain,ND-GAIN Country Index,Kiribati,42.2900642541548,,2024,2026 release,lower_worse,TRUE,TRUE,190,60,4,FALSE,FALSE
Kiribati,KIR,Oceania,Micronesia,hdi,Human Development Index,Kiribati,0.644,,2023,Human Development Report 2025,lower_worse,TRUE,TRUE,192,54,3,FALSE,FALSE
Kiribati,KIR,Oceania,Micronesia,mpi,Multidimensional Poverty Index,Kiribati,0.080157405,,2018/2019 M,Global MPI 2025,higher_worse,TRUE,TRUE,109,48,5,FALSE,FALSE
Kiribati,KIR,Oceania,Micronesia,ghi,Global Hunger Index,,,,2025,2025,higher_worse,TRUE,TRUE,98,,,,
Kiribati,KIR,Oceania,Micronesia,ghs,Global Health Security Index,Kiribati,26.2,,2021,2021,lower_worse,TRUE,TRUE,193,28,2,FALSE,TRUE
Kiribati,KIR,Oceania,Micronesia,wps,"Women, Peace and Security Index",Kiribati,0.652,,2025,2025/26,lower_worse,TRUE,TRUE,177,70,4,FALSE,FALSE
Kiribati,KIR,Oceania,Micronesia,un_mvi,UN Multidimensional Vulnerability Index,Kiribati,59.8,,2023,High-Level Panel results,higher_worse,TRUE,TRUE,142,35,3,FALSE,FALSE
Kiribati,KIR,Oceania,Micronesia,debt_distress,Debt-distress classification,Kiribati,3,High,7/10/2025,31 March 2026,higher_worse,FALSE,FALSE,67,,,,
Kiribati,KIR,Oceania,Micronesia,searo,Sexual Exploitation and Abuse Risk Overview,,,,December 2025,2026 v1.2,higher_worse,TRUE,TRUE,38,,,,
Kiribati,KIR,Oceania,Micronesia,disaster_displacement,Disaster Displacement Risk Model,,,,current climate,GDRM 2.0,higher_worse,TRUE,TRUE,0,,,,
Kiribati,KIR,Oceania,Micronesia,internal_displacement,Internal Displacement Index,,,,2022,IDI 2023 publication,lower_worse,TRUE,TRUE,44,,,,
Kuwait,KWT,Asia,Western Asia,inform_risk,INFORM Risk,Kuwait,2.8,,2026,2026 v0.7.2,higher_worse,TRUE,TRUE,191,130,7,FALSE,FALSE
Kuwait,KWT,Asia,Western Asia,inform_severity,INFORM Severity,,,,2026-06,June 2026,higher_worse,TRUE,TRUE,65,,,,
Kuwait,KWT,Asia,Western Asia,underfunded_crisis,Underfunded Crisis Index,,,,2021-2025 cumulative,2025,lower_worse,TRUE,TRUE,27,,,,
Kuwait,KWT,Asia,Western Asia,oecd_fragility,OECD Multidimensional Fragility,,,,predominantly 2023,States of Fragility 2025,lower_worse,TRUE,TRUE,61,,,,
Kuwait,KWT,Asia,Western Asia,worldrisk,WorldRiskIndex,Kuwait,2.42,,2025,2025,higher_worse,TRUE,TRUE,193,141,8,FALSE,FALSE
Kuwait,KWT,Asia,Western Asia,nd_gain,ND-GAIN Country Index,Kuwait,49.1509306760578,,2024,2026 release,lower_worse,TRUE,TRUE,190,109,6,FALSE,FALSE
Kuwait,KWT,Asia,Western Asia,hdi,Human Development Index,Kuwait,0.852,,2023,Human Development Report 2025,lower_worse,TRUE,TRUE,192,142,8,FALSE,FALSE
Kuwait,KWT,Asia,Western Asia,mpi,Multidimensional Poverty Index,,,,country-specific survey year,Global MPI 2025,higher_worse,TRUE,TRUE,109,,,,
Kuwait,KWT,Asia,Western Asia,ghi,Global Hunger Index,Kuwait,,<5,2025,2025,higher_worse,TRUE,TRUE,98,,,,
Kuwait,KWT,Asia,Western Asia,ghs,Global Health Security Index,Kuwait,36.8,,2021,2021,lower_worse,TRUE,TRUE,193,105,6,FALSE,FALSE
Kuwait,KWT,Asia,Western Asia,wps,"Women, Peace and Security Index",Kuwait,0.723,,2025,2025/26,lower_worse,TRUE,TRUE,177,109,7,FALSE,FALSE
Kuwait,KWT,Asia,Western Asia,un_mvi,UN Multidimensional Vulnerability Index,Kuwait,64,,2023,High-Level Panel results,higher_worse,TRUE,TRUE,142,14,1,TRUE,TRUE
Kuwait,KWT,Asia,Western Asia,debt_distress,Debt-distress classification,,,,latest DSA as of 2026-03-31,31 March 2026,higher_worse,FALSE,FALSE,67,,,,
Kuwait,KWT,Asia,Western Asia,searo,Sexual Exploitation and Abuse Risk Overview,,,,December 2025,2026 v1.2,higher_worse,TRUE,TRUE,38,,,,
Kuwait,KWT,Asia,Western Asia,disaster_displacement,Disaster Displacement Risk Model,,,,current climate,GDRM 2.0,higher_worse,TRUE,TRUE,0,,,,
Kuwait,KWT,Asia,Western Asia,internal_displacement,Internal Displacement Index,,,,2022,IDI 2023 publication,lower_worse,TRUE,TRUE,44,,,,
Kyrgyzstan,KGZ,Asia,Central Asia,inform_risk,INFORM Risk,Kyrgyzstan,3.9,,2026,2026 v0.7.2,higher_worse,TRUE,TRUE,191,87,5,FALSE,FALSE
Kyrgyzstan,KGZ,Asia,Central Asia,inform_severity,INFORM Severity,,,,2026-06,June 2026,higher_worse,TRUE,TRUE,65,,,,
Kyrgyzstan,KGZ,Asia,Central Asia,underfunded_crisis,Underfunded Crisis Index,,,,2021-2025 cumulative,2025,lower_worse,TRUE,TRUE,27,,,,
Kyrgyzstan,KGZ,Asia,Central Asia,oecd_fragility,OECD Multidimensional Fragility,,,,predominantly 2023,States of Fragility 2025,lower_worse,TRUE,TRUE,61,,,,
Kyrgyzstan,KGZ,Asia,Central Asia,worldrisk,WorldRiskIndex,Kyrgyzstan,2.72,,2025,2025,higher_worse,TRUE,TRUE,193,132,7,FALSE,FALSE
Kyrgyzstan,KGZ,Asia,Central Asia,nd_gain,ND-GAIN Country Index,Kyrgyzstan,51.3985641122882,,2024,2026 release,lower_worse,TRUE,TRUE,190,122,7,FALSE,FALSE
Kyrgyzstan,KGZ,Asia,Central Asia,hdi,Human Development Index,Kyrgyzstan,0.72,,2023,Human Development Report 2025,lower_worse,TRUE,TRUE,192,75,4,FALSE,FALSE
Kyrgyzstan,KGZ,Asia,Central Asia,mpi,Multidimensional Poverty Index,Kyrgyzstan,0.00342021,,2023 M,Global MPI 2025,higher_worse,TRUE,TRUE,109,91,9,FALSE,FALSE
Kyrgyzstan,KGZ,Asia,Central Asia,ghi,Global Hunger Index,Kyrgyzstan,8,8.0,2025,2025,higher_worse,TRUE,TRUE,98,80,9,FALSE,FALSE
Kyrgyzstan,KGZ,Asia,Central Asia,ghs,Global Health Security Index,Kyrgyz Republic,42.4,,2021,2021,lower_worse,TRUE,TRUE,193,126,7,FALSE,FALSE
Kyrgyzstan,KGZ,Asia,Central Asia,wps,"Women, Peace and Security Index",Kyrgyzstan,0.697,,2025,2025/26,lower_worse,TRUE,TRUE,177,97,6,FALSE,FALSE
Kyrgyzstan,KGZ,Asia,Central Asia,un_mvi,UN Multidimensional Vulnerability Index,Kyrgyzstan,43.5,,2023,High-Level Panel results,higher_worse,TRUE,TRUE,142,121,9,FALSE,FALSE
Kyrgyzstan,KGZ,Asia,Central Asia,debt_distress,Debt-distress classification,Kyrgyz Republic,2,Moderate,6/4/2025,31 March 2026,higher_worse,FALSE,FALSE,67,,,,
Kyrgyzstan,KGZ,Asia,Central Asia,searo,Sexual Exploitation and Abuse Risk Overview,,,,December 2025,2026 v1.2,higher_worse,TRUE,TRUE,38,,,,
Kyrgyzstan,KGZ,Asia,Central Asia,disaster_displacement,Disaster Displacement Risk Model,,,,current climate,GDRM 2.0,higher_worse,TRUE,TRUE,0,,,,
Kyrgyzstan,KGZ,Asia,Central Asia,internal_displacement,Internal Displacement Index,,,,2022,IDI 2023 publication,lower_worse,TRUE,TRUE,44,,,,
Lao People's Democratic Republic,LAO,Asia,South-eastern Asia,inform_risk,INFORM Risk,Lao PDR,3.8,,2026,2026 v0.7.2,higher_worse,TRUE,TRUE,191,90,5,FALSE,FALSE
Lao People's Democratic Republic,LAO,Asia,South-eastern Asia,inform_severity,INFORM Severity,,,,2026-06,June 2026,higher_worse,TRUE,TRUE,65,,,,
Lao People's Democratic Republic,LAO,Asia,South-eastern Asia,underfunded_crisis,Underfunded Crisis Index,,,,2021-2025 cumulative,2025,lower_worse,TRUE,TRUE,27,,,,
Lao People's Democratic Republic,LAO,Asia,South-eastern Asia,oecd_fragility,OECD Multidimensional Fragility,Lao People's Democratic Republic (the),-1.54012337652511,,predominantly 2023,States of Fragility 2025,lower_worse,TRUE,TRUE,61,48,8,FALSE,FALSE
Lao People's Democratic Republic,LAO,Asia,South-eastern Asia,worldrisk,WorldRiskIndex,Lao People's Democratic Republic,3,,2025,2025,higher_worse,TRUE,TRUE,193,122,7,FALSE,FALSE
Lao People's Democratic Republic,LAO,Asia,South-eastern Asia,nd_gain,ND-GAIN Country Index,Lao People's Democratic Republic,42.368099805248,,2024,2026 release,lower_worse,TRUE,TRUE,190,63,4,FALSE,FALSE
Lao People's Democratic Republic,LAO,Asia,South-eastern Asia,hdi,Human Development Index,Lao People's Democratic Republic,0.617,,2023,Human Development Report 2025,lower_worse,TRUE,TRUE,192,47,3,FALSE,FALSE
Lao People's Democratic Republic,LAO,Asia,South-eastern Asia,mpi,Multidimensional Poverty Index,Lao People's Democratic Republic,0.08248735,,2023 M,Global MPI 2025,higher_worse,TRUE,TRUE,109,47,5,FALSE,FALSE
Lao People's Democratic Republic,LAO,Asia,South-eastern Asia,ghi,Global Hunger Index,Lao PDR,,10–19.9*,2025,2025,higher_worse,TRUE,TRUE,98,,,,
Lao People's Democratic Republic,LAO,Asia,South-eastern Asia,ghs,Global Health Security Index,Laos,34.8,,2021,2021,lower_worse,TRUE,TRUE,193,95,5,FALSE,FALSE
Lao People's Democratic Republic,LAO,Asia,South-eastern Asia,wps,"Women, Peace and Security Index",Lao PDR,0.698,,2025,2025/26,lower_worse,TRUE,TRUE,177,99,6,FALSE,FALSE
Lao People's Democratic Republic,LAO,Asia,South-eastern Asia,un_mvi,UN Multidimensional Vulnerability Index,Lao PDR,43.8,,2023,High-Level Panel results,higher_worse,TRUE,TRUE,142,119,9,FALSE,FALSE
Lao People's Democratic Republic,LAO,Asia,South-eastern Asia,debt_distress,Debt-distress classification,Lao P.D.R.,4,In debt distress,2/20/2026,31 March 2026,higher_worse,FALSE,FALSE,67,,,,
Lao People's Democratic Republic,LAO,Asia,South-eastern Asia,searo,Sexual Exploitation and Abuse Risk Overview,,,,December 2025,2026 v1.2,higher_worse,TRUE,TRUE,38,,,,
Lao People's Democratic Republic,LAO,Asia,South-eastern Asia,disaster_displacement,Disaster Displacement Risk Model,,,,current climate,GDRM 2.0,higher_worse,TRUE,TRUE,0,,,,
Lao People's Democratic Republic,LAO,Asia,South-eastern Asia,internal_displacement,Internal Displacement Index,,,,2022,IDI 2023 publication,lower_worse,TRUE,TRUE,44,,,,
Latvia,LVA,Europe,Northern Europe,inform_risk,INFORM Risk,Latvia,2.6,,2026,2026 v0.7.2,higher_worse,TRUE,TRUE,191,138,8,FALSE,FALSE
Latvia,LVA,Europe,Northern Europe,inform_severity,INFORM Severity,,,,2026-06,June 2026,higher_worse,TRUE,TRUE,65,,,,
Latvia,LVA,Europe,Northern Europe,underfunded_crisis,Underfunded Crisis Index,,,,2021-2025 cumulative,2025,lower_worse,TRUE,TRUE,27,,,,
Latvia,LVA,Europe,Northern Europe,oecd_fragility,OECD Multidimensional Fragility,,,,predominantly 2023,States of Fragility 2025,lower_worse,TRUE,TRUE,61,,,,
Latvia,LVA,Europe,Northern Europe,worldrisk,WorldRiskIndex,Latvia,3.18,,2025,2025,higher_worse,TRUE,TRUE,193,116,6,FALSE,FALSE
Latvia,LVA,Europe,Northern Europe,nd_gain,ND-GAIN Country Index,Latvia,60.0960158668909,,2024,2026 release,lower_worse,TRUE,TRUE,190,158,9,FALSE,FALSE
Latvia,LVA,Europe,Northern Europe,hdi,Human Development Index,Latvia,0.889,,2023,Human Development Report 2025,lower_worse,TRUE,TRUE,192,152,8,FALSE,FALSE
Latvia,LVA,Europe,Northern Europe,mpi,Multidimensional Poverty Index,,,,country-specific survey year,Global MPI 2025,higher_worse,TRUE,TRUE,109,,,,
Latvia,LVA,Europe,Northern Europe,ghi,Global Hunger Index,Latvia,,<5,2025,2025,higher_worse,TRUE,TRUE,98,,,,
Latvia,LVA,Europe,Northern Europe,ghs,Global Health Security Index,Latvia,61.9,,2021,2021,lower_worse,TRUE,TRUE,193,179,10,FALSE,FALSE
Latvia,LVA,Europe,Northern Europe,wps,"Women, Peace and Security Index",Latvia,0.884,,2025,2025/26,lower_worse,TRUE,TRUE,177,160,9,FALSE,FALSE
Latvia,LVA,Europe,Northern Europe,un_mvi,UN Multidimensional Vulnerability Index,,,,2023,High-Level Panel results,higher_worse,TRUE,TRUE,142,,,,
Latvia,LVA,Europe,Northern Europe,debt_distress,Debt-distress classification,,,,latest DSA as of 2026-03-31,31 March 2026,higher_worse,FALSE,FALSE,67,,,,
Latvia,LVA,Europe,Northern Europe,searo,Sexual Exploitation and Abuse Risk Overview,,,,December 2025,2026 v1.2,higher_worse,TRUE,TRUE,38,,,,
Latvia,LVA,Europe,Northern Europe,disaster_displacement,Disaster Displacement Risk Model,,,,current climate,GDRM 2.0,higher_worse,TRUE,TRUE,0,,,,
Latvia,LVA,Europe,Northern Europe,internal_displacement,Internal Displacement Index,,,,2022,IDI 2023 publication,lower_worse,TRUE,TRUE,44,,,,
Lebanon,LBN,Asia,Western Asia,inform_risk,INFORM Risk,Lebanon,6.3,,2026,2026 v0.7.2,higher_worse,TRUE,TRUE,191,23,2,FALSE,TRUE
Lebanon,LBN,Asia,Western Asia,inform_severity,INFORM Severity,Lebanon,8,,2026-06,June 2026,higher_worse,TRUE,TRUE,65,21,4,FALSE,FALSE
Lebanon,LBN,Asia,Western Asia,underfunded_crisis,Underfunded Crisis Index,Lebanon,81.7075999,81.7%,2021-2025 cumulative,2025,lower_worse,TRUE,TRUE,27,26,10,FALSE,FALSE
Lebanon,LBN,Asia,Western Asia,oecd_fragility,OECD Multidimensional Fragility,Lebanon,-1.37643430307238,,predominantly 2023,States of Fragility 2025,lower_worse,TRUE,TRUE,61,53,9,FALSE,FALSE
Lebanon,LBN,Asia,Western Asia,worldrisk,WorldRiskIndex,Lebanon,4.29,,2025,2025,higher_worse,TRUE,TRUE,193,94,5,FALSE,FALSE
Lebanon,LBN,Asia,Western Asia,nd_gain,ND-GAIN Country Index,Lebanon,43.7473004543284,,2024,2026 release,lower_worse,TRUE,TRUE,190,72,4,FALSE,FALSE
Lebanon,LBN,Asia,Western Asia,hdi,Human Development Index,Lebanon,0.752,,2023,Human Development Report 2025,lower_worse,TRUE,TRUE,192,92,5,FALSE,FALSE
Lebanon,LBN,Asia,Western Asia,mpi,Multidimensional Poverty Index,,,,country-specific survey year,Global MPI 2025,higher_worse,TRUE,TRUE,109,,,,
Lebanon,LBN,Asia,Western Asia,ghi,Global Hunger Index,Lebanon,8.5,8.5,2025,2025,higher_worse,TRUE,TRUE,98,78,8,FALSE,FALSE
Lebanon,LBN,Asia,Western Asia,ghs,Global Health Security Index,Lebanon,33.4,,2021,2021,lower_worse,TRUE,TRUE,193,83,5,FALSE,FALSE
Lebanon,LBN,Asia,Western Asia,wps,"Women, Peace and Security Index",Lebanon,0.575,,2025,2025/26,lower_worse,TRUE,TRUE,177,41,3,FALSE,FALSE
Lebanon,LBN,Asia,Western Asia,un_mvi,UN Multidimensional Vulnerability Index,Lebanon,62.6,,2023,High-Level Panel results,higher_worse,TRUE,TRUE,142,18,2,FALSE,TRUE
Lebanon,LBN,Asia,Western Asia,debt_distress,Debt-distress classification,,,,latest DSA as of 2026-03-31,31 March 2026,higher_worse,FALSE,FALSE,67,,,,
Lebanon,LBN,Asia,Western Asia,searo,Sexual Exploitation and Abuse Risk Overview,Lebanon,5.762256125905225,,December 2025,2026 v1.2,higher_worse,TRUE,TRUE,38,25,7,FALSE,FALSE
Lebanon,LBN,Asia,Western Asia,disaster_displacement,Disaster Displacement Risk Model,,,,current climate,GDRM 2.0,higher_worse,TRUE,TRUE,0,,,,
Lebanon,LBN,Asia,Western Asia,internal_displacement,Internal Displacement Index,,,,2022,IDI 2023 publication,lower_worse,TRUE,TRUE,44,,,,
Lesotho,LSO,Africa,Sub-Saharan Africa,inform_risk,INFORM Risk,Lesotho,4.2,,2026,2026 v0.7.2,higher_worse,TRUE,TRUE,191,79,5,FALSE,FALSE
Lesotho,LSO,Africa,Sub-Saharan Africa,inform_severity,INFORM Severity,,,,2026-06,June 2026,higher_worse,TRUE,TRUE,65,,,,
Lesotho,LSO,Africa,Sub-Saharan Africa,underfunded_crisis,Underfunded Crisis Index,,,,2021-2025 cumulative,2025,lower_worse,TRUE,TRUE,27,,,,
Lesotho,LSO,Africa,Sub-Saharan Africa,oecd_fragility,OECD Multidimensional Fragility,,,,predominantly 2023,States of Fragility 2025,lower_worse,TRUE,TRUE,61,,,,
Lesotho,LSO,Africa,Sub-Saharan Africa,worldrisk,WorldRiskIndex,Lesotho,1.41,,2025,2025,higher_worse,TRUE,TRUE,193,167,9,FALSE,FALSE
Lesotho,LSO,Africa,Sub-Saharan Africa,nd_gain,ND-GAIN Country Index,Lesotho,38.3763105030762,,2024,2026 release,lower_worse,TRUE,TRUE,190,40,3,FALSE,FALSE
Lesotho,LSO,Africa,Sub-Saharan Africa,hdi,Human Development Index,Lesotho,0.55,,2023,Human Development Report 2025,lower_worse,TRUE,TRUE,192,27,2,FALSE,TRUE
Lesotho,LSO,Africa,Sub-Saharan Africa,mpi,Multidimensional Poverty Index,Lesotho,0.10604715,,2023/2024 D,Global MPI 2025,higher_worse,TRUE,TRUE,109,44,4,FALSE,FALSE
Lesotho,LSO,Africa,Sub-Saharan Africa,ghi,Global Hunger Index,Lesotho,,20–34.9*,2025,2025,higher_worse,TRUE,TRUE,98,,,,
Lesotho,LSO,Africa,Sub-Saharan Africa,ghs,Global Health Security Index,Lesotho,30.9,,2021,2021,lower_worse,TRUE,TRUE,193,67,4,FALSE,FALSE
Lesotho,LSO,Africa,Sub-Saharan Africa,wps,"Women, Peace and Security Index",Lesotho,0.614,,2025,2025/26,lower_worse,TRUE,TRUE,177,56,4,FALSE,FALSE
Lesotho,LSO,Africa,Sub-Saharan Africa,un_mvi,UN Multidimensional Vulnerability Index,Lesotho,62.4,,2023,High-Level Panel results,higher_worse,TRUE,TRUE,142,20,2,FALSE,TRUE
Lesotho,LSO,Africa,Sub-Saharan Africa,debt_distress,Debt-distress classification,Lesotho,2,Moderate,9/18/2025,31 March 2026,higher_worse,FALSE,FALSE,67,,,,
Lesotho,LSO,Africa,Sub-Saharan Africa,searo,Sexual Exploitation and Abuse Risk Overview,,,,December 2025,2026 v1.2,higher_worse,TRUE,TRUE,38,,,,
Lesotho,LSO,Africa,Sub-Saharan Africa,disaster_displacement,Disaster Displacement Risk Model,,,,current climate,GDRM 2.0,higher_worse,TRUE,TRUE,0,,,,
Lesotho,LSO,Africa,Sub-Saharan Africa,internal_displacement,Internal Displacement Index,,,,2022,IDI 2023 publication,lower_worse,TRUE,TRUE,44,,,,
Liberia,LBR,Africa,Sub-Saharan Africa,inform_risk,INFORM Risk,Liberia,5.3,,2026,2026 v0.7.2,higher_worse,TRUE,TRUE,191,46,3,FALSE,FALSE
Liberia,LBR,Africa,Sub-Saharan Africa,inform_severity,INFORM Severity,,,,2026-06,June 2026,higher_worse,TRUE,TRUE,65,,,,
Liberia,LBR,Africa,Sub-Saharan Africa,underfunded_crisis,Underfunded Crisis Index,,,,2021-2025 cumulative,2025,lower_worse,TRUE,TRUE,27,,,,
Liberia,LBR,Africa,Sub-Saharan Africa,oecd_fragility,OECD Multidimensional Fragility,Liberia,-2.45931373782678,,predominantly 2023,States of Fragility 2025,lower_worse,TRUE,TRUE,61,26,5,FALSE,FALSE
Liberia,LBR,Africa,Sub-Saharan Africa,worldrisk,WorldRiskIndex,Liberia,3.64,,2025,2025,higher_worse,TRUE,TRUE,193,105,6,FALSE,FALSE
Liberia,LBR,Africa,Sub-Saharan Africa,nd_gain,ND-GAIN Country Index,Liberia,35.7268961812606,,2024,2026 release,lower_worse,TRUE,TRUE,190,22,2,FALSE,TRUE
Liberia,LBR,Africa,Sub-Saharan Africa,hdi,Human Development Index,Liberia,0.51,,2023,Human Development Report 2025,lower_worse,TRUE,TRUE,192,17,1,TRUE,TRUE
Liberia,LBR,Africa,Sub-Saharan Africa,mpi,Multidimensional Poverty Index,Liberia,0.259293731,,2019/2020 D,Global MPI 2025,higher_worse,TRUE,TRUE,109,21,2,FALSE,TRUE
Liberia,LBR,Africa,Sub-Saharan Africa,ghi,Global Hunger Index,Liberia,30,30.0,2025,2025,higher_worse,TRUE,TRUE,98,12,2,FALSE,TRUE
Liberia,LBR,Africa,Sub-Saharan Africa,ghs,Global Health Security Index,Liberia,35.7,,2021,2021,lower_worse,TRUE,TRUE,193,100,6,FALSE,FALSE
Liberia,LBR,Africa,Sub-Saharan Africa,wps,"Women, Peace and Security Index",Liberia,0.512,,2025,2025/26,lower_worse,TRUE,TRUE,177,25,2,FALSE,TRUE
Liberia,LBR,Africa,Sub-Saharan Africa,un_mvi,UN Multidimensional Vulnerability Index,Liberia,61.8,,2023,High-Level Panel results,higher_worse,TRUE,TRUE,142,21,2,FALSE,TRUE
Liberia,LBR,Africa,Sub-Saharan Africa,debt_distress,Debt-distress classification,Liberia,2,Moderate,11/7/2025,31 March 2026,higher_worse,FALSE,FALSE,67,,,,
Liberia,LBR,Africa,Sub-Saharan Africa,searo,Sexual Exploitation and Abuse Risk Overview,,,,December 2025,2026 v1.2,higher_worse,TRUE,TRUE,38,,,,
Liberia,LBR,Africa,Sub-Saharan Africa,disaster_displacement,Disaster Displacement Risk Model,,,,current climate,GDRM 2.0,higher_worse,TRUE,TRUE,0,,,,
Liberia,LBR,Africa,Sub-Saharan Africa,internal_displacement,Internal Displacement Index,,,,2022,IDI 2023 publication,lower_worse,TRUE,TRUE,44,,,,
Libyan Arab Jamahiriya,LBY,Africa,Northern Africa,inform_risk,INFORM Risk,Libya,5.8,,2026,2026 v0.7.2,higher_worse,TRUE,TRUE,191,30,2,FALSE,TRUE
Libyan Arab Jamahiriya,LBY,Africa,Northern Africa,inform_severity,INFORM Severity,Libya,7.3,,2026-06,June 2026,higher_worse,TRUE,TRUE,65,25,4,FALSE,FALSE
Libyan Arab Jamahiriya,LBY,Africa,Northern Africa,underfunded_crisis,Underfunded Crisis Index,,,,2021-2025 cumulative,2025,lower_worse,TRUE,TRUE,27,,,,
Libyan Arab Jamahiriya,LBY,Africa,Northern Africa,oecd_fragility,OECD Multidimensional Fragility,Libya,-2.89620338557164,,predominantly 2023,States of Fragility 2025,lower_worse,TRUE,TRUE,61,14,3,FALSE,FALSE
Libyan Arab Jamahiriya,LBY,Africa,Northern Africa,worldrisk,WorldRiskIndex,Libyan Arab Jamahiriya,15.69,,2025,2025,higher_worse,TRUE,TRUE,193,32,2,FALSE,TRUE
Libyan Arab Jamahiriya,LBY,Africa,Northern Africa,nd_gain,ND-GAIN Country Index,Libyan Arab Jamahiriya,39.9788666595835,,2024,2026 release,lower_worse,TRUE,TRUE,190,48,3,FALSE,FALSE
Libyan Arab Jamahiriya,LBY,Africa,Northern Africa,hdi,Human Development Index,Libya,0.721,,2023,Human Development Report 2025,lower_worse,TRUE,TRUE,192,78,5,FALSE,FALSE
Libyan Arab Jamahiriya,LBY,Africa,Northern Africa,mpi,Multidimensional Poverty Index,Libya,0.007421465,,2014 P,Global MPI 2025,higher_worse,TRUE,TRUE,109,84,8,FALSE,FALSE
Libyan Arab Jamahiriya,LBY,Africa,Northern Africa,ghi,Global Hunger Index,Libya,13.9,13.9,2025,2025,higher_worse,TRUE,TRUE,98,55,6,FALSE,FALSE
Libyan Arab Jamahiriya,LBY,Africa,Northern Africa,ghs,Global Health Security Index,Libya,25.3,,2021,2021,lower_worse,TRUE,TRUE,193,22,2,FALSE,TRUE
Libyan Arab Jamahiriya,LBY,Africa,Northern Africa,wps,"Women, Peace and Security Index",Libya,0.608,,2025,2025/26,lower_worse,TRUE,TRUE,177,52,3,FALSE,FALSE
Libyan Arab Jamahiriya,LBY,Africa,Northern Africa,un_mvi,UN Multidimensional Vulnerability Index,Libya,61.7,,2023,High-Level Panel results,higher_worse,TRUE,TRUE,142,23,2,FALSE,TRUE
Libyan Arab Jamahiriya,LBY,Africa,Northern Africa,debt_distress,Debt-distress classification,,,,latest DSA as of 2026-03-31,31 March 2026,higher_worse,FALSE,FALSE,67,,,,
Libyan Arab Jamahiriya,LBY,Africa,Northern Africa,searo,Sexual Exploitation and Abuse Risk Overview,Libya,5.004250814460956,,December 2025,2026 v1.2,higher_worse,TRUE,TRUE,38,36,10,FALSE,FALSE
Libyan Arab Jamahiriya,LBY,Africa,Northern Africa,disaster_displacement,Disaster Displacement Risk Model,,,,current climate,GDRM 2.0,higher_worse,TRUE,TRUE,0,,,,
Libyan Arab Jamahiriya,LBY,Africa,Northern Africa,internal_displacement,Internal Displacement Index,Libya,0.7162160400303225,,2022,IDI 2023 publication,lower_worse,TRUE,TRUE,44,16,4,FALSE,FALSE
Liechtenstein,LIE,Europe,Western Europe,inform_risk,INFORM Risk,Liechtenstein,1,,2026,2026 v0.7.2,higher_worse,TRUE,TRUE,191,189,10,FALSE,FALSE
Liechtenstein,LIE,Europe,Western Europe,inform_severity,INFORM Severity,,,,2026-06,June 2026,higher_worse,TRUE,TRUE,65,,,,
Liechtenstein,LIE,Europe,Western Europe,underfunded_crisis,Underfunded Crisis Index,,,,2021-2025 cumulative,2025,lower_worse,TRUE,TRUE,27,,,,
Liechtenstein,LIE,Europe,Western Europe,oecd_fragility,OECD Multidimensional Fragility,,,,predominantly 2023,States of Fragility 2025,lower_worse,TRUE,TRUE,61,,,,
Liechtenstein,LIE,Europe,Western Europe,worldrisk,WorldRiskIndex,Liechtenstein,0.68,,2025,2025,higher_worse,TRUE,TRUE,193,187,10,FALSE,FALSE
Liechtenstein,LIE,Europe,Western Europe,nd_gain,ND-GAIN Country Index,,,,2024,2026 release,lower_worse,TRUE,TRUE,190,,,,
Liechtenstein,LIE,Europe,Western Europe,hdi,Human Development Index,Liechtenstein,0.938,,2023,Human Development Report 2025,lower_worse,TRUE,TRUE,192,175,10,FALSE,FALSE
Liechtenstein,LIE,Europe,Western Europe,mpi,Multidimensional Poverty Index,,,,country-specific survey year,Global MPI 2025,higher_worse,TRUE,TRUE,109,,,,
Liechtenstein,LIE,Europe,Western Europe,ghi,Global Hunger Index,,,,2025,2025,higher_worse,TRUE,TRUE,98,,,,
Liechtenstein,LIE,Europe,Western Europe,ghs,Global Health Security Index,Liechtenstein,46.4,,2021,2021,lower_worse,TRUE,TRUE,193,140,8,FALSE,FALSE
Liechtenstein,LIE,Europe,Western Europe,wps,"Women, Peace and Security Index",,,,2025,2025/26,lower_worse,TRUE,TRUE,177,,,,
Liechtenstein,LIE,Europe,Western Europe,un_mvi,UN Multidimensional Vulnerability Index,,,,2023,High-Level Panel results,higher_worse,TRUE,TRUE,142,,,,
Liechtenstein,LIE,Europe,Western Europe,debt_distress,Debt-distress classification,,,,latest DSA as of 2026-03-31,31 March 2026,higher_worse,FALSE,FALSE,67,,,,
Liechtenstein,LIE,Europe,Western Europe,searo,Sexual Exploitation and Abuse Risk Overview,,,,December 2025,2026 v1.2,higher_worse,TRUE,TRUE,38,,,,
Liechtenstein,LIE,Europe,Western Europe,disaster_displacement,Disaster Displacement Risk Model,,,,current climate,GDRM 2.0,higher_worse,TRUE,TRUE,0,,,,
Liechtenstein,LIE,Europe,Western Europe,internal_displacement,Internal Displacement Index,,,,2022,IDI 2023 publication,lower_worse,TRUE,TRUE,44,,,,
Lithuania,LTU,Europe,Northern Europe,inform_risk,INFORM Risk,Lithuania,2.1,,2026,2026 v0.7.2,higher_worse,TRUE,TRUE,191,165,9,FALSE,FALSE
Lithuania,LTU,Europe,Northern Europe,inform_severity,INFORM Severity,,,,2026-06,June 2026,higher_worse,TRUE,TRUE,65,,,,
Lithuania,LTU,Europe,Northern Europe,underfunded_crisis,Underfunded Crisis Index,,,,2021-2025 cumulative,2025,lower_worse,TRUE,TRUE,27,,,,
Lithuania,LTU,Europe,Northern Europe,oecd_fragility,OECD Multidimensional Fragility,,,,predominantly 2023,States of Fragility 2025,lower_worse,TRUE,TRUE,61,,,,
Lithuania,LTU,Europe,Northern Europe,worldrisk,WorldRiskIndex,Lithuania,2.32,,2025,2025,higher_worse,TRUE,TRUE,193,145,8,FALSE,FALSE
Lithuania,LTU,Europe,Northern Europe,nd_gain,ND-GAIN Country Index,Lithuania,60.2466041172852,,2024,2026 release,lower_worse,TRUE,TRUE,190,159,9,FALSE,FALSE
Lithuania,LTU,Europe,Northern Europe,hdi,Human Development Index,Lithuania,0.895,,2023,Human Development Report 2025,lower_worse,TRUE,TRUE,192,155,9,FALSE,FALSE
Lithuania,LTU,Europe,Northern Europe,mpi,Multidimensional Poverty Index,,,,country-specific survey year,Global MPI 2025,higher_worse,TRUE,TRUE,109,,,,
Lithuania,LTU,Europe,Northern Europe,ghi,Global Hunger Index,Lithuania,,<5,2025,2025,higher_worse,TRUE,TRUE,98,,,,
Lithuania,LTU,Europe,Northern Europe,ghs,Global Health Security Index,Lithuania,59.5,,2021,2021,lower_worse,TRUE,TRUE,193,173,9,FALSE,FALSE
Lithuania,LTU,Europe,Northern Europe,wps,"Women, Peace and Security Index",Lithuania,0.887,,2025,2025/26,lower_worse,TRUE,TRUE,177,163,10,FALSE,FALSE
Lithuania,LTU,Europe,Northern Europe,un_mvi,UN Multidimensional Vulnerability Index,,,,2023,High-Level Panel results,higher_worse,TRUE,TRUE,142,,,,
Lithuania,LTU,Europe,Northern Europe,debt_distress,Debt-distress classification,,,,latest DSA as of 2026-03-31,31 March 2026,higher_worse,FALSE,FALSE,67,,,,
Lithuania,LTU,Europe,Northern Europe,searo,Sexual Exploitation and Abuse Risk Overview,,,,December 2025,2026 v1.2,higher_worse,TRUE,TRUE,38,,,,
Lithuania,LTU,Europe,Northern Europe,disaster_displacement,Disaster Displacement Risk Model,,,,current climate,GDRM 2.0,higher_worse,TRUE,TRUE,0,,,,
Lithuania,LTU,Europe,Northern Europe,internal_displacement,Internal Displacement Index,,,,2022,IDI 2023 publication,lower_worse,TRUE,TRUE,44,,,,
Luxembourg,LUX,Europe,Western Europe,inform_risk,INFORM Risk,Luxembourg,1,,2026,2026 v0.7.2,higher_worse,TRUE,TRUE,191,189,10,FALSE,FALSE
Luxembourg,LUX,Europe,Western Europe,inform_severity,INFORM Severity,,,,2026-06,June 2026,higher_worse,TRUE,TRUE,65,,,,
Luxembourg,LUX,Europe,Western Europe,underfunded_crisis,Underfunded Crisis Index,,,,2021-2025 cumulative,2025,lower_worse,TRUE,TRUE,27,,,,
Luxembourg,LUX,Europe,Western Europe,oecd_fragility,OECD Multidimensional Fragility,,,,predominantly 2023,States of Fragility 2025,lower_worse,TRUE,TRUE,61,,,,
Luxembourg,LUX,Europe,Western Europe,worldrisk,WorldRiskIndex,Luxembourg,0.57,,2025,2025,higher_worse,TRUE,TRUE,193,190,10,FALSE,FALSE
Luxembourg,LUX,Europe,Western Europe,nd_gain,ND-GAIN Country Index,Luxembourg,65.956152237879,,2024,2026 release,lower_worse,TRUE,TRUE,190,176,10,FALSE,FALSE
Luxembourg,LUX,Europe,Western Europe,hdi,Human Development Index,Luxembourg,0.922,,2023,Human Development Report 2025,lower_worse,TRUE,TRUE,192,169,9,FALSE,FALSE
Luxembourg,LUX,Europe,Western Europe,mpi,Multidimensional Poverty Index,,,,country-specific survey year,Global MPI 2025,higher_worse,TRUE,TRUE,109,,,,
Luxembourg,LUX,Europe,Western Europe,ghi,Global Hunger Index,,,,2025,2025,higher_worse,TRUE,TRUE,98,,,,
Luxembourg,LUX,Europe,Western Europe,ghs,Global Health Security Index,Luxembourg,48.4,,2021,2021,lower_worse,TRUE,TRUE,193,143,8,FALSE,FALSE
Luxembourg,LUX,Europe,Western Europe,wps,"Women, Peace and Security Index",Luxembourg,0.918,,2025,2025/26,lower_worse,TRUE,TRUE,177,172,10,FALSE,FALSE
Luxembourg,LUX,Europe,Western Europe,un_mvi,UN Multidimensional Vulnerability Index,,,,2023,High-Level Panel results,higher_worse,TRUE,TRUE,142,,,,
Luxembourg,LUX,Europe,Western Europe,debt_distress,Debt-distress classification,,,,latest DSA as of 2026-03-31,31 March 2026,higher_worse,FALSE,FALSE,67,,,,
Luxembourg,LUX,Europe,Western Europe,searo,Sexual Exploitation and Abuse Risk Overview,,,,December 2025,2026 v1.2,higher_worse,TRUE,TRUE,38,,,,
Luxembourg,LUX,Europe,Western Europe,disaster_displacement,Disaster Displacement Risk Model,,,,current climate,GDRM 2.0,higher_worse,TRUE,TRUE,0,,,,
Luxembourg,LUX,Europe,Western Europe,internal_displacement,Internal Displacement Index,,,,2022,IDI 2023 publication,lower_worse,TRUE,TRUE,44,,,,
Madagascar,MDG,Africa,Sub-Saharan Africa,inform_risk,INFORM Risk,Madagascar,5.8,,2026,2026 v0.7.2,higher_worse,TRUE,TRUE,191,30,2,FALSE,TRUE
Madagascar,MDG,Africa,Sub-Saharan Africa,inform_severity,INFORM Severity,Madagascar,6.2,,2026-06,June 2026,higher_worse,TRUE,TRUE,65,37,6,FALSE,FALSE
Madagascar,MDG,Africa,Sub-Saharan Africa,underfunded_crisis,Underfunded Crisis Index,,,,2021-2025 cumulative,2025,lower_worse,TRUE,TRUE,27,,,,
Madagascar,MDG,Africa,Sub-Saharan Africa,oecd_fragility,OECD Multidimensional Fragility,Madagascar,-2.80085413775646,,predominantly 2023,States of Fragility 2025,lower_worse,TRUE,TRUE,61,17,3,FALSE,FALSE
Madagascar,MDG,Africa,Sub-Saharan Africa,worldrisk,WorldRiskIndex,Madagascar,23.68,,2025,2025,higher_worse,TRUE,TRUE,193,19,1,TRUE,TRUE
Madagascar,MDG,Africa,Sub-Saharan Africa,nd_gain,ND-GAIN Country Index,Madagascar,34.9940877250898,,2024,2026 release,lower_worse,TRUE,TRUE,190,17,1,TRUE,TRUE
Madagascar,MDG,Africa,Sub-Saharan Africa,hdi,Human Development Index,Madagascar,0.487,,2023,Human Development Report 2025,lower_worse,TRUE,TRUE,192,11,1,TRUE,TRUE
Madagascar,MDG,Africa,Sub-Saharan Africa,mpi,Multidimensional Poverty Index,Madagascar,0.385927412,,2021 D,Global MPI 2025,higher_worse,TRUE,TRUE,109,5,1,TRUE,TRUE
Madagascar,MDG,Africa,Sub-Saharan Africa,ghi,Global Hunger Index,Madagascar,35.8,35.8,2025,2025,higher_worse,TRUE,TRUE,98,4,1,TRUE,TRUE
Madagascar,MDG,Africa,Sub-Saharan Africa,ghs,Global Health Security Index,Madagascar,30.4,,2021,2021,lower_worse,TRUE,TRUE,193,61,4,FALSE,FALSE
Madagascar,MDG,Africa,Sub-Saharan Africa,wps,"Women, Peace and Security Index",Madagascar,0.466,,2025,2025/26,lower_worse,TRUE,TRUE,177,14,1,TRUE,TRUE
Madagascar,MDG,Africa,Sub-Saharan Africa,un_mvi,UN Multidimensional Vulnerability Index,Madagascar,49.6,,2023,High-Level Panel results,higher_worse,TRUE,TRUE,142,84,6,FALSE,FALSE
Madagascar,MDG,Africa,Sub-Saharan Africa,debt_distress,Debt-distress classification,Madagascar,2,Moderate,3/21/2025,31 March 2026,higher_worse,FALSE,FALSE,67,,,,
Madagascar,MDG,Africa,Sub-Saharan Africa,searo,Sexual Exploitation and Abuse Risk Overview,Madagascar,5.9339742696451365,,December 2025,2026 v1.2,higher_worse,TRUE,TRUE,38,18,5,FALSE,FALSE
Madagascar,MDG,Africa,Sub-Saharan Africa,disaster_displacement,Disaster Displacement Risk Model,,,,current climate,GDRM 2.0,higher_worse,TRUE,TRUE,0,,,,
Madagascar,MDG,Africa,Sub-Saharan Africa,internal_displacement,Internal Displacement Index,,,,2022,IDI 2023 publication,lower_worse,TRUE,TRUE,44,,,,
Malawi,MWI,Africa,Sub-Saharan Africa,inform_risk,INFORM Risk,Malawi,5.4,,2026,2026 v0.7.2,higher_worse,TRUE,TRUE,191,43,3,FALSE,FALSE
Malawi,MWI,Africa,Sub-Saharan Africa,inform_severity,INFORM Severity,Malawi,7,,2026-06,June 2026,higher_worse,TRUE,TRUE,65,28,5,FALSE,FALSE
Malawi,MWI,Africa,Sub-Saharan Africa,underfunded_crisis,Underfunded Crisis Index,Malawi,49.9145586,49.9%,2021-2025 cumulative,2025,lower_worse,TRUE,TRUE,27,14,5,FALSE,FALSE
Malawi,MWI,Africa,Sub-Saharan Africa,oecd_fragility,OECD Multidimensional Fragility,Malawi,-1.22169006597316,,predominantly 2023,States of Fragility 2025,lower_worse,TRUE,TRUE,61,58,10,FALSE,FALSE
Malawi,MWI,Africa,Sub-Saharan Africa,worldrisk,WorldRiskIndex,Malawi,3.38,,2025,2025,higher_worse,TRUE,TRUE,193,108,6,FALSE,FALSE
Malawi,MWI,Africa,Sub-Saharan Africa,nd_gain,ND-GAIN Country Index,Malawi,35.7279794043021,,2024,2026 release,lower_worse,TRUE,TRUE,190,23,2,FALSE,TRUE
Malawi,MWI,Africa,Sub-Saharan Africa,hdi,Human Development Index,Malawi,0.517,,2023,Human Development Report 2025,lower_worse,TRUE,TRUE,192,22,2,FALSE,TRUE
Malawi,MWI,Africa,Sub-Saharan Africa,mpi,Multidimensional Poverty Index,Malawi,0.231095204,,2019/2020 M,Global MPI 2025,higher_worse,TRUE,TRUE,109,24,3,FALSE,FALSE
Malawi,MWI,Africa,Sub-Saharan Africa,ghi,Global Hunger Index,Malawi,22,22.0,2025,2025,higher_worse,TRUE,TRUE,98,29,3,FALSE,FALSE
Malawi,MWI,Africa,Sub-Saharan Africa,ghs,Global Health Security Index,Malawi,28.5,,2021,2021,lower_worse,TRUE,TRUE,193,43,3,FALSE,FALSE
Malawi,MWI,Africa,Sub-Saharan Africa,wps,"Women, Peace and Security Index",Malawi,0.549,,2025,2025/26,lower_worse,TRUE,TRUE,177,32,2,FALSE,TRUE
Malawi,MWI,Africa,Sub-Saharan Africa,un_mvi,UN Multidimensional Vulnerability Index,Malawi,53.7,,2023,High-Level Panel results,higher_worse,TRUE,TRUE,142,66,5,FALSE,FALSE
Malawi,MWI,Africa,Sub-Saharan Africa,debt_distress,Debt-distress classification,Malawi,4,In debt distress,8/6/2025,31 March 2026,higher_worse,FALSE,FALSE,67,,,,
Malawi,MWI,Africa,Sub-Saharan Africa,searo,Sexual Exploitation and Abuse Risk Overview,Malawi,5.669646275744556,,December 2025,2026 v1.2,higher_worse,TRUE,TRUE,38,28,8,FALSE,FALSE
Malawi,MWI,Africa,Sub-Saharan Africa,disaster_displacement,Disaster Displacement Risk Model,,,,current climate,GDRM 2.0,higher_worse,TRUE,TRUE,0,,,,
Malawi,MWI,Africa,Sub-Saharan Africa,internal_displacement,Internal Displacement Index,,,,2022,IDI 2023 publication,lower_worse,TRUE,TRUE,44,,,,
Malaysia,MYS,Asia,South-eastern Asia,inform_risk,INFORM Risk,Malaysia,3.6,,2026,2026 v0.7.2,higher_worse,TRUE,TRUE,191,98,6,FALSE,FALSE
Malaysia,MYS,Asia,South-eastern Asia,inform_severity,INFORM Severity,Malaysia,3.7,,2026-06,June 2026,higher_worse,TRUE,TRUE,65,62,10,FALSE,FALSE
Malaysia,MYS,Asia,South-eastern Asia,underfunded_crisis,Underfunded Crisis Index,,,,2021-2025 cumulative,2025,lower_worse,TRUE,TRUE,27,,,,
Malaysia,MYS,Asia,South-eastern Asia,oecd_fragility,OECD Multidimensional Fragility,,,,predominantly 2023,States of Fragility 2025,lower_worse,TRUE,TRUE,61,,,,
Malaysia,MYS,Asia,South-eastern Asia,worldrisk,WorldRiskIndex,Malaysia,14.28,,2025,2025,higher_worse,TRUE,TRUE,193,37,2,FALSE,TRUE
Malaysia,MYS,Asia,South-eastern Asia,nd_gain,ND-GAIN Country Index,Malaysia,54.9811996366288,,2024,2026 release,lower_worse,TRUE,TRUE,190,140,8,FALSE,FALSE
Malaysia,MYS,Asia,South-eastern Asia,hdi,Human Development Index,Malaysia,0.819,,2023,Human Development Report 2025,lower_worse,TRUE,TRUE,192,127,7,FALSE,FALSE
Malaysia,MYS,Asia,South-eastern Asia,mpi,Multidimensional Poverty Index,,,,country-specific survey year,Global MPI 2025,higher_worse,TRUE,TRUE,109,,,,
Malaysia,MYS,Asia,South-eastern Asia,ghi,Global Hunger Index,Malaysia,13.6,13.6,2025,2025,higher_worse,TRUE,TRUE,98,56,6,FALSE,FALSE
Malaysia,MYS,Asia,South-eastern Asia,ghs,Global Health Security Index,Malaysia,56.4,,2021,2021,lower_worse,TRUE,TRUE,193,167,9,FALSE,FALSE
Malaysia,MYS,Asia,South-eastern Asia,wps,"Women, Peace and Security Index",Malaysia,0.738,,2025,2025/26,lower_worse,TRUE,TRUE,177,113,7,FALSE,FALSE
Malaysia,MYS,Asia,South-eastern Asia,un_mvi,UN Multidimensional Vulnerability Index,Malaysia,39.4,,2023,High-Level Panel results,higher_worse,TRUE,TRUE,142,138,10,FALSE,FALSE
Malaysia,MYS,Asia,South-eastern Asia,debt_distress,Debt-distress classification,,,,latest DSA as of 2026-03-31,31 March 2026,higher_worse,FALSE,FALSE,67,,,,
Malaysia,MYS,Asia,South-eastern Asia,searo,Sexual Exploitation and Abuse Risk Overview,,,,December 2025,2026 v1.2,higher_worse,TRUE,TRUE,38,,,,
Malaysia,MYS,Asia,South-eastern Asia,disaster_displacement,Disaster Displacement Risk Model,,,,current climate,GDRM 2.0,higher_worse,TRUE,TRUE,0,,,,
Malaysia,MYS,Asia,South-eastern Asia,internal_displacement,Internal Displacement Index,,,,2022,IDI 2023 publication,lower_worse,TRUE,TRUE,44,,,,
Maldives,MDV,Asia,Southern Asia,inform_risk,INFORM Risk,Maldives,2.1,,2026,2026 v0.7.2,higher_worse,TRUE,TRUE,191,165,9,FALSE,FALSE
Maldives,MDV,Asia,Southern Asia,inform_severity,INFORM Severity,,,,2026-06,June 2026,higher_worse,TRUE,TRUE,65,,,,
Maldives,MDV,Asia,Southern Asia,underfunded_crisis,Underfunded Crisis Index,,,,2021-2025 cumulative,2025,lower_worse,TRUE,TRUE,27,,,,
Maldives,MDV,Asia,Southern Asia,oecd_fragility,OECD Multidimensional Fragility,,,,predominantly 2023,States of Fragility 2025,lower_worse,TRUE,TRUE,61,,,,
Maldives,MDV,Asia,Southern Asia,worldrisk,WorldRiskIndex,Maldives,1.04,,2025,2025,higher_worse,TRUE,TRUE,193,179,10,FALSE,FALSE
Maldives,MDV,Asia,Southern Asia,nd_gain,ND-GAIN Country Index,Maldives,43.5551805226766,,2024,2026 release,lower_worse,TRUE,TRUE,190,69,4,FALSE,FALSE
Maldives,MDV,Asia,Southern Asia,hdi,Human Development Index,Maldives,0.766,,2023,Human Development Report 2025,lower_worse,TRUE,TRUE,192,100,6,FALSE,FALSE
Maldives,MDV,Asia,Southern Asia,mpi,Multidimensional Poverty Index,Maldives,0.002654094,,2016/2017 D,Global MPI 2025,higher_worse,TRUE,TRUE,109,97,9,FALSE,FALSE
Maldives,MDV,Asia,Southern Asia,ghi,Global Hunger Index,,,,2025,2025,higher_worse,TRUE,TRUE,98,,,,
Maldives,MDV,Asia,Southern Asia,ghs,Global Health Security Index,Maldives,32,,2021,2021,lower_worse,TRUE,TRUE,193,76,4,FALSE,FALSE
Maldives,MDV,Asia,Southern Asia,wps,"Women, Peace and Security Index",Maldives,0.704,,2025,2025/26,lower_worse,TRUE,TRUE,177,103,6,FALSE,FALSE
Maldives,MDV,Asia,Southern Asia,un_mvi,UN Multidimensional Vulnerability Index,Maldives,72.2,,2023,High-Level Panel results,higher_worse,TRUE,TRUE,142,2,1,TRUE,TRUE
Maldives,MDV,Asia,Southern Asia,debt_distress,Debt-distress classification,Maldives,3,High,5/13/2024,31 March 2026,higher_worse,FALSE,FALSE,67,,,,
Maldives,MDV,Asia,Southern Asia,searo,Sexual Exploitation and Abuse Risk Overview,,,,December 2025,2026 v1.2,higher_worse,TRUE,TRUE,38,,,,
Maldives,MDV,Asia,Southern Asia,disaster_displacement,Disaster Displacement Risk Model,,,,current climate,GDRM 2.0,higher_worse,TRUE,TRUE,0,,,,
Maldives,MDV,Asia,Southern Asia,internal_displacement,Internal Displacement Index,,,,2022,IDI 2023 publication,lower_worse,TRUE,TRUE,44,,,,
Mali,MLI,Africa,Sub-Saharan Africa,inform_risk,INFORM Risk,Mali,7.1,,2026,2026 v0.7.2,higher_worse,TRUE,TRUE,191,13,1,TRUE,TRUE
Mali,MLI,Africa,Sub-Saharan Africa,inform_severity,INFORM Severity,Mali,8.6,,2026-06,June 2026,higher_worse,TRUE,TRUE,65,11,2,FALSE,TRUE
Mali,MLI,Africa,Sub-Saharan Africa,underfunded_crisis,Underfunded Crisis Index,Mali,40.630085300000005,40.6%,2021-2025 cumulative,2025,lower_worse,TRUE,TRUE,27,5,2,FALSE,TRUE
Mali,MLI,Africa,Sub-Saharan Africa,oecd_fragility,OECD Multidimensional Fragility,Mali,-2.60251000355113,,predominantly 2023,States of Fragility 2025,lower_worse,TRUE,TRUE,61,22,4,FALSE,FALSE
Mali,MLI,Africa,Sub-Saharan Africa,worldrisk,WorldRiskIndex,Mali,2.24,,2025,2025,higher_worse,TRUE,TRUE,193,146,8,FALSE,FALSE
Mali,MLI,Africa,Sub-Saharan Africa,nd_gain,ND-GAIN Country Index,Mali,34.0673137297621,,2024,2026 release,lower_worse,TRUE,TRUE,190,16,1,TRUE,TRUE
Mali,MLI,Africa,Sub-Saharan Africa,hdi,Human Development Index,Mali,0.419,,2023,Human Development Report 2025,lower_worse,TRUE,TRUE,192,5,1,TRUE,TRUE
Mali,MLI,Africa,Sub-Saharan Africa,mpi,Multidimensional Poverty Index,Mali,0.376062922,,2018 D,Global MPI 2025,higher_worse,TRUE,TRUE,109,6,1,TRUE,TRUE
Mali,MLI,Africa,Sub-Saharan Africa,ghi,Global Hunger Index,Mali,22.3,22.3,2025,2025,higher_worse,TRUE,TRUE,98,28,3,FALSE,FALSE
Mali,MLI,Africa,Sub-Saharan Africa,ghs,Global Health Security Index,Mali,29,,2021,2021,lower_worse,TRUE,TRUE,193,50,3,FALSE,FALSE
Mali,MLI,Africa,Sub-Saharan Africa,wps,"Women, Peace and Security Index",Mali,0.478,,2025,2025/26,lower_worse,TRUE,TRUE,177,18,1,TRUE,TRUE
Mali,MLI,Africa,Sub-Saharan Africa,un_mvi,UN Multidimensional Vulnerability Index,Mali,56.4,,2023,High-Level Panel results,higher_worse,TRUE,TRUE,142,51,4,FALSE,FALSE
Mali,MLI,Africa,Sub-Saharan Africa,debt_distress,Debt-distress classification,Mali,2,Moderate,9/10/2025,31 March 2026,higher_worse,FALSE,FALSE,67,,,,
Mali,MLI,Africa,Sub-Saharan Africa,searo,Sexual Exploitation and Abuse Risk Overview,Mali,6.463838178931839,,December 2025,2026 v1.2,higher_worse,TRUE,TRUE,38,12,3,FALSE,FALSE
Mali,MLI,Africa,Sub-Saharan Africa,disaster_displacement,Disaster Displacement Risk Model,,,,current climate,GDRM 2.0,higher_worse,TRUE,TRUE,0,,,,
Mali,MLI,Africa,Sub-Saharan Africa,internal_displacement,Internal Displacement Index,Mali,0.7861555551561081,,2022,IDI 2023 publication,lower_worse,TRUE,TRUE,44,35,8,FALSE,FALSE
Malta,MLT,Europe,Southern Europe,inform_risk,INFORM Risk,Malta,1.7,,2026,2026 v0.7.2,higher_worse,TRUE,TRUE,191,182,10,FALSE,FALSE
Malta,MLT,Europe,Southern Europe,inform_severity,INFORM Severity,,,,2026-06,June 2026,higher_worse,TRUE,TRUE,65,,,,
Malta,MLT,Europe,Southern Europe,underfunded_crisis,Underfunded Crisis Index,,,,2021-2025 cumulative,2025,lower_worse,TRUE,TRUE,27,,,,
Malta,MLT,Europe,Southern Europe,oecd_fragility,OECD Multidimensional Fragility,,,,predominantly 2023,States of Fragility 2025,lower_worse,TRUE,TRUE,61,,,,
Malta,MLT,Europe,Southern Europe,worldrisk,WorldRiskIndex,Malta,1.04,,2025,2025,higher_worse,TRUE,TRUE,193,179,10,FALSE,FALSE
Malta,MLT,Europe,Southern Europe,nd_gain,ND-GAIN Country Index,Malta,56.7935630293517,,2024,2026 release,lower_worse,TRUE,TRUE,190,148,8,FALSE,FALSE
Malta,MLT,Europe,Southern Europe,hdi,Human Development Index,Malta,0.924,,2023,Human Development Report 2025,lower_worse,TRUE,TRUE,192,170,9,FALSE,FALSE
Malta,MLT,Europe,Southern Europe,mpi,Multidimensional Poverty Index,,,,country-specific survey year,Global MPI 2025,higher_worse,TRUE,TRUE,109,,,,
Malta,MLT,Europe,Southern Europe,ghi,Global Hunger Index,,,,2025,2025,higher_worse,TRUE,TRUE,98,,,,
Malta,MLT,Europe,Southern Europe,ghs,Global Health Security Index,Malta,40.2,,2021,2021,lower_worse,TRUE,TRUE,193,117,7,FALSE,FALSE
Malta,MLT,Europe,Southern Europe,wps,"Women, Peace and Security Index",Malta,0.841,,2025,2025/26,lower_worse,TRUE,TRUE,177,149,9,FALSE,FALSE
Malta,MLT,Europe,Southern Europe,un_mvi,UN Multidimensional Vulnerability Index,,,,2023,High-Level Panel results,higher_worse,TRUE,TRUE,142,,,,
Malta,MLT,Europe,Southern Europe,debt_distress,Debt-distress classification,,,,latest DSA as of 2026-03-31,31 March 2026,higher_worse,FALSE,FALSE,67,,,,
Malta,MLT,Europe,Southern Europe,searo,Sexual Exploitation and Abuse Risk Overview,,,,December 2025,2026 v1.2,higher_worse,TRUE,TRUE,38,,,,
Malta,MLT,Europe,Southern Europe,disaster_displacement,Disaster Displacement Risk Model,,,,current climate,GDRM 2.0,higher_worse,TRUE,TRUE,0,,,,
Malta,MLT,Europe,Southern Europe,internal_displacement,Internal Displacement Index,,,,2022,IDI 2023 publication,lower_worse,TRUE,TRUE,44,,,,
Marshall Islands,MHL,Oceania,Micronesia,inform_risk,INFORM Risk,Marshall Islands,3.5,,2026,2026 v0.7.2,higher_worse,TRUE,TRUE,191,102,6,FALSE,FALSE
Marshall Islands,MHL,Oceania,Micronesia,inform_severity,INFORM Severity,,,,2026-06,June 2026,higher_worse,TRUE,TRUE,65,,,,
Marshall Islands,MHL,Oceania,Micronesia,underfunded_crisis,Underfunded Crisis Index,,,,2021-2025 cumulative,2025,lower_worse,TRUE,TRUE,27,,,,
Marshall Islands,MHL,Oceania,Micronesia,oecd_fragility,OECD Multidimensional Fragility,,,,predominantly 2023,States of Fragility 2025,lower_worse,TRUE,TRUE,61,,,,
Marshall Islands,MHL,Oceania,Micronesia,worldrisk,WorldRiskIndex,Marshall Islands,2.52,,2025,2025,higher_worse,TRUE,TRUE,193,139,8,FALSE,FALSE
Marshall Islands,MHL,Oceania,Micronesia,nd_gain,ND-GAIN Country Index,Marshall Islands,46.052302699253,,2024,2026 release,lower_worse,TRUE,TRUE,190,89,5,FALSE,FALSE
Marshall Islands,MHL,Oceania,Micronesia,hdi,Human Development Index,Marshall Islands,0.733,,2023,Human Development Report 2025,lower_worse,TRUE,TRUE,192,84,5,FALSE,FALSE
Marshall Islands,MHL,Oceania,Micronesia,mpi,Multidimensional Poverty Index,,,,country-specific survey year,Global MPI 2025,higher_worse,TRUE,TRUE,109,,,,
Marshall Islands,MHL,Oceania,Micronesia,ghi,Global Hunger Index,,,,2025,2025,higher_worse,TRUE,TRUE,98,,,,
Marshall Islands,MHL,Oceania,Micronesia,ghs,Global Health Security Index,Marshall Islands,24.6,,2021,2021,lower_worse,TRUE,TRUE,193,18,1,TRUE,TRUE
Marshall Islands,MHL,Oceania,Micronesia,wps,"Women, Peace and Security Index",Marshall Islands,0.67,,2025,2025/26,lower_worse,TRUE,TRUE,177,81,5,FALSE,FALSE
Marshall Islands,MHL,Oceania,Micronesia,un_mvi,UN Multidimensional Vulnerability Index,Marshall Islands,58.9,,2023,High-Level Panel results,higher_worse,TRUE,TRUE,142,38,3,FALSE,FALSE
Marshall Islands,MHL,Oceania,Micronesia,debt_distress,Debt-distress classification,Marshall Islands,2,Moderate,12/4/2025,31 March 2026,higher_worse,FALSE,FALSE,67,,,,
Marshall Islands,MHL,Oceania,Micronesia,searo,Sexual Exploitation and Abuse Risk Overview,,,,December 2025,2026 v1.2,higher_worse,TRUE,TRUE,38,,,,
Marshall Islands,MHL,Oceania,Micronesia,disaster_displacement,Disaster Displacement Risk Model,,,,current climate,GDRM 2.0,higher_worse,TRUE,TRUE,0,,,,
Marshall Islands,MHL,Oceania,Micronesia,internal_displacement,Internal Displacement Index,,,,2022,IDI 2023 publication,lower_worse,TRUE,TRUE,44,,,,
Mauritania,MRT,Africa,Sub-Saharan Africa,inform_risk,INFORM Risk,Mauritania,5.5,,2026,2026 v0.7.2,higher_worse,TRUE,TRUE,191,40,3,FALSE,FALSE
Mauritania,MRT,Africa,Sub-Saharan Africa,inform_severity,INFORM Severity,Mauritania,5.9,,2026-06,June 2026,higher_worse,TRUE,TRUE,65,41,7,FALSE,FALSE
Mauritania,MRT,Africa,Sub-Saharan Africa,underfunded_crisis,Underfunded Crisis Index,,,,2021-2025 cumulative,2025,lower_worse,TRUE,TRUE,27,,,,
Mauritania,MRT,Africa,Sub-Saharan Africa,oecd_fragility,OECD Multidimensional Fragility,Mauritania,-1.98186377531001,,predominantly 2023,States of Fragility 2025,lower_worse,TRUE,TRUE,61,38,7,FALSE,FALSE
Mauritania,MRT,Africa,Sub-Saharan Africa,worldrisk,WorldRiskIndex,Mauritania,9.06,,2025,2025,higher_worse,TRUE,TRUE,193,61,4,FALSE,FALSE
Mauritania,MRT,Africa,Sub-Saharan Africa,nd_gain,ND-GAIN Country Index,Mauritania,31.9032241290084,,2024,2026 release,lower_worse,TRUE,TRUE,190,8,1,TRUE,TRUE
Mauritania,MRT,Africa,Sub-Saharan Africa,hdi,Human Development Index,Mauritania,0.563,,2023,Human Development Report 2025,lower_worse,TRUE,TRUE,192,31,2,FALSE,TRUE
Mauritania,MRT,Africa,Sub-Saharan Africa,mpi,Multidimensional Poverty Index,Mauritania,0.327037248,,2019/2021 D,Global MPI 2025,higher_worse,TRUE,TRUE,109,14,2,FALSE,TRUE
Mauritania,MRT,Africa,Sub-Saharan Africa,ghi,Global Hunger Index,Mauritania,19.9,19.9,2025,2025,higher_worse,TRUE,TRUE,98,38,4,FALSE,FALSE
Mauritania,MRT,Africa,Sub-Saharan Africa,ghs,Global Health Security Index,Mauritania,26.2,,2021,2021,lower_worse,TRUE,TRUE,193,28,2,FALSE,TRUE
Mauritania,MRT,Africa,Sub-Saharan Africa,wps,"Women, Peace and Security Index",Mauritania,0.475,,2025,2025/26,lower_worse,TRUE,TRUE,177,16,1,TRUE,TRUE
Mauritania,MRT,Africa,Sub-Saharan Africa,un_mvi,UN Multidimensional Vulnerability Index,Mauritania,67.7,,2023,High-Level Panel results,higher_worse,TRUE,TRUE,142,7,1,TRUE,TRUE
Mauritania,MRT,Africa,Sub-Saharan Africa,debt_distress,Debt-distress classification,Mauritania,2,Moderate,2/5/2026,31 March 2026,higher_worse,FALSE,FALSE,67,,,,
Mauritania,MRT,Africa,Sub-Saharan Africa,searo,Sexual Exploitation and Abuse Risk Overview,,,,December 2025,2026 v1.2,higher_worse,TRUE,TRUE,38,,,,
Mauritania,MRT,Africa,Sub-Saharan Africa,disaster_displacement,Disaster Displacement Risk Model,,,,current climate,GDRM 2.0,higher_worse,TRUE,TRUE,0,,,,
Mauritania,MRT,Africa,Sub-Saharan Africa,internal_displacement,Internal Displacement Index,,,,2022,IDI 2023 publication,lower_worse,TRUE,TRUE,44,,,,
Mauritius,MUS,Africa,Sub-Saharan Africa,inform_risk,INFORM Risk,Mauritius,2.1,,2026,2026 v0.7.2,higher_worse,TRUE,TRUE,191,165,9,FALSE,FALSE
Mauritius,MUS,Africa,Sub-Saharan Africa,inform_severity,INFORM Severity,,,,2026-06,June 2026,higher_worse,TRUE,TRUE,65,,,,
Mauritius,MUS,Africa,Sub-Saharan Africa,underfunded_crisis,Underfunded Crisis Index,,,,2021-2025 cumulative,2025,lower_worse,TRUE,TRUE,27,,,,
Mauritius,MUS,Africa,Sub-Saharan Africa,oecd_fragility,OECD Multidimensional Fragility,,,,predominantly 2023,States of Fragility 2025,lower_worse,TRUE,TRUE,61,,,,
Mauritius,MUS,Africa,Sub-Saharan Africa,worldrisk,WorldRiskIndex,Mauritius,3.48,,2025,2025,higher_worse,TRUE,TRUE,193,106,6,FALSE,FALSE
Mauritius,MUS,Africa,Sub-Saharan Africa,nd_gain,ND-GAIN Country Index,Mauritius,51.1879762423153,,2024,2026 release,lower_worse,TRUE,TRUE,190,121,7,FALSE,FALSE
Mauritius,MUS,Africa,Sub-Saharan Africa,hdi,Human Development Index,Mauritius,0.806,,2023,Human Development Report 2025,lower_worse,TRUE,TRUE,192,121,7,FALSE,FALSE
Mauritius,MUS,Africa,Sub-Saharan Africa,mpi,Multidimensional Poverty Index,,,,country-specific survey year,Global MPI 2025,higher_worse,TRUE,TRUE,109,,,,
Mauritius,MUS,Africa,Sub-Saharan Africa,ghi,Global Hunger Index,Mauritius,13.4,13.4,2025,2025,higher_worse,TRUE,TRUE,98,57,6,FALSE,FALSE
Mauritius,MUS,Africa,Sub-Saharan Africa,ghs,Global Health Security Index,Mauritius,39.7,,2021,2021,lower_worse,TRUE,TRUE,193,115,6,FALSE,FALSE
Mauritius,MUS,Africa,Sub-Saharan Africa,wps,"Women, Peace and Security Index",Mauritius,0.679,,2025,2025/26,lower_worse,TRUE,TRUE,177,87,5,FALSE,FALSE
Mauritius,MUS,Africa,Sub-Saharan Africa,un_mvi,UN Multidimensional Vulnerability Index,Mauritius,52.2,,2023,High-Level Panel results,higher_worse,TRUE,TRUE,142,75,6,FALSE,FALSE
Mauritius,MUS,Africa,Sub-Saharan Africa,debt_distress,Debt-distress classification,,,,latest DSA as of 2026-03-31,31 March 2026,higher_worse,FALSE,FALSE,67,,,,
Mauritius,MUS,Africa,Sub-Saharan Africa,searo,Sexual Exploitation and Abuse Risk Overview,,,,December 2025,2026 v1.2,higher_worse,TRUE,TRUE,38,,,,
Mauritius,MUS,Africa,Sub-Saharan Africa,disaster_displacement,Disaster Displacement Risk Model,,,,current climate,GDRM 2.0,higher_worse,TRUE,TRUE,0,,,,
Mauritius,MUS,Africa,Sub-Saharan Africa,internal_displacement,Internal Displacement Index,,,,2022,IDI 2023 publication,lower_worse,TRUE,TRUE,44,,,,
Mexico,MEX,Americas,Latin America and the Caribbean,inform_risk,INFORM Risk,Mexico,4.8,,2026,2026 v0.7.2,higher_worse,TRUE,TRUE,191,63,4,FALSE,FALSE
Mexico,MEX,Americas,Latin America and the Caribbean,inform_severity,INFORM Severity,Mexico,5.8,,2026-06,June 2026,higher_worse,TRUE,TRUE,65,42,7,FALSE,FALSE
Mexico,MEX,Americas,Latin America and the Caribbean,underfunded_crisis,Underfunded Crisis Index,,,,2021-2025 cumulative,2025,lower_worse,TRUE,TRUE,27,,,,
Mexico,MEX,Americas,Latin America and the Caribbean,oecd_fragility,OECD Multidimensional Fragility,,,,predominantly 2023,States of Fragility 2025,lower_worse,TRUE,TRUE,61,,,,
Mexico,MEX,Americas,Latin America and the Caribbean,worldrisk,WorldRiskIndex,Mexico,38.96,,2025,2025,higher_worse,TRUE,TRUE,193,5,1,TRUE,TRUE
Mexico,MEX,Americas,Latin America and the Caribbean,nd_gain,ND-GAIN Country Index,Mexico,47.5747022395473,,2024,2026 release,lower_worse,TRUE,TRUE,190,100,6,FALSE,FALSE
Mexico,MEX,Americas,Latin America and the Caribbean,hdi,Human Development Index,Mexico,0.789,,2023,Human Development Report 2025,lower_worse,TRUE,TRUE,192,112,6,FALSE,FALSE
Mexico,MEX,Americas,Latin America and the Caribbean,mpi,Multidimensional Poverty Index,Mexico,0.01989472,,2023 N,Global MPI 2025,higher_worse,TRUE,TRUE,109,68,7,FALSE,FALSE
Mexico,MEX,Americas,Latin America and the Caribbean,ghi,Global Hunger Index,Mexico,6,6.0,2025,2025,higher_worse,TRUE,TRUE,98,93,10,FALSE,FALSE
Mexico,MEX,Americas,Latin America and the Caribbean,ghs,Global Health Security Index,Mexico,57,,2021,2021,lower_worse,TRUE,TRUE,193,169,9,FALSE,FALSE
Mexico,MEX,Americas,Latin America and the Caribbean,wps,"Women, Peace and Security Index",Mexico,0.558,,2025,2025/26,lower_worse,TRUE,TRUE,177,35,2,FALSE,TRUE
Mexico,MEX,Americas,Latin America and the Caribbean,un_mvi,UN Multidimensional Vulnerability Index,Mexico,42,,2023,High-Level Panel results,higher_worse,TRUE,TRUE,142,129,10,FALSE,FALSE
Mexico,MEX,Americas,Latin America and the Caribbean,debt_distress,Debt-distress classification,,,,latest DSA as of 2026-03-31,31 March 2026,higher_worse,FALSE,FALSE,67,,,,
Mexico,MEX,Americas,Latin America and the Caribbean,searo,Sexual Exploitation and Abuse Risk Overview,,,,December 2025,2026 v1.2,higher_worse,TRUE,TRUE,38,,,,
Mexico,MEX,Americas,Latin America and the Caribbean,disaster_displacement,Disaster Displacement Risk Model,,,,current climate,GDRM 2.0,higher_worse,TRUE,TRUE,0,,,,
Mexico,MEX,Americas,Latin America and the Caribbean,internal_displacement,Internal Displacement Index,Mexico,0.748521135511676,,2022,IDI 2023 publication,lower_worse,TRUE,TRUE,44,24,6,FALSE,FALSE
Monaco,MCO,Europe,Western Europe,inform_risk,INFORM Risk,,,,2026,2026 v0.7.2,higher_worse,TRUE,TRUE,191,,,,
Monaco,MCO,Europe,Western Europe,inform_severity,INFORM Severity,,,,2026-06,June 2026,higher_worse,TRUE,TRUE,65,,,,
Monaco,MCO,Europe,Western Europe,underfunded_crisis,Underfunded Crisis Index,,,,2021-2025 cumulative,2025,lower_worse,TRUE,TRUE,27,,,,
Monaco,MCO,Europe,Western Europe,oecd_fragility,OECD Multidimensional Fragility,,,,predominantly 2023,States of Fragility 2025,lower_worse,TRUE,TRUE,61,,,,
Monaco,MCO,Europe,Western Europe,worldrisk,WorldRiskIndex,Monaco,0.18,,2025,2025,higher_worse,TRUE,TRUE,193,193,10,FALSE,FALSE
Monaco,MCO,Europe,Western Europe,nd_gain,ND-GAIN Country Index,Monaco,66.2250919633221,,2024,2026 release,lower_worse,TRUE,TRUE,190,177,10,FALSE,FALSE
Monaco,MCO,Europe,Western Europe,hdi,Human Development Index,,,,2023,Human Development Report 2025,lower_worse,TRUE,TRUE,192,,,,
Monaco,MCO,Europe,Western Europe,mpi,Multidimensional Poverty Index,,,,country-specific survey year,Global MPI 2025,higher_worse,TRUE,TRUE,109,,,,
Monaco,MCO,Europe,Western Europe,ghi,Global Hunger Index,,,,2025,2025,higher_worse,TRUE,TRUE,98,,,,
Monaco,MCO,Europe,Western Europe,ghs,Global Health Security Index,Monaco,33.3,,2021,2021,lower_worse,TRUE,TRUE,193,82,5,FALSE,FALSE
Monaco,MCO,Europe,Western Europe,wps,"Women, Peace and Security Index",,,,2025,2025/26,lower_worse,TRUE,TRUE,177,,,,
Monaco,MCO,Europe,Western Europe,un_mvi,UN Multidimensional Vulnerability Index,,,,2023,High-Level Panel results,higher_worse,TRUE,TRUE,142,,,,
Monaco,MCO,Europe,Western Europe,debt_distress,Debt-distress classification,,,,latest DSA as of 2026-03-31,31 March 2026,higher_worse,FALSE,FALSE,67,,,,
Monaco,MCO,Europe,Western Europe,searo,Sexual Exploitation and Abuse Risk Overview,,,,December 2025,2026 v1.2,higher_worse,TRUE,TRUE,38,,,,
Monaco,MCO,Europe,Western Europe,disaster_displacement,Disaster Displacement Risk Model,,,,current climate,GDRM 2.0,higher_worse,TRUE,TRUE,0,,,,
Monaco,MCO,Europe,Western Europe,internal_displacement,Internal Displacement Index,,,,2022,IDI 2023 publication,lower_worse,TRUE,TRUE,44,,,,
Mongolia,MNG,Asia,Eastern Asia,inform_risk,INFORM Risk,Mongolia,2.8,,2026,2026 v0.7.2,higher_worse,TRUE,TRUE,191,130,7,FALSE,FALSE
Mongolia,MNG,Asia,Eastern Asia,inform_severity,INFORM Severity,,,,2026-06,June 2026,higher_worse,TRUE,TRUE,65,,,,
Mongolia,MNG,Asia,Eastern Asia,underfunded_crisis,Underfunded Crisis Index,,,,2021-2025 cumulative,2025,lower_worse,TRUE,TRUE,27,,,,
Mongolia,MNG,Asia,Eastern Asia,oecd_fragility,OECD Multidimensional Fragility,,,,predominantly 2023,States of Fragility 2025,lower_worse,TRUE,TRUE,61,,,,
Mongolia,MNG,Asia,Eastern Asia,worldrisk,WorldRiskIndex,Mongolia,1.96,,2025,2025,higher_worse,TRUE,TRUE,193,154,8,FALSE,FALSE
Mongolia,MNG,Asia,Eastern Asia,nd_gain,ND-GAIN Country Index,Mongolia,49.6769883747084,,2024,2026 release,lower_worse,TRUE,TRUE,190,112,6,FALSE,FALSE
Mongolia,MNG,Asia,Eastern Asia,hdi,Human Development Index,Mongolia,0.747,,2023,Human Development Report 2025,lower_worse,TRUE,TRUE,192,90,5,FALSE,FALSE
Mongolia,MNG,Asia,Eastern Asia,mpi,Multidimensional Poverty Index,Mongolia,0.02812682,,2018 M,Global MPI 2025,higher_worse,TRUE,TRUE,109,61,6,FALSE,FALSE
Mongolia,MNG,Asia,Eastern Asia,ghi,Global Hunger Index,Mongolia,5.1,5.1,2025,2025,higher_worse,TRUE,TRUE,98,97,10,FALSE,FALSE
Mongolia,MNG,Asia,Eastern Asia,ghs,Global Health Security Index,Mongolia,41,,2021,2021,lower_worse,TRUE,TRUE,193,122,7,FALSE,FALSE
Mongolia,MNG,Asia,Eastern Asia,wps,"Women, Peace and Security Index",Mongolia,0.799,,2025,2025/26,lower_worse,TRUE,TRUE,177,136,8,FALSE,FALSE
Mongolia,MNG,Asia,Eastern Asia,un_mvi,UN Multidimensional Vulnerability Index,Mongolia,49.9,,2023,High-Level Panel results,higher_worse,TRUE,TRUE,142,82,6,FALSE,FALSE
Mongolia,MNG,Asia,Eastern Asia,debt_distress,Debt-distress classification,,,,latest DSA as of 2026-03-31,31 March 2026,higher_worse,FALSE,FALSE,67,,,,
Mongolia,MNG,Asia,Eastern Asia,searo,Sexual Exploitation and Abuse Risk Overview,,,,December 2025,2026 v1.2,higher_worse,TRUE,TRUE,38,,,,
Mongolia,MNG,Asia,Eastern Asia,disaster_displacement,Disaster Displacement Risk Model,,,,current climate,GDRM 2.0,higher_worse,TRUE,TRUE,0,,,,
Mongolia,MNG,Asia,Eastern Asia,internal_displacement,Internal Displacement Index,,,,2022,IDI 2023 publication,lower_worse,TRUE,TRUE,44,,,,
Montenegro,MNE,Europe,Southern Europe,inform_risk,INFORM Risk,Montenegro,2.6,,2026,2026 v0.7.2,higher_worse,TRUE,TRUE,191,138,8,FALSE,FALSE
Montenegro,MNE,Europe,Southern Europe,inform_severity,INFORM Severity,,,,2026-06,June 2026,higher_worse,TRUE,TRUE,65,,,,
Montenegro,MNE,Europe,Southern Europe,underfunded_crisis,Underfunded Crisis Index,,,,2021-2025 cumulative,2025,lower_worse,TRUE,TRUE,27,,,,
Montenegro,MNE,Europe,Southern Europe,oecd_fragility,OECD Multidimensional Fragility,,,,predominantly 2023,States of Fragility 2025,lower_worse,TRUE,TRUE,61,,,,
Montenegro,MNE,Europe,Southern Europe,worldrisk,WorldRiskIndex,Montenegro,2.86,,2025,2025,higher_worse,TRUE,TRUE,193,128,7,FALSE,FALSE
Montenegro,MNE,Europe,Southern Europe,nd_gain,ND-GAIN Country Index,Montenegro,52.100445758084,,2024,2026 release,lower_worse,TRUE,TRUE,190,124,7,FALSE,FALSE
Montenegro,MNE,Europe,Southern Europe,hdi,Human Development Index,Montenegro,0.862,,2023,Human Development Report 2025,lower_worse,TRUE,TRUE,192,145,8,FALSE,FALSE
Montenegro,MNE,Europe,Southern Europe,mpi,Multidimensional Poverty Index,Montenegro,0.0048989,,2018 M,Global MPI 2025,higher_worse,TRUE,TRUE,109,89,9,FALSE,FALSE
Montenegro,MNE,Europe,Southern Europe,ghi,Global Hunger Index,Montenegro,,<5,2025,2025,higher_worse,TRUE,TRUE,98,,,,
Montenegro,MNE,Europe,Southern Europe,ghs,Global Health Security Index,Montenegro,44.1,,2021,2021,lower_worse,TRUE,TRUE,193,132,7,FALSE,FALSE
Montenegro,MNE,Europe,Southern Europe,wps,"Women, Peace and Security Index",Montenegro,0.743,,2025,2025/26,lower_worse,TRUE,TRUE,177,119,7,FALSE,FALSE
Montenegro,MNE,Europe,Southern Europe,un_mvi,UN Multidimensional Vulnerability Index,,,,2023,High-Level Panel results,higher_worse,TRUE,TRUE,142,,,,
Montenegro,MNE,Europe,Southern Europe,debt_distress,Debt-distress classification,,,,latest DSA as of 2026-03-31,31 March 2026,higher_worse,FALSE,FALSE,67,,,,
Montenegro,MNE,Europe,Southern Europe,searo,Sexual Exploitation and Abuse Risk Overview,,,,December 2025,2026 v1.2,higher_worse,TRUE,TRUE,38,,,,
Montenegro,MNE,Europe,Southern Europe,disaster_displacement,Disaster Displacement Risk Model,,,,current climate,GDRM 2.0,higher_worse,TRUE,TRUE,0,,,,
Montenegro,MNE,Europe,Southern Europe,internal_displacement,Internal Displacement Index,,,,2022,IDI 2023 publication,lower_worse,TRUE,TRUE,44,,,,
Morocco,MAR,Africa,Northern Africa,inform_risk,INFORM Risk,Morocco,4.1,,2026,2026 v0.7.2,higher_worse,TRUE,TRUE,191,83,5,FALSE,FALSE
Morocco,MAR,Africa,Northern Africa,inform_severity,INFORM Severity,Morocco,3.5,,2026-06,June 2026,higher_worse,TRUE,TRUE,65,63,10,FALSE,FALSE
Morocco,MAR,Africa,Northern Africa,underfunded_crisis,Underfunded Crisis Index,,,,2021-2025 cumulative,2025,lower_worse,TRUE,TRUE,27,,,,
Morocco,MAR,Africa,Northern Africa,oecd_fragility,OECD Multidimensional Fragility,,,,predominantly 2023,States of Fragility 2025,lower_worse,TRUE,TRUE,61,,,,
Morocco,MAR,Africa,Northern Africa,worldrisk,WorldRiskIndex,Morocco,10.55,,2025,2025,higher_worse,TRUE,TRUE,193,51,3,FALSE,FALSE
Morocco,MAR,Africa,Northern Africa,nd_gain,ND-GAIN Country Index,Morocco,47.6712515519101,,2024,2026 release,lower_worse,TRUE,TRUE,190,101,6,FALSE,FALSE
Morocco,MAR,Africa,Northern Africa,hdi,Human Development Index,Morocco,0.71,,2023,Human Development Report 2025,lower_worse,TRUE,TRUE,192,74,4,FALSE,FALSE
Morocco,MAR,Africa,Northern Africa,mpi,Multidimensional Poverty Index,Morocco,0.026696723,,2017/2018 P,Global MPI 2025,higher_worse,TRUE,TRUE,109,63,6,FALSE,FALSE
Morocco,MAR,Africa,Northern Africa,ghi,Global Hunger Index,Morocco,9.3,9.3,2025,2025,higher_worse,TRUE,TRUE,98,77,8,FALSE,FALSE
Morocco,MAR,Africa,Northern Africa,ghs,Global Health Security Index,Morocco,33.6,,2021,2021,lower_worse,TRUE,TRUE,193,85,5,FALSE,FALSE
Morocco,MAR,Africa,Northern Africa,wps,"Women, Peace and Security Index",Morocco,0.668,,2025,2025/26,lower_worse,TRUE,TRUE,177,79,5,FALSE,FALSE
Morocco,MAR,Africa,Northern Africa,un_mvi,UN Multidimensional Vulnerability Index,Morocco,43,,2023,High-Level Panel results,higher_worse,TRUE,TRUE,142,124,9,FALSE,FALSE
Morocco,MAR,Africa,Northern Africa,debt_distress,Debt-distress classification,,,,latest DSA as of 2026-03-31,31 March 2026,higher_worse,FALSE,FALSE,67,,,,
Morocco,MAR,Africa,Northern Africa,searo,Sexual Exploitation and Abuse Risk Overview,,,,December 2025,2026 v1.2,higher_worse,TRUE,TRUE,38,,,,
Morocco,MAR,Africa,Northern Africa,disaster_displacement,Disaster Displacement Risk Model,,,,current climate,GDRM 2.0,higher_worse,TRUE,TRUE,0,,,,
Morocco,MAR,Africa,Northern Africa,internal_displacement,Internal Displacement Index,,,,2022,IDI 2023 publication,lower_worse,TRUE,TRUE,44,,,,
Mozambique,MOZ,Africa,Sub-Saharan Africa,inform_risk,INFORM Risk,Mozambique,7.1,,2026,2026 v0.7.2,higher_worse,TRUE,TRUE,191,13,1,TRUE,TRUE
Mozambique,MOZ,Africa,Sub-Saharan Africa,inform_severity,INFORM Severity,Mozambique,7.5,,2026-06,June 2026,higher_worse,TRUE,TRUE,65,24,4,FALSE,FALSE
Mozambique,MOZ,Africa,Sub-Saharan Africa,underfunded_crisis,Underfunded Crisis Index,Mozambique,52.683145499999995,52.7%,2021-2025 cumulative,2025,lower_worse,TRUE,TRUE,27,15,6,FALSE,FALSE
Mozambique,MOZ,Africa,Sub-Saharan Africa,oecd_fragility,OECD Multidimensional Fragility,Mozambique,-2.63571948647473,,predominantly 2023,States of Fragility 2025,lower_worse,TRUE,TRUE,61,19,3,FALSE,FALSE
Mozambique,MOZ,Africa,Sub-Saharan Africa,worldrisk,WorldRiskIndex,Mozambique,34.39,,2025,2025,higher_worse,TRUE,TRUE,193,7,1,TRUE,TRUE
Mozambique,MOZ,Africa,Sub-Saharan Africa,nd_gain,ND-GAIN Country Index,Mozambique,36.1283844933266,,2024,2026 release,lower_worse,TRUE,TRUE,190,26,2,FALSE,TRUE
Mozambique,MOZ,Africa,Sub-Saharan Africa,hdi,Human Development Index,Mozambique,0.493,,2023,Human Development Report 2025,lower_worse,TRUE,TRUE,192,12,1,TRUE,TRUE
Mozambique,MOZ,Africa,Sub-Saharan Africa,mpi,Multidimensional Poverty Index,Mozambique,0.3343739,,2022/2023 D,Global MPI 2025,higher_worse,TRUE,TRUE,109,12,2,FALSE,TRUE
Mozambique,MOZ,Africa,Sub-Saharan Africa,ghi,Global Hunger Index,Mozambique,25.9,25.9,2025,2025,higher_worse,TRUE,TRUE,98,19,2,FALSE,TRUE
Mozambique,MOZ,Africa,Sub-Saharan Africa,ghs,Global Health Security Index,Mozambique,30.4,,2021,2021,lower_worse,TRUE,TRUE,193,61,4,FALSE,FALSE
Mozambique,MOZ,Africa,Sub-Saharan Africa,wps,"Women, Peace and Security Index",Mozambique,0.548,,2025,2025/26,lower_worse,TRUE,TRUE,177,31,2,FALSE,TRUE
Mozambique,MOZ,Africa,Sub-Saharan Africa,un_mvi,UN Multidimensional Vulnerability Index,Mozambique,47.5,,2023,High-Level Panel results,higher_worse,TRUE,TRUE,142,97,7,FALSE,FALSE
Mozambique,MOZ,Africa,Sub-Saharan Africa,debt_distress,Debt-distress classification,Mozambique,3,High,2/19/2026,31 March 2026,higher_worse,FALSE,FALSE,67,,,,
Mozambique,MOZ,Africa,Sub-Saharan Africa,searo,Sexual Exploitation and Abuse Risk Overview,Mozambique,5.817772052230981,,December 2025,2026 v1.2,higher_worse,TRUE,TRUE,38,23,6,FALSE,FALSE
Mozambique,MOZ,Africa,Sub-Saharan Africa,disaster_displacement,Disaster Displacement Risk Model,,,,current climate,GDRM 2.0,higher_worse,TRUE,TRUE,0,,,,
Mozambique,MOZ,Africa,Sub-Saharan Africa,internal_displacement,Internal Displacement Index,Mozambique,0.8011825114609136,,2022,IDI 2023 publication,lower_worse,TRUE,TRUE,44,40,9,FALSE,FALSE
Myanmar,MMR,Asia,South-eastern Asia,inform_risk,INFORM Risk,Myanmar,6.9,,2026,2026 v0.7.2,higher_worse,TRUE,TRUE,191,17,1,TRUE,TRUE
Myanmar,MMR,Asia,South-eastern Asia,inform_severity,INFORM Severity,Myanmar,9.5,,2026-06,June 2026,higher_worse,TRUE,TRUE,65,1,1,TRUE,TRUE
Myanmar,MMR,Asia,South-eastern Asia,underfunded_crisis,Underfunded Crisis Index,Myanmar,48.221385100000006,48.2%,2021-2025 cumulative,2025,lower_worse,TRUE,TRUE,27,11,4,FALSE,FALSE
Myanmar,MMR,Asia,South-eastern Asia,oecd_fragility,OECD Multidimensional Fragility,Myanmar,-2.63501394619842,,predominantly 2023,States of Fragility 2025,lower_worse,TRUE,TRUE,61,20,4,FALSE,FALSE
Myanmar,MMR,Asia,South-eastern Asia,worldrisk,WorldRiskIndex,Myanmar,36.91,,2025,2025,higher_worse,TRUE,TRUE,193,6,1,TRUE,TRUE
Myanmar,MMR,Asia,South-eastern Asia,nd_gain,ND-GAIN Country Index,Myanmar,36.4884923826966,,2024,2026 release,lower_worse,TRUE,TRUE,190,29,2,FALSE,TRUE
Myanmar,MMR,Asia,South-eastern Asia,hdi,Human Development Index,Myanmar,0.609,,2023,Human Development Report 2025,lower_worse,TRUE,TRUE,192,44,3,FALSE,FALSE
Myanmar,MMR,Asia,South-eastern Asia,mpi,Multidimensional Poverty Index,Myanmar,0.175846225,,2015/2016 D,Global MPI 2025,higher_worse,TRUE,TRUE,109,36,4,FALSE,FALSE
Myanmar,MMR,Asia,South-eastern Asia,ghi,Global Hunger Index,Myanmar,15.3,15.3,2025,2025,higher_worse,TRUE,TRUE,98,49,5,FALSE,FALSE
Myanmar,MMR,Asia,South-eastern Asia,ghs,Global Health Security Index,Myanmar,38.3,,2021,2021,lower_worse,TRUE,TRUE,193,109,6,FALSE,FALSE
Myanmar,MMR,Asia,South-eastern Asia,wps,"Women, Peace and Security Index",Myanmar,0.442,,2025,2025/26,lower_worse,TRUE,TRUE,177,10,1,TRUE,TRUE
Myanmar,MMR,Asia,South-eastern Asia,un_mvi,UN Multidimensional Vulnerability Index,Myanmar,39.3,,2023,High-Level Panel results,higher_worse,TRUE,TRUE,142,139,10,FALSE,FALSE
Myanmar,MMR,Asia,South-eastern Asia,debt_distress,Debt-distress classification,Myanmar,1,Low,1/28/2021,31 March 2026,higher_worse,FALSE,FALSE,67,,,,
Myanmar,MMR,Asia,South-eastern Asia,searo,Sexual Exploitation and Abuse Risk Overview,Myanmar,6.727577623814254,,December 2025,2026 v1.2,higher_worse,TRUE,TRUE,38,9,3,FALSE,FALSE
Myanmar,MMR,Asia,South-eastern Asia,disaster_displacement,Disaster Displacement Risk Model,,,,current climate,GDRM 2.0,higher_worse,TRUE,TRUE,0,,,,
Myanmar,MMR,Asia,South-eastern Asia,internal_displacement,Internal Displacement Index,Myanmar,0.6813688431990877,,2022,IDI 2023 publication,lower_worse,TRUE,TRUE,44,10,3,FALSE,FALSE
Namibia,NAM,Africa,Sub-Saharan Africa,inform_risk,INFORM Risk,Namibia,4.3,,2026,2026 v0.7.2,higher_worse,TRUE,TRUE,191,75,4,FALSE,FALSE
Namibia,NAM,Africa,Sub-Saharan Africa,inform_severity,INFORM Severity,Namibia,5.3,,2026-06,June 2026,higher_worse,TRUE,TRUE,65,49,8,FALSE,FALSE
Namibia,NAM,Africa,Sub-Saharan Africa,underfunded_crisis,Underfunded Crisis Index,,,,2021-2025 cumulative,2025,lower_worse,TRUE,TRUE,27,,,,
Namibia,NAM,Africa,Sub-Saharan Africa,oecd_fragility,OECD Multidimensional Fragility,,,,predominantly 2023,States of Fragility 2025,lower_worse,TRUE,TRUE,61,,,,
Namibia,NAM,Africa,Sub-Saharan Africa,worldrisk,WorldRiskIndex,Namibia,5.86,,2025,2025,higher_worse,TRUE,TRUE,193,80,5,FALSE,FALSE
Namibia,NAM,Africa,Sub-Saharan Africa,nd_gain,ND-GAIN Country Index,Namibia,41.8691756483416,,2024,2026 release,lower_worse,TRUE,TRUE,190,58,4,FALSE,FALSE
Namibia,NAM,Africa,Sub-Saharan Africa,hdi,Human Development Index,Namibia,0.665,,2023,Human Development Report 2025,lower_worse,TRUE,TRUE,192,58,3,FALSE,FALSE
Namibia,NAM,Africa,Sub-Saharan Africa,mpi,Multidimensional Poverty Index,Namibia,0.184734535,,2013 D,Global MPI 2025,higher_worse,TRUE,TRUE,109,34,4,FALSE,FALSE
Namibia,NAM,Africa,Sub-Saharan Africa,ghi,Global Hunger Index,Namibia,18.9,18.9,2025,2025,higher_worse,TRUE,TRUE,98,40,4,FALSE,FALSE
Namibia,NAM,Africa,Sub-Saharan Africa,ghs,Global Health Security Index,Namibia,30.3,,2021,2021,lower_worse,TRUE,TRUE,193,60,4,FALSE,FALSE
Namibia,NAM,Africa,Sub-Saharan Africa,wps,"Women, Peace and Security Index",Namibia,0.608,,2025,2025/26,lower_worse,TRUE,TRUE,177,52,3,FALSE,FALSE
Namibia,NAM,Africa,Sub-Saharan Africa,un_mvi,UN Multidimensional Vulnerability Index,Namibia,58.4,,2023,High-Level Panel results,higher_worse,TRUE,TRUE,142,41,3,FALSE,FALSE
Namibia,NAM,Africa,Sub-Saharan Africa,debt_distress,Debt-distress classification,,,,latest DSA as of 2026-03-31,31 March 2026,higher_worse,FALSE,FALSE,67,,,,
Namibia,NAM,Africa,Sub-Saharan Africa,searo,Sexual Exploitation and Abuse Risk Overview,,,,December 2025,2026 v1.2,higher_worse,TRUE,TRUE,38,,,,
Namibia,NAM,Africa,Sub-Saharan Africa,disaster_displacement,Disaster Displacement Risk Model,,,,current climate,GDRM 2.0,higher_worse,TRUE,TRUE,0,,,,
Namibia,NAM,Africa,Sub-Saharan Africa,internal_displacement,Internal Displacement Index,,,,2022,IDI 2023 publication,lower_worse,TRUE,TRUE,44,,,,
Nauru,NRU,Oceania,Micronesia,inform_risk,INFORM Risk,Nauru,2.1,,2026,2026 v0.7.2,higher_worse,TRUE,TRUE,191,165,9,FALSE,FALSE
Nauru,NRU,Oceania,Micronesia,inform_severity,INFORM Severity,,,,2026-06,June 2026,higher_worse,TRUE,TRUE,65,,,,
Nauru,NRU,Oceania,Micronesia,underfunded_crisis,Underfunded Crisis Index,,,,2021-2025 cumulative,2025,lower_worse,TRUE,TRUE,27,,,,
Nauru,NRU,Oceania,Micronesia,oecd_fragility,OECD Multidimensional Fragility,,,,predominantly 2023,States of Fragility 2025,lower_worse,TRUE,TRUE,61,,,,
Nauru,NRU,Oceania,Micronesia,worldrisk,WorldRiskIndex,Nauru,0.88,,2025,2025,higher_worse,TRUE,TRUE,193,183,10,FALSE,FALSE
Nauru,NRU,Oceania,Micronesia,nd_gain,ND-GAIN Country Index,Nauru,53.4392571830255,,2024,2026 release,lower_worse,TRUE,TRUE,190,132,7,FALSE,FALSE
Nauru,NRU,Oceania,Micronesia,hdi,Human Development Index,Nauru,0.703,,2023,Human Development Report 2025,lower_worse,TRUE,TRUE,192,70,4,FALSE,FALSE
Nauru,NRU,Oceania,Micronesia,mpi,Multidimensional Poverty Index,Nauru,0.02708145,,2023 M,Global MPI 2025,higher_worse,TRUE,TRUE,109,62,6,FALSE,FALSE
Nauru,NRU,Oceania,Micronesia,ghi,Global Hunger Index,,,,2025,2025,higher_worse,TRUE,TRUE,98,,,,
Nauru,NRU,Oceania,Micronesia,ghs,Global Health Security Index,Nauru,18,,2021,2021,lower_worse,TRUE,TRUE,193,6,1,TRUE,TRUE
Nauru,NRU,Oceania,Micronesia,wps,"Women, Peace and Security Index",,,,2025,2025/26,lower_worse,TRUE,TRUE,177,,,,
Nauru,NRU,Oceania,Micronesia,un_mvi,UN Multidimensional Vulnerability Index,Nauru,68.7,,2023,High-Level Panel results,higher_worse,TRUE,TRUE,142,5,1,TRUE,TRUE
Nauru,NRU,Oceania,Micronesia,debt_distress,Debt-distress classification,,,,latest DSA as of 2026-03-31,31 March 2026,higher_worse,FALSE,FALSE,67,,,,
Nauru,NRU,Oceania,Micronesia,searo,Sexual Exploitation and Abuse Risk Overview,,,,December 2025,2026 v1.2,higher_worse,TRUE,TRUE,38,,,,
Nauru,NRU,Oceania,Micronesia,disaster_displacement,Disaster Displacement Risk Model,,,,current climate,GDRM 2.0,higher_worse,TRUE,TRUE,0,,,,
Nauru,NRU,Oceania,Micronesia,internal_displacement,Internal Displacement Index,,,,2022,IDI 2023 publication,lower_worse,TRUE,TRUE,44,,,,
Nepal,NPL,Asia,Southern Asia,inform_risk,INFORM Risk,Nepal,4.9,,2026,2026 v0.7.2,higher_worse,TRUE,TRUE,191,60,4,FALSE,FALSE
Nepal,NPL,Asia,Southern Asia,inform_severity,INFORM Severity,,,,2026-06,June 2026,higher_worse,TRUE,TRUE,65,,,,
Nepal,NPL,Asia,Southern Asia,underfunded_crisis,Underfunded Crisis Index,,,,2021-2025 cumulative,2025,lower_worse,TRUE,TRUE,27,,,,
Nepal,NPL,Asia,Southern Asia,oecd_fragility,OECD Multidimensional Fragility,,,,predominantly 2023,States of Fragility 2025,lower_worse,TRUE,TRUE,61,,,,
Nepal,NPL,Asia,Southern Asia,worldrisk,WorldRiskIndex,Nepal,2.6,,2025,2025,higher_worse,TRUE,TRUE,193,137,8,FALSE,FALSE
Nepal,NPL,Asia,Southern Asia,nd_gain,ND-GAIN Country Index,Nepal,41.1427672482213,,2024,2026 release,lower_worse,TRUE,TRUE,190,54,3,FALSE,FALSE
Nepal,NPL,Asia,Southern Asia,hdi,Human Development Index,Nepal,0.622,,2023,Human Development Report 2025,lower_worse,TRUE,TRUE,192,49,3,FALSE,FALSE
Nepal,NPL,Asia,Southern Asia,mpi,Multidimensional Poverty Index,Nepal,0.0852044,,2022 D,Global MPI 2025,higher_worse,TRUE,TRUE,109,45,5,FALSE,FALSE
Nepal,NPL,Asia,Southern Asia,ghi,Global Hunger Index,Nepal,14.8,14.8,2025,2025,higher_worse,TRUE,TRUE,98,52,6,FALSE,FALSE
Nepal,NPL,Asia,Southern Asia,ghs,Global Health Security Index,Nepal,34,,2021,2021,lower_worse,TRUE,TRUE,193,87,5,FALSE,FALSE
Nepal,NPL,Asia,Southern Asia,wps,"Women, Peace and Security Index",Nepal,0.631,,2025,2025/26,lower_worse,TRUE,TRUE,177,62,4,FALSE,FALSE
Nepal,NPL,Asia,Southern Asia,un_mvi,UN Multidimensional Vulnerability Index,Nepal,45.7,,2023,High-Level Panel results,higher_worse,TRUE,TRUE,142,110,8,FALSE,FALSE
Nepal,NPL,Asia,Southern Asia,debt_distress,Debt-distress classification,Nepal,1,Low,10/6/2025,31 March 2026,higher_worse,FALSE,FALSE,67,,,,
Nepal,NPL,Asia,Southern Asia,searo,Sexual Exploitation and Abuse Risk Overview,,,,December 2025,2026 v1.2,higher_worse,TRUE,TRUE,38,,,,
Nepal,NPL,Asia,Southern Asia,disaster_displacement,Disaster Displacement Risk Model,,,,current climate,GDRM 2.0,higher_worse,TRUE,TRUE,0,,,,
Nepal,NPL,Asia,Southern Asia,internal_displacement,Internal Displacement Index,,,,2022,IDI 2023 publication,lower_worse,TRUE,TRUE,44,,,,
Netherlands,NLD,Europe,Western Europe,inform_risk,INFORM Risk,Netherlands,2.5,,2026,2026 v0.7.2,higher_worse,TRUE,TRUE,191,148,8,FALSE,FALSE
Netherlands,NLD,Europe,Western Europe,inform_severity,INFORM Severity,,,,2026-06,June 2026,higher_worse,TRUE,TRUE,65,,,,
Netherlands,NLD,Europe,Western Europe,underfunded_crisis,Underfunded Crisis Index,,,,2021-2025 cumulative,2025,lower_worse,TRUE,TRUE,27,,,,
Netherlands,NLD,Europe,Western Europe,oecd_fragility,OECD Multidimensional Fragility,,,,predominantly 2023,States of Fragility 2025,lower_worse,TRUE,TRUE,61,,,,
Netherlands,NLD,Europe,Western Europe,worldrisk,WorldRiskIndex,Netherlands,4.33,,2025,2025,higher_worse,TRUE,TRUE,193,93,5,FALSE,FALSE
Netherlands,NLD,Europe,Western Europe,nd_gain,ND-GAIN Country Index,Netherlands,64.395683172317,,2024,2026 release,lower_worse,TRUE,TRUE,190,170,9,FALSE,FALSE
Netherlands,NLD,Europe,Western Europe,hdi,Human Development Index,Netherlands,0.955,,2023,Human Development Report 2025,lower_worse,TRUE,TRUE,192,185,10,FALSE,FALSE
Netherlands,NLD,Europe,Western Europe,mpi,Multidimensional Poverty Index,,,,country-specific survey year,Global MPI 2025,higher_worse,TRUE,TRUE,109,,,,
Netherlands,NLD,Europe,Western Europe,ghi,Global Hunger Index,,,,2025,2025,higher_worse,TRUE,TRUE,98,,,,
Netherlands,NLD,Europe,Western Europe,ghs,Global Health Security Index,Netherlands,64.7,,2021,2021,lower_worse,TRUE,TRUE,193,183,10,FALSE,FALSE
Netherlands,NLD,Europe,Western Europe,wps,"Women, Peace and Security Index",Netherlands,0.905,,2025,2025/26,lower_worse,TRUE,TRUE,177,170,10,FALSE,FALSE
Netherlands,NLD,Europe,Western Europe,un_mvi,UN Multidimensional Vulnerability Index,,,,2023,High-Level Panel results,higher_worse,TRUE,TRUE,142,,,,
Netherlands,NLD,Europe,Western Europe,debt_distress,Debt-distress classification,,,,latest DSA as of 2026-03-31,31 March 2026,higher_worse,FALSE,FALSE,67,,,,
Netherlands,NLD,Europe,Western Europe,searo,Sexual Exploitation and Abuse Risk Overview,,,,December 2025,2026 v1.2,higher_worse,TRUE,TRUE,38,,,,
Netherlands,NLD,Europe,Western Europe,disaster_displacement,Disaster Displacement Risk Model,,,,current climate,GDRM 2.0,higher_worse,TRUE,TRUE,0,,,,
Netherlands,NLD,Europe,Western Europe,internal_displacement,Internal Displacement Index,,,,2022,IDI 2023 publication,lower_worse,TRUE,TRUE,44,,,,
New Zealand,NZL,Oceania,Australia and New Zealand,inform_risk,INFORM Risk,New Zealand,1.6,,2026,2026 v0.7.2,higher_worse,TRUE,TRUE,191,184,10,FALSE,FALSE
New Zealand,NZL,Oceania,Australia and New Zealand,inform_severity,INFORM Severity,,,,2026-06,June 2026,higher_worse,TRUE,TRUE,65,,,,
New Zealand,NZL,Oceania,Australia and New Zealand,underfunded_crisis,Underfunded Crisis Index,,,,2021-2025 cumulative,2025,lower_worse,TRUE,TRUE,27,,,,
New Zealand,NZL,Oceania,Australia and New Zealand,oecd_fragility,OECD Multidimensional Fragility,,,,predominantly 2023,States of Fragility 2025,lower_worse,TRUE,TRUE,61,,,,
New Zealand,NZL,Oceania,Australia and New Zealand,worldrisk,WorldRiskIndex,New Zealand,15.2,,2025,2025,higher_worse,TRUE,TRUE,193,33,2,FALSE,TRUE
New Zealand,NZL,Oceania,Australia and New Zealand,nd_gain,ND-GAIN Country Index,New Zealand,66.2469946982346,,2024,2026 release,lower_worse,TRUE,TRUE,190,178,10,FALSE,FALSE
New Zealand,NZL,Oceania,Australia and New Zealand,hdi,Human Development Index,New Zealand,0.938,,2023,Human Development Report 2025,lower_worse,TRUE,TRUE,192,175,10,FALSE,FALSE
New Zealand,NZL,Oceania,Australia and New Zealand,mpi,Multidimensional Poverty Index,,,,country-specific survey year,Global MPI 2025,higher_worse,TRUE,TRUE,109,,,,
New Zealand,NZL,Oceania,Australia and New Zealand,ghi,Global Hunger Index,,,,2025,2025,higher_worse,TRUE,TRUE,98,,,,
New Zealand,NZL,Oceania,Australia and New Zealand,ghs,Global Health Security Index,New Zealand,62.5,,2021,2021,lower_worse,TRUE,TRUE,193,181,10,FALSE,FALSE
New Zealand,NZL,Oceania,Australia and New Zealand,wps,"Women, Peace and Security Index",New Zealand,0.898,,2025,2025/26,lower_worse,TRUE,TRUE,177,168,10,FALSE,FALSE
New Zealand,NZL,Oceania,Australia and New Zealand,un_mvi,UN Multidimensional Vulnerability Index,,,,2023,High-Level Panel results,higher_worse,TRUE,TRUE,142,,,,
New Zealand,NZL,Oceania,Australia and New Zealand,debt_distress,Debt-distress classification,,,,latest DSA as of 2026-03-31,31 March 2026,higher_worse,FALSE,FALSE,67,,,,
New Zealand,NZL,Oceania,Australia and New Zealand,searo,Sexual Exploitation and Abuse Risk Overview,,,,December 2025,2026 v1.2,higher_worse,TRUE,TRUE,38,,,,
New Zealand,NZL,Oceania,Australia and New Zealand,disaster_displacement,Disaster Displacement Risk Model,,,,current climate,GDRM 2.0,higher_worse,TRUE,TRUE,0,,,,
New Zealand,NZL,Oceania,Australia and New Zealand,internal_displacement,Internal Displacement Index,,,,2022,IDI 2023 publication,lower_worse,TRUE,TRUE,44,,,,
Nicaragua,NIC,Americas,Latin America and the Caribbean,inform_risk,INFORM Risk,Nicaragua,4.5,,2026,2026 v0.7.2,higher_worse,TRUE,TRUE,191,72,4,FALSE,FALSE
Nicaragua,NIC,Americas,Latin America and the Caribbean,inform_severity,INFORM Severity,,,,2026-06,June 2026,higher_worse,TRUE,TRUE,65,,,,
Nicaragua,NIC,Americas,Latin America and the Caribbean,underfunded_crisis,Underfunded Crisis Index,,,,2021-2025 cumulative,2025,lower_worse,TRUE,TRUE,27,,,,
Nicaragua,NIC,Americas,Latin America and the Caribbean,oecd_fragility,OECD Multidimensional Fragility,Nicaragua,-1.68468867472611,,predominantly 2023,States of Fragility 2025,lower_worse,TRUE,TRUE,61,45,8,FALSE,FALSE
Nicaragua,NIC,Americas,Latin America and the Caribbean,worldrisk,WorldRiskIndex,Nicaragua,23.6,,2025,2025,higher_worse,TRUE,TRUE,193,20,1,TRUE,TRUE
Nicaragua,NIC,Americas,Latin America and the Caribbean,nd_gain,ND-GAIN Country Index,Nicaragua,44.1104445097743,,2024,2026 release,lower_worse,TRUE,TRUE,190,76,4,FALSE,FALSE
Nicaragua,NIC,Americas,Latin America and the Caribbean,hdi,Human Development Index,Nicaragua,0.706,,2023,Human Development Report 2025,lower_worse,TRUE,TRUE,192,71,4,FALSE,FALSE
Nicaragua,NIC,Americas,Latin America and the Caribbean,mpi,Multidimensional Poverty Index,,,,country-specific survey year,Global MPI 2025,higher_worse,TRUE,TRUE,109,,,,
Nicaragua,NIC,Americas,Latin America and the Caribbean,ghi,Global Hunger Index,Nicaragua,,10–19.9*,2025,2025,higher_worse,TRUE,TRUE,98,,,,
Nicaragua,NIC,Americas,Latin America and the Caribbean,ghs,Global Health Security Index,Nicaragua,36.3,,2021,2021,lower_worse,TRUE,TRUE,193,101,6,FALSE,FALSE
Nicaragua,NIC,Americas,Latin America and the Caribbean,wps,"Women, Peace and Security Index",Nicaragua,0.659,,2025,2025/26,lower_worse,TRUE,TRUE,177,75,5,FALSE,FALSE
Nicaragua,NIC,Americas,Latin America and the Caribbean,un_mvi,UN Multidimensional Vulnerability Index,Nicaragua,45.9,,2023,High-Level Panel results,higher_worse,TRUE,TRUE,142,109,8,FALSE,FALSE
Nicaragua,NIC,Americas,Latin America and the Caribbean,debt_distress,Debt-distress classification,Nicaragua,2,Moderate,1/26/2026,31 March 2026,higher_worse,FALSE,FALSE,67,,,,
Nicaragua,NIC,Americas,Latin America and the Caribbean,searo,Sexual Exploitation and Abuse Risk Overview,,,,December 2025,2026 v1.2,higher_worse,TRUE,TRUE,38,,,,
Nicaragua,NIC,Americas,Latin America and the Caribbean,disaster_displacement,Disaster Displacement Risk Model,,,,current climate,GDRM 2.0,higher_worse,TRUE,TRUE,0,,,,
Nicaragua,NIC,Americas,Latin America and the Caribbean,internal_displacement,Internal Displacement Index,,,,2022,IDI 2023 publication,lower_worse,TRUE,TRUE,44,,,,
Niger,NER,Africa,Sub-Saharan Africa,inform_risk,INFORM Risk,Niger,7.5,,2026,2026 v0.7.2,higher_worse,TRUE,TRUE,191,10,1,TRUE,TRUE
Niger,NER,Africa,Sub-Saharan Africa,inform_severity,INFORM Severity,Niger,7.7,,2026-06,June 2026,higher_worse,TRUE,TRUE,65,23,4,FALSE,FALSE
Niger,NER,Africa,Sub-Saharan Africa,underfunded_crisis,Underfunded Crisis Index,Niger,58.9021535,58.9%,2021-2025 cumulative,2025,lower_worse,TRUE,TRUE,27,18,7,FALSE,FALSE
Niger,NER,Africa,Sub-Saharan Africa,oecd_fragility,OECD Multidimensional Fragility,Niger (the),-2.20555466260957,,predominantly 2023,States of Fragility 2025,lower_worse,TRUE,TRUE,61,32,6,FALSE,FALSE
Niger,NER,Africa,Sub-Saharan Africa,worldrisk,WorldRiskIndex,Niger,2.17,,2025,2025,higher_worse,TRUE,TRUE,193,150,8,FALSE,FALSE
Niger,NER,Africa,Sub-Saharan Africa,nd_gain,ND-GAIN Country Index,Niger,35.40561944525,,2024,2026 release,lower_worse,TRUE,TRUE,190,18,1,TRUE,TRUE
Niger,NER,Africa,Sub-Saharan Africa,hdi,Human Development Index,Niger,0.419,,2023,Human Development Report 2025,lower_worse,TRUE,TRUE,192,5,1,TRUE,TRUE
Niger,NER,Africa,Sub-Saharan Africa,mpi,Multidimensional Poverty Index,Niger,0.4703162,,2021 N,Global MPI 2025,higher_worse,TRUE,TRUE,109,2,1,TRUE,TRUE
Niger,NER,Africa,Sub-Saharan Africa,ghi,Global Hunger Index,Niger,33.9,33.9,2025,2025,higher_worse,TRUE,TRUE,98,7,1,TRUE,TRUE
Niger,NER,Africa,Sub-Saharan Africa,ghs,Global Health Security Index,Niger,28.7,,2021,2021,lower_worse,TRUE,TRUE,193,46,3,FALSE,FALSE
Niger,NER,Africa,Sub-Saharan Africa,wps,"Women, Peace and Security Index",Niger,0.492,,2025,2025/26,lower_worse,TRUE,TRUE,177,19,2,FALSE,TRUE
Niger,NER,Africa,Sub-Saharan Africa,un_mvi,UN Multidimensional Vulnerability Index,Niger,64.3,,2023,High-Level Panel results,higher_worse,TRUE,TRUE,142,11,1,TRUE,TRUE
Niger,NER,Africa,Sub-Saharan Africa,debt_distress,Debt-distress classification,Niger,3,High,3/31/2026,31 March 2026,higher_worse,FALSE,FALSE,67,,,,
Niger,NER,Africa,Sub-Saharan Africa,searo,Sexual Exploitation and Abuse Risk Overview,Niger,6.151810130743117,,December 2025,2026 v1.2,higher_worse,TRUE,TRUE,38,15,4,FALSE,FALSE
Niger,NER,Africa,Sub-Saharan Africa,disaster_displacement,Disaster Displacement Risk Model,,,,current climate,GDRM 2.0,higher_worse,TRUE,TRUE,0,,,,
Niger,NER,Africa,Sub-Saharan Africa,internal_displacement,Internal Displacement Index,Niger,0.7655105849757353,,2022,IDI 2023 publication,lower_worse,TRUE,TRUE,44,29,7,FALSE,FALSE
Nigeria,NGA,Africa,Sub-Saharan Africa,inform_risk,INFORM Risk,Nigeria,7.1,,2026,2026 v0.7.2,higher_worse,TRUE,TRUE,191,13,1,TRUE,TRUE
Nigeria,NGA,Africa,Sub-Saharan Africa,inform_severity,INFORM Severity,Nigeria,8.5,,2026-06,June 2026,higher_worse,TRUE,TRUE,65,16,3,FALSE,FALSE
Nigeria,NGA,Africa,Sub-Saharan Africa,underfunded_crisis,Underfunded Crisis Index,Nigeria,59.316508899999995,59.3%,2021-2025 cumulative,2025,lower_worse,TRUE,TRUE,27,19,7,FALSE,FALSE
Nigeria,NGA,Africa,Sub-Saharan Africa,oecd_fragility,OECD Multidimensional Fragility,Nigeria,-1.91226980123201,,predominantly 2023,States of Fragility 2025,lower_worse,TRUE,TRUE,61,40,7,FALSE,FALSE
Nigeria,NGA,Africa,Sub-Saharan Africa,worldrisk,WorldRiskIndex,Nigeria,9.19,,2025,2025,higher_worse,TRUE,TRUE,193,60,4,FALSE,FALSE
Nigeria,NGA,Africa,Sub-Saharan Africa,nd_gain,ND-GAIN Country Index,Nigeria,37.6045698947293,,2024,2026 release,lower_worse,TRUE,TRUE,190,34,2,FALSE,TRUE
Nigeria,NGA,Africa,Sub-Saharan Africa,hdi,Human Development Index,Nigeria,0.56,,2023,Human Development Report 2025,lower_worse,TRUE,TRUE,192,30,2,FALSE,TRUE
Nigeria,NGA,Africa,Sub-Saharan Africa,mpi,Multidimensional Poverty Index,Nigeria,0.174817302,,2021 M,Global MPI 2025,higher_worse,TRUE,TRUE,109,37,4,FALSE,FALSE
Nigeria,NGA,Africa,Sub-Saharan Africa,ghi,Global Hunger Index,Nigeria,32.8,32.8,2025,2025,higher_worse,TRUE,TRUE,98,9,1,TRUE,TRUE
Nigeria,NGA,Africa,Sub-Saharan Africa,ghs,Global Health Security Index,Nigeria,38,,2021,2021,lower_worse,TRUE,TRUE,193,108,6,FALSE,FALSE
Nigeria,NGA,Africa,Sub-Saharan Africa,wps,"Women, Peace and Security Index",Nigeria,0.495,,2025,2025/26,lower_worse,TRUE,TRUE,177,20,2,FALSE,TRUE
Nigeria,NGA,Africa,Sub-Saharan Africa,un_mvi,UN Multidimensional Vulnerability Index,Nigeria,53.1,,2023,High-Level Panel results,higher_worse,TRUE,TRUE,142,69,5,FALSE,FALSE
Nigeria,NGA,Africa,Sub-Saharan Africa,debt_distress,Debt-distress classification,,,,latest DSA as of 2026-03-31,31 March 2026,higher_worse,FALSE,FALSE,67,,,,
Nigeria,NGA,Africa,Sub-Saharan Africa,searo,Sexual Exploitation and Abuse Risk Overview,Nigeria,5.904553662948101,,December 2025,2026 v1.2,higher_worse,TRUE,TRUE,38,20,6,FALSE,FALSE
Nigeria,NGA,Africa,Sub-Saharan Africa,disaster_displacement,Disaster Displacement Risk Model,,,,current climate,GDRM 2.0,higher_worse,TRUE,TRUE,0,,,,
Nigeria,NGA,Africa,Sub-Saharan Africa,internal_displacement,Internal Displacement Index,Nigeria,0.8246299593367734,,2022,IDI 2023 publication,lower_worse,TRUE,TRUE,44,42,10,FALSE,FALSE
North Macedonia,MKD,Europe,Southern Europe,inform_risk,INFORM Risk,North Macedonia,2.7,,2026,2026 v0.7.2,higher_worse,TRUE,TRUE,191,135,8,FALSE,FALSE
North Macedonia,MKD,Europe,Southern Europe,inform_severity,INFORM Severity,,,,2026-06,June 2026,higher_worse,TRUE,TRUE,65,,,,
North Macedonia,MKD,Europe,Southern Europe,underfunded_crisis,Underfunded Crisis Index,,,,2021-2025 cumulative,2025,lower_worse,TRUE,TRUE,27,,,,
North Macedonia,MKD,Europe,Southern Europe,oecd_fragility,OECD Multidimensional Fragility,,,,predominantly 2023,States of Fragility 2025,lower_worse,TRUE,TRUE,61,,,,
North Macedonia,MKD,Europe,Southern Europe,worldrisk,WorldRiskIndex,North Macedonia,1.01,,2025,2025,higher_worse,TRUE,TRUE,193,181,10,FALSE,FALSE
North Macedonia,MKD,Europe,Southern Europe,nd_gain,ND-GAIN Country Index,Macedonia,52.4405381902848,,2024,2026 release,lower_worse,TRUE,TRUE,190,126,7,FALSE,FALSE
North Macedonia,MKD,Europe,Southern Europe,hdi,Human Development Index,North Macedonia,0.815,,2023,Human Development Report 2025,lower_worse,TRUE,TRUE,192,126,7,FALSE,FALSE
North Macedonia,MKD,Europe,Southern Europe,mpi,Multidimensional Poverty Index,North Macedonia,0.001422063,,2018/2019 M,Global MPI 2025,higher_worse,TRUE,TRUE,109,104,10,FALSE,FALSE
North Macedonia,MKD,Europe,Southern Europe,ghi,Global Hunger Index,North Macedonia,,<5,2025,2025,higher_worse,TRUE,TRUE,98,,,,
North Macedonia,MKD,Europe,Southern Europe,ghs,Global Health Security Index,North Macedonia,42.2,,2021,2021,lower_worse,TRUE,TRUE,193,125,7,FALSE,FALSE
North Macedonia,MKD,Europe,Southern Europe,wps,"Women, Peace and Security Index",North Macedonia,0.787,,2025,2025/26,lower_worse,TRUE,TRUE,177,130,8,FALSE,FALSE
North Macedonia,MKD,Europe,Southern Europe,un_mvi,UN Multidimensional Vulnerability Index,,,,2023,High-Level Panel results,higher_worse,TRUE,TRUE,142,,,,
North Macedonia,MKD,Europe,Southern Europe,debt_distress,Debt-distress classification,,,,latest DSA as of 2026-03-31,31 March 2026,higher_worse,FALSE,FALSE,67,,,,
North Macedonia,MKD,Europe,Southern Europe,searo,Sexual Exploitation and Abuse Risk Overview,,,,December 2025,2026 v1.2,higher_worse,TRUE,TRUE,38,,,,
North Macedonia,MKD,Europe,Southern Europe,disaster_displacement,Disaster Displacement Risk Model,,,,current climate,GDRM 2.0,higher_worse,TRUE,TRUE,0,,,,
North Macedonia,MKD,Europe,Southern Europe,internal_displacement,Internal Displacement Index,,,,2022,IDI 2023 publication,lower_worse,TRUE,TRUE,44,,,,
Norway,NOR,Europe,Northern Europe,inform_risk,INFORM Risk,Norway,1.9,,2026,2026 v0.7.2,higher_worse,TRUE,TRUE,191,174,10,FALSE,FALSE
Norway,NOR,Europe,Northern Europe,inform_severity,INFORM Severity,,,,2026-06,June 2026,higher_worse,TRUE,TRUE,65,,,,
Norway,NOR,Europe,Northern Europe,underfunded_crisis,Underfunded Crisis Index,,,,2021-2025 cumulative,2025,lower_worse,TRUE,TRUE,27,,,,
Norway,NOR,Europe,Northern Europe,oecd_fragility,OECD Multidimensional Fragility,,,,predominantly 2023,States of Fragility 2025,lower_worse,TRUE,TRUE,61,,,,
Norway,NOR,Europe,Northern Europe,worldrisk,WorldRiskIndex,Norway,2.95,,2025,2025,higher_worse,TRUE,TRUE,193,123,7,FALSE,FALSE
Norway,NOR,Europe,Northern Europe,nd_gain,ND-GAIN Country Index,Norway,71.8485736536369,,2024,2026 release,lower_worse,TRUE,TRUE,190,190,10,FALSE,FALSE
Norway,NOR,Europe,Northern Europe,hdi,Human Development Index,Norway,0.97,,2023,Human Development Report 2025,lower_worse,TRUE,TRUE,192,190,10,FALSE,FALSE
Norway,NOR,Europe,Northern Europe,mpi,Multidimensional Poverty Index,,,,country-specific survey year,Global MPI 2025,higher_worse,TRUE,TRUE,109,,,,
Norway,NOR,Europe,Northern Europe,ghi,Global Hunger Index,,,,2025,2025,higher_worse,TRUE,TRUE,98,,,,
Norway,NOR,Europe,Northern Europe,ghs,Global Health Security Index,Norway,60.2,,2021,2021,lower_worse,TRUE,TRUE,193,175,10,FALSE,FALSE
Norway,NOR,Europe,Northern Europe,wps,"Women, Peace and Security Index",Norway,0.924,,2025,2025/26,lower_worse,TRUE,TRUE,177,174,10,FALSE,FALSE
Norway,NOR,Europe,Northern Europe,un_mvi,UN Multidimensional Vulnerability Index,,,,2023,High-Level Panel results,higher_worse,TRUE,TRUE,142,,,,
Norway,NOR,Europe,Northern Europe,debt_distress,Debt-distress classification,,,,latest DSA as of 2026-03-31,31 March 2026,higher_worse,FALSE,FALSE,67,,,,
Norway,NOR,Europe,Northern Europe,searo,Sexual Exploitation and Abuse Risk Overview,,,,December 2025,2026 v1.2,higher_worse,TRUE,TRUE,38,,,,
Norway,NOR,Europe,Northern Europe,disaster_displacement,Disaster Displacement Risk Model,,,,current climate,GDRM 2.0,higher_worse,TRUE,TRUE,0,,,,
Norway,NOR,Europe,Northern Europe,internal_displacement,Internal Displacement Index,,,,2022,IDI 2023 publication,lower_worse,TRUE,TRUE,44,,,,
Oman,OMN,Asia,Western Asia,inform_risk,INFORM Risk,Oman,2.3,,2026,2026 v0.7.2,higher_worse,TRUE,TRUE,191,159,9,FALSE,FALSE
Oman,OMN,Asia,Western Asia,inform_severity,INFORM Severity,,,,2026-06,June 2026,higher_worse,TRUE,TRUE,65,,,,
Oman,OMN,Asia,Western Asia,underfunded_crisis,Underfunded Crisis Index,,,,2021-2025 cumulative,2025,lower_worse,TRUE,TRUE,27,,,,
Oman,OMN,Asia,Western Asia,oecd_fragility,OECD Multidimensional Fragility,,,,predominantly 2023,States of Fragility 2025,lower_worse,TRUE,TRUE,61,,,,
Oman,OMN,Asia,Western Asia,worldrisk,WorldRiskIndex,Oman,7.84,,2025,2025,higher_worse,TRUE,TRUE,193,65,4,FALSE,FALSE
Oman,OMN,Asia,Western Asia,nd_gain,ND-GAIN Country Index,Oman,49.3129946340631,,2024,2026 release,lower_worse,TRUE,TRUE,190,110,6,FALSE,FALSE
Oman,OMN,Asia,Western Asia,hdi,Human Development Index,Oman,0.858,,2023,Human Development Report 2025,lower_worse,TRUE,TRUE,192,144,8,FALSE,FALSE
Oman,OMN,Asia,Western Asia,mpi,Multidimensional Poverty Index,,,,country-specific survey year,Global MPI 2025,higher_worse,TRUE,TRUE,109,,,,
Oman,OMN,Asia,Western Asia,ghi,Global Hunger Index,Oman,10.2,10.2,2025,2025,higher_worse,TRUE,TRUE,98,71,8,FALSE,FALSE
Oman,OMN,Asia,Western Asia,ghs,Global Health Security Index,Oman,39.1,,2021,2021,lower_worse,TRUE,TRUE,193,113,6,FALSE,FALSE
Oman,OMN,Asia,Western Asia,wps,"Women, Peace and Security Index",Oman,0.755,,2025,2025/26,lower_worse,TRUE,TRUE,177,122,7,FALSE,FALSE
Oman,OMN,Asia,Western Asia,un_mvi,UN Multidimensional Vulnerability Index,Oman,59.8,,2023,High-Level Panel results,higher_worse,TRUE,TRUE,142,35,3,FALSE,FALSE
Oman,OMN,Asia,Western Asia,debt_distress,Debt-distress classification,,,,latest DSA as of 2026-03-31,31 March 2026,higher_worse,FALSE,FALSE,67,,,,
Oman,OMN,Asia,Western Asia,searo,Sexual Exploitation and Abuse Risk Overview,,,,December 2025,2026 v1.2,higher_worse,TRUE,TRUE,38,,,,
Oman,OMN,Asia,Western Asia,disaster_displacement,Disaster Displacement Risk Model,,,,current climate,GDRM 2.0,higher_worse,TRUE,TRUE,0,,,,
Oman,OMN,Asia,Western Asia,internal_displacement,Internal Displacement Index,,,,2022,IDI 2023 publication,lower_worse,TRUE,TRUE,44,,,,
Pakistan,PAK,Asia,Southern Asia,inform_risk,INFORM Risk,Pakistan,6.6,,2026,2026 v0.7.2,higher_worse,TRUE,TRUE,191,19,1,TRUE,TRUE
Pakistan,PAK,Asia,Southern Asia,inform_severity,INFORM Severity,Pakistan,7.9,,2026-06,June 2026,higher_worse,TRUE,TRUE,65,22,4,FALSE,FALSE
Pakistan,PAK,Asia,Southern Asia,underfunded_crisis,Underfunded Crisis Index,,,,2021-2025 cumulative,2025,lower_worse,TRUE,TRUE,27,,,,
Pakistan,PAK,Asia,Southern Asia,oecd_fragility,OECD Multidimensional Fragility,Pakistan,-2.38237216860903,,predominantly 2023,States of Fragility 2025,lower_worse,TRUE,TRUE,61,27,5,FALSE,FALSE
Pakistan,PAK,Asia,Southern Asia,worldrisk,WorldRiskIndex,Pakistan,26.82,,2025,2025,higher_worse,TRUE,TRUE,193,10,1,TRUE,TRUE
Pakistan,PAK,Asia,Southern Asia,nd_gain,ND-GAIN Country Index,Pakistan,39.2673406153284,,2024,2026 release,lower_worse,TRUE,TRUE,190,43,3,FALSE,FALSE
Pakistan,PAK,Asia,Southern Asia,hdi,Human Development Index,Pakistan,0.544,,2023,Human Development Report 2025,lower_worse,TRUE,TRUE,192,26,2,FALSE,TRUE
Pakistan,PAK,Asia,Southern Asia,mpi,Multidimensional Poverty Index,Pakistan,0.198247395,,2017/2018 D,Global MPI 2025,higher_worse,TRUE,TRUE,109,31,3,FALSE,FALSE
Pakistan,PAK,Asia,Southern Asia,ghi,Global Hunger Index,Pakistan,26,26.0,2025,2025,higher_worse,TRUE,TRUE,98,18,2,FALSE,TRUE
Pakistan,PAK,Asia,Southern Asia,ghs,Global Health Security Index,Pakistan,30.4,,2021,2021,lower_worse,TRUE,TRUE,193,61,4,FALSE,FALSE
Pakistan,PAK,Asia,Southern Asia,wps,"Women, Peace and Security Index",Pakistan,0.462,,2025,2025/26,lower_worse,TRUE,TRUE,177,13,1,TRUE,TRUE
Pakistan,PAK,Asia,Southern Asia,un_mvi,UN Multidimensional Vulnerability Index,Pakistan,59.9,,2023,High-Level Panel results,higher_worse,TRUE,TRUE,142,33,3,FALSE,FALSE
Pakistan,PAK,Asia,Southern Asia,debt_distress,Debt-distress classification,,,,latest DSA as of 2026-03-31,31 March 2026,higher_worse,FALSE,FALSE,67,,,,
Pakistan,PAK,Asia,Southern Asia,searo,Sexual Exploitation and Abuse Risk Overview,Pakistan,5.008096598076074,,December 2025,2026 v1.2,higher_worse,TRUE,TRUE,38,35,9,FALSE,FALSE
Pakistan,PAK,Asia,Southern Asia,disaster_displacement,Disaster Displacement Risk Model,,,,current climate,GDRM 2.0,higher_worse,TRUE,TRUE,0,,,,
Pakistan,PAK,Asia,Southern Asia,internal_displacement,Internal Displacement Index,Pakistan,0.6597353182872745,,2022,IDI 2023 publication,lower_worse,TRUE,TRUE,44,5,1,TRUE,TRUE
Palau,PLW,Oceania,Micronesia,inform_risk,INFORM Risk,Palau,2.1,,2026,2026 v0.7.2,higher_worse,TRUE,TRUE,191,165,9,FALSE,FALSE
Palau,PLW,Oceania,Micronesia,inform_severity,INFORM Severity,,,,2026-06,June 2026,higher_worse,TRUE,TRUE,65,,,,
Palau,PLW,Oceania,Micronesia,underfunded_crisis,Underfunded Crisis Index,,,,2021-2025 cumulative,2025,lower_worse,TRUE,TRUE,27,,,,
Palau,PLW,Oceania,Micronesia,oecd_fragility,OECD Multidimensional Fragility,,,,predominantly 2023,States of Fragility 2025,lower_worse,TRUE,TRUE,61,,,,
Palau,PLW,Oceania,Micronesia,worldrisk,WorldRiskIndex,Palau,2.17,,2025,2025,higher_worse,TRUE,TRUE,193,150,8,FALSE,FALSE
Palau,PLW,Oceania,Micronesia,nd_gain,ND-GAIN Country Index,Palau,55.0034439173577,,2024,2026 release,lower_worse,TRUE,TRUE,190,141,8,FALSE,FALSE
Palau,PLW,Oceania,Micronesia,hdi,Human Development Index,Palau,0.786,,2023,Human Development Report 2025,lower_worse,TRUE,TRUE,192,109,6,FALSE,FALSE
Palau,PLW,Oceania,Micronesia,mpi,Multidimensional Poverty Index,,,,country-specific survey year,Global MPI 2025,higher_worse,TRUE,TRUE,109,,,,
Palau,PLW,Oceania,Micronesia,ghi,Global Hunger Index,,,,2025,2025,higher_worse,TRUE,TRUE,98,,,,
Palau,PLW,Oceania,Micronesia,ghs,Global Health Security Index,Palau,25.5,,2021,2021,lower_worse,TRUE,TRUE,193,24,2,FALSE,TRUE
Palau,PLW,Oceania,Micronesia,wps,"Women, Peace and Security Index",Palau,0.739,,2025,2025/26,lower_worse,TRUE,TRUE,177,114,7,FALSE,FALSE
Palau,PLW,Oceania,Micronesia,un_mvi,UN Multidimensional Vulnerability Index,Palau,57,,2023,High-Level Panel results,higher_worse,TRUE,TRUE,142,48,4,FALSE,FALSE
Palau,PLW,Oceania,Micronesia,debt_distress,Debt-distress classification,,,,latest DSA as of 2026-03-31,31 March 2026,higher_worse,FALSE,FALSE,67,,,,
Palau,PLW,Oceania,Micronesia,searo,Sexual Exploitation and Abuse Risk Overview,,,,December 2025,2026 v1.2,higher_worse,TRUE,TRUE,38,,,,
Palau,PLW,Oceania,Micronesia,disaster_displacement,Disaster Displacement Risk Model,,,,current climate,GDRM 2.0,higher_worse,TRUE,TRUE,0,,,,
Palau,PLW,Oceania,Micronesia,internal_displacement,Internal Displacement Index,,,,2022,IDI 2023 publication,lower_worse,TRUE,TRUE,44,,,,
Panama,PAN,Americas,Latin America and the Caribbean,inform_risk,INFORM Risk,Panama,4,,2026,2026 v0.7.2,higher_worse,TRUE,TRUE,191,84,5,FALSE,FALSE
Panama,PAN,Americas,Latin America and the Caribbean,inform_severity,INFORM Severity,Panama,3.8,,2026-06,June 2026,higher_worse,TRUE,TRUE,65,61,10,FALSE,FALSE
Panama,PAN,Americas,Latin America and the Caribbean,underfunded_crisis,Underfunded Crisis Index,,,,2021-2025 cumulative,2025,lower_worse,TRUE,TRUE,27,,,,
Panama,PAN,Americas,Latin America and the Caribbean,oecd_fragility,OECD Multidimensional Fragility,,,,predominantly 2023,States of Fragility 2025,lower_worse,TRUE,TRUE,61,,,,
Panama,PAN,Americas,Latin America and the Caribbean,worldrisk,WorldRiskIndex,Panama,18.25,,2025,2025,higher_worse,TRUE,TRUE,193,27,2,FALSE,TRUE
Panama,PAN,Americas,Latin America and the Caribbean,nd_gain,ND-GAIN Country Index,Panama,47.4848347796176,,2024,2026 release,lower_worse,TRUE,TRUE,190,97,6,FALSE,FALSE
Panama,PAN,Americas,Latin America and the Caribbean,hdi,Human Development Index,Panama,0.839,,2023,Human Development Report 2025,lower_worse,TRUE,TRUE,192,135,7,FALSE,FALSE
Panama,PAN,Americas,Latin America and the Caribbean,mpi,Multidimensional Poverty Index,,,,country-specific survey year,Global MPI 2025,higher_worse,TRUE,TRUE,109,,,,
Panama,PAN,Americas,Latin America and the Caribbean,ghi,Global Hunger Index,Panama,7.5,7.5,2025,2025,higher_worse,TRUE,TRUE,98,83,9,FALSE,FALSE
Panama,PAN,Americas,Latin America and the Caribbean,ghs,Global Health Security Index,Panama,53.5,,2021,2021,lower_worse,TRUE,TRUE,193,157,9,FALSE,FALSE
Panama,PAN,Americas,Latin America and the Caribbean,wps,"Women, Peace and Security Index",Panama,0.696,,2025,2025/26,lower_worse,TRUE,TRUE,177,96,6,FALSE,FALSE
Panama,PAN,Americas,Latin America and the Caribbean,un_mvi,UN Multidimensional Vulnerability Index,Panama,40.2,,2023,High-Level Panel results,higher_worse,TRUE,TRUE,142,137,10,FALSE,FALSE
Panama,PAN,Americas,Latin America and the Caribbean,debt_distress,Debt-distress classification,,,,latest DSA as of 2026-03-31,31 March 2026,higher_worse,FALSE,FALSE,67,,,,
Panama,PAN,Americas,Latin America and the Caribbean,searo,Sexual Exploitation and Abuse Risk Overview,,,,December 2025,2026 v1.2,higher_worse,TRUE,TRUE,38,,,,
Panama,PAN,Americas,Latin America and the Caribbean,disaster_displacement,Disaster Displacement Risk Model,,,,current climate,GDRM 2.0,higher_worse,TRUE,TRUE,0,,,,
Panama,PAN,Americas,Latin America and the Caribbean,internal_displacement,Internal Displacement Index,,,,2022,IDI 2023 publication,lower_worse,TRUE,TRUE,44,,,,
Papua New Guinea,PNG,Oceania,Melanesia,inform_risk,INFORM Risk,Papua New Guinea,6.3,,2026,2026 v0.7.2,higher_worse,TRUE,TRUE,191,23,2,FALSE,TRUE
Papua New Guinea,PNG,Oceania,Melanesia,inform_severity,INFORM Severity,,,,2026-06,June 2026,higher_worse,TRUE,TRUE,65,,,,
Papua New Guinea,PNG,Oceania,Melanesia,underfunded_crisis,Underfunded Crisis Index,,,,2021-2025 cumulative,2025,lower_worse,TRUE,TRUE,27,,,,
Papua New Guinea,PNG,Oceania,Melanesia,oecd_fragility,OECD Multidimensional Fragility,Papua New Guinea,-2.62021891086083,,predominantly 2023,States of Fragility 2025,lower_worse,TRUE,TRUE,61,21,4,FALSE,FALSE
Papua New Guinea,PNG,Oceania,Melanesia,worldrisk,WorldRiskIndex,Papua New Guinea,26.51,,2025,2025,higher_worse,TRUE,TRUE,193,12,1,TRUE,TRUE
Papua New Guinea,PNG,Oceania,Melanesia,nd_gain,ND-GAIN Country Index,Papua New Guinea,33.6639474625082,,2024,2026 release,lower_worse,TRUE,TRUE,190,14,1,TRUE,TRUE
Papua New Guinea,PNG,Oceania,Melanesia,hdi,Human Development Index,Papua New Guinea,0.576,,2023,Human Development Report 2025,lower_worse,TRUE,TRUE,192,34,2,FALSE,TRUE
Papua New Guinea,PNG,Oceania,Melanesia,mpi,Multidimensional Poverty Index,Papua New Guinea,0.2632909,,2016/2018 D,Global MPI 2025,higher_worse,TRUE,TRUE,109,20,2,FALSE,TRUE
Papua New Guinea,PNG,Oceania,Melanesia,ghi,Global Hunger Index,Papua New Guinea,31,31.0,2025,2025,higher_worse,TRUE,TRUE,98,10,1,TRUE,TRUE
Papua New Guinea,PNG,Oceania,Melanesia,ghs,Global Health Security Index,Papua New Guinea,25,,2021,2021,lower_worse,TRUE,TRUE,193,20,1,TRUE,TRUE
Papua New Guinea,PNG,Oceania,Melanesia,wps,"Women, Peace and Security Index",Papua New Guinea,0.507,,2025,2025/26,lower_worse,TRUE,TRUE,177,21,2,FALSE,TRUE
Papua New Guinea,PNG,Oceania,Melanesia,un_mvi,UN Multidimensional Vulnerability Index,Papua New Guinea,47.1,,2023,High-Level Panel results,higher_worse,TRUE,TRUE,142,99,7,FALSE,FALSE
Papua New Guinea,PNG,Oceania,Melanesia,debt_distress,Debt-distress classification,Papua New Guinea,3,High,6/18/2025,31 March 2026,higher_worse,FALSE,FALSE,67,,,,
Papua New Guinea,PNG,Oceania,Melanesia,searo,Sexual Exploitation and Abuse Risk Overview,,,,December 2025,2026 v1.2,higher_worse,TRUE,TRUE,38,,,,
Papua New Guinea,PNG,Oceania,Melanesia,disaster_displacement,Disaster Displacement Risk Model,,,,current climate,GDRM 2.0,higher_worse,TRUE,TRUE,0,,,,
Papua New Guinea,PNG,Oceania,Melanesia,internal_displacement,Internal Displacement Index,Papua New Guinea,0.7783224685916172,,2022,IDI 2023 publication,lower_worse,TRUE,TRUE,44,32,8,FALSE,FALSE
Paraguay,PRY,Americas,Latin America and the Caribbean,inform_risk,INFORM Risk,Paraguay,3.4,,2026,2026 v0.7.2,higher_worse,TRUE,TRUE,191,108,6,FALSE,FALSE
Paraguay,PRY,Americas,Latin America and the Caribbean,inform_severity,INFORM Severity,,,,2026-06,June 2026,higher_worse,TRUE,TRUE,65,,,,
Paraguay,PRY,Americas,Latin America and the Caribbean,underfunded_crisis,Underfunded Crisis Index,,,,2021-2025 cumulative,2025,lower_worse,TRUE,TRUE,27,,,,
Paraguay,PRY,Americas,Latin America and the Caribbean,oecd_fragility,OECD Multidimensional Fragility,,,,predominantly 2023,States of Fragility 2025,lower_worse,TRUE,TRUE,61,,,,
Paraguay,PRY,Americas,Latin America and the Caribbean,worldrisk,WorldRiskIndex,Paraguay,1.88,,2025,2025,higher_worse,TRUE,TRUE,193,156,9,FALSE,FALSE
Paraguay,PRY,Americas,Latin America and the Caribbean,nd_gain,ND-GAIN Country Index,Paraguay,47.8267692326866,,2024,2026 release,lower_worse,TRUE,TRUE,190,103,6,FALSE,FALSE
Paraguay,PRY,Americas,Latin America and the Caribbean,hdi,Human Development Index,Paraguay,0.756,,2023,Human Development Report 2025,lower_worse,TRUE,TRUE,192,95,5,FALSE,FALSE
Paraguay,PRY,Americas,Latin America and the Caribbean,mpi,Multidimensional Poverty Index,Paraguay,0.018848581,,2016 M,Global MPI 2025,higher_worse,TRUE,TRUE,109,71,7,FALSE,FALSE
Paraguay,PRY,Americas,Latin America and the Caribbean,ghi,Global Hunger Index,Paraguay,5.2,5.2,2025,2025,higher_worse,TRUE,TRUE,98,96,10,FALSE,FALSE
Paraguay,PRY,Americas,Latin America and the Caribbean,ghs,Global Health Security Index,Paraguay,40.3,,2021,2021,lower_worse,TRUE,TRUE,193,118,7,FALSE,FALSE
Paraguay,PRY,Americas,Latin America and the Caribbean,wps,"Women, Peace and Security Index",Paraguay,0.768,,2025,2025/26,lower_worse,TRUE,TRUE,177,126,8,FALSE,FALSE
Paraguay,PRY,Americas,Latin America and the Caribbean,un_mvi,UN Multidimensional Vulnerability Index,Paraguay,49.9,,2023,High-Level Panel results,higher_worse,TRUE,TRUE,142,82,6,FALSE,FALSE
Paraguay,PRY,Americas,Latin America and the Caribbean,debt_distress,Debt-distress classification,,,,latest DSA as of 2026-03-31,31 March 2026,higher_worse,FALSE,FALSE,67,,,,
Paraguay,PRY,Americas,Latin America and the Caribbean,searo,Sexual Exploitation and Abuse Risk Overview,,,,December 2025,2026 v1.2,higher_worse,TRUE,TRUE,38,,,,
Paraguay,PRY,Americas,Latin America and the Caribbean,disaster_displacement,Disaster Displacement Risk Model,,,,current climate,GDRM 2.0,higher_worse,TRUE,TRUE,0,,,,
Paraguay,PRY,Americas,Latin America and the Caribbean,internal_displacement,Internal Displacement Index,,,,2022,IDI 2023 publication,lower_worse,TRUE,TRUE,44,,,,
Peru,PER,Americas,Latin America and the Caribbean,inform_risk,INFORM Risk,Peru,5.2,,2026,2026 v0.7.2,higher_worse,TRUE,TRUE,191,53,3,FALSE,FALSE
Peru,PER,Americas,Latin America and the Caribbean,inform_severity,INFORM Severity,Peru,6,,2026-06,June 2026,higher_worse,TRUE,TRUE,65,39,6,FALSE,FALSE
Peru,PER,Americas,Latin America and the Caribbean,underfunded_crisis,Underfunded Crisis Index,,,,2021-2025 cumulative,2025,lower_worse,TRUE,TRUE,27,,,,
Peru,PER,Americas,Latin America and the Caribbean,oecd_fragility,OECD Multidimensional Fragility,,,,predominantly 2023,States of Fragility 2025,lower_worse,TRUE,TRUE,61,,,,
Peru,PER,Americas,Latin America and the Caribbean,worldrisk,WorldRiskIndex,Peru,25.81,,2025,2025,higher_worse,TRUE,TRUE,193,14,1,TRUE,TRUE
Peru,PER,Americas,Latin America and the Caribbean,nd_gain,ND-GAIN Country Index,Peru,48.2759949395045,,2024,2026 release,lower_worse,TRUE,TRUE,190,104,6,FALSE,FALSE
Peru,PER,Americas,Latin America and the Caribbean,hdi,Human Development Index,Peru,0.794,,2023,Human Development Report 2025,lower_worse,TRUE,TRUE,192,115,6,FALSE,FALSE
Peru,PER,Americas,Latin America and the Caribbean,mpi,Multidimensional Poverty Index,Peru,0.02190239,,2023 N,Global MPI 2025,higher_worse,TRUE,TRUE,109,67,7,FALSE,FALSE
Peru,PER,Americas,Latin America and the Caribbean,ghi,Global Hunger Index,Peru,7.2,7.2,2025,2025,higher_worse,TRUE,TRUE,98,85,9,FALSE,FALSE
Peru,PER,Americas,Latin America and the Caribbean,ghs,Global Health Security Index,Peru,54.9,,2021,2021,lower_worse,TRUE,TRUE,193,162,9,FALSE,FALSE
Peru,PER,Americas,Latin America and the Caribbean,wps,"Women, Peace and Security Index",Peru,0.701,,2025,2025/26,lower_worse,TRUE,TRUE,177,100,6,FALSE,FALSE
Peru,PER,Americas,Latin America and the Caribbean,un_mvi,UN Multidimensional Vulnerability Index,Peru,39.1,,2023,High-Level Panel results,higher_worse,TRUE,TRUE,142,140,10,FALSE,FALSE
Peru,PER,Americas,Latin America and the Caribbean,debt_distress,Debt-distress classification,,,,latest DSA as of 2026-03-31,31 March 2026,higher_worse,FALSE,FALSE,67,,,,
Peru,PER,Americas,Latin America and the Caribbean,searo,Sexual Exploitation and Abuse Risk Overview,,,,December 2025,2026 v1.2,higher_worse,TRUE,TRUE,38,,,,
Peru,PER,Americas,Latin America and the Caribbean,disaster_displacement,Disaster Displacement Risk Model,,,,current climate,GDRM 2.0,higher_worse,TRUE,TRUE,0,,,,
Peru,PER,Americas,Latin America and the Caribbean,internal_displacement,Internal Displacement Index,Peru,0.8567328749039564,,2022,IDI 2023 publication,lower_worse,TRUE,TRUE,44,44,10,FALSE,FALSE
Philippines,PHL,Asia,South-eastern Asia,inform_risk,INFORM Risk,Philippines,5.3,,2026,2026 v0.7.2,higher_worse,TRUE,TRUE,191,46,3,FALSE,FALSE
Philippines,PHL,Asia,South-eastern Asia,inform_severity,INFORM Severity,Philippines,6.1,,2026-06,June 2026,higher_worse,TRUE,TRUE,65,38,6,FALSE,FALSE
Philippines,PHL,Asia,South-eastern Asia,underfunded_crisis,Underfunded Crisis Index,,,,2021-2025 cumulative,2025,lower_worse,TRUE,TRUE,27,,,,
Philippines,PHL,Asia,South-eastern Asia,oecd_fragility,OECD Multidimensional Fragility,,,,predominantly 2023,States of Fragility 2025,lower_worse,TRUE,TRUE,61,,,,
Philippines,PHL,Asia,South-eastern Asia,worldrisk,WorldRiskIndex,Philippines,46.56,,2025,2025,higher_worse,TRUE,TRUE,193,1,1,TRUE,TRUE
Philippines,PHL,Asia,South-eastern Asia,nd_gain,ND-GAIN Country Index,Philippines,47.1050002824754,,2024,2026 release,lower_worse,TRUE,TRUE,190,93,5,FALSE,FALSE
Philippines,PHL,Asia,South-eastern Asia,hdi,Human Development Index,Philippines,0.72,,2023,Human Development Report 2025,lower_worse,TRUE,TRUE,192,75,4,FALSE,FALSE
Philippines,PHL,Asia,South-eastern Asia,mpi,Multidimensional Poverty Index,Philippines,0.0157881,,2022 D,Global MPI 2025,higher_worse,TRUE,TRUE,109,75,7,FALSE,FALSE
Philippines,PHL,Asia,South-eastern Asia,ghi,Global Hunger Index,Philippines,13.4,13.4,2025,2025,higher_worse,TRUE,TRUE,98,57,6,FALSE,FALSE
Philippines,PHL,Asia,South-eastern Asia,ghs,Global Health Security Index,Philippines,45.7,,2021,2021,lower_worse,TRUE,TRUE,193,136,7,FALSE,FALSE
Philippines,PHL,Asia,South-eastern Asia,wps,"Women, Peace and Security Index",Philippines,0.607,,2025,2025/26,lower_worse,TRUE,TRUE,177,50,3,FALSE,FALSE
Philippines,PHL,Asia,South-eastern Asia,un_mvi,UN Multidimensional Vulnerability Index,Philippines,43.6,,2023,High-Level Panel results,higher_worse,TRUE,TRUE,142,120,9,FALSE,FALSE
Philippines,PHL,Asia,South-eastern Asia,debt_distress,Debt-distress classification,,,,latest DSA as of 2026-03-31,31 March 2026,higher_worse,FALSE,FALSE,67,,,,
Philippines,PHL,Asia,South-eastern Asia,searo,Sexual Exploitation and Abuse Risk Overview,Philippines,4.411529333765552,,December 2025,2026 v1.2,higher_worse,TRUE,TRUE,38,38,10,FALSE,FALSE
Philippines,PHL,Asia,South-eastern Asia,disaster_displacement,Disaster Displacement Risk Model,,,,current climate,GDRM 2.0,higher_worse,TRUE,TRUE,0,,,,
Philippines,PHL,Asia,South-eastern Asia,internal_displacement,Internal Displacement Index,Philippines,0.7651751330532387,,2022,IDI 2023 publication,lower_worse,TRUE,TRUE,44,28,7,FALSE,FALSE
Plurinational State of Bolivia,BOL,Americas,Latin America and the Caribbean,inform_risk,INFORM Risk,Bolivia,4.6,,2026,2026 v0.7.2,higher_worse,TRUE,TRUE,191,67,4,FALSE,FALSE
Plurinational State of Bolivia,BOL,Americas,Latin America and the Caribbean,inform_severity,INFORM Severity,,,,2026-06,June 2026,higher_worse,TRUE,TRUE,65,,,,
Plurinational State of Bolivia,BOL,Americas,Latin America and the Caribbean,underfunded_crisis,Underfunded Crisis Index,,,,2021-2025 cumulative,2025,lower_worse,TRUE,TRUE,27,,,,
Plurinational State of Bolivia,BOL,Americas,Latin America and the Caribbean,oecd_fragility,OECD Multidimensional Fragility,,,,predominantly 2023,States of Fragility 2025,lower_worse,TRUE,TRUE,61,,,,
Plurinational State of Bolivia,BOL,Americas,Latin America and the Caribbean,worldrisk,WorldRiskIndex,Plurinational State of Bolivia,3.13,,2025,2025,higher_worse,TRUE,TRUE,193,118,7,FALSE,FALSE
Plurinational State of Bolivia,BOL,Americas,Latin America and the Caribbean,nd_gain,ND-GAIN Country Index,"Bolivia, Plurinational State of",42.9377818523054,,2024,2026 release,lower_worse,TRUE,TRUE,190,66,4,FALSE,FALSE
Plurinational State of Bolivia,BOL,Americas,Latin America and the Caribbean,hdi,Human Development Index,Bolivia (Plurinational State of),0.733,,2023,Human Development Report 2025,lower_worse,TRUE,TRUE,192,84,5,FALSE,FALSE
Plurinational State of Bolivia,BOL,Americas,Latin America and the Caribbean,mpi,Multidimensional Poverty Index,Bolivia (Plurinational State of),0.02316824,,2023 N,Global MPI 2025,higher_worse,TRUE,TRUE,109,66,6,FALSE,FALSE
Plurinational State of Bolivia,BOL,Americas,Latin America and the Caribbean,ghi,Global Hunger Index,Bolivia (Plurinat. State of),14.6,14.6,2025,2025,higher_worse,TRUE,TRUE,98,53,6,FALSE,FALSE
Plurinational State of Bolivia,BOL,Americas,Latin America and the Caribbean,ghs,Global Health Security Index,Bolivia,29.9,,2021,2021,lower_worse,TRUE,TRUE,193,57,3,FALSE,FALSE
Plurinational State of Bolivia,BOL,Americas,Latin America and the Caribbean,wps,"Women, Peace and Security Index",Bolivia,0.701,,2025,2025/26,lower_worse,TRUE,TRUE,177,100,6,FALSE,FALSE
Plurinational State of Bolivia,BOL,Americas,Latin America and the Caribbean,un_mvi,UN Multidimensional Vulnerability Index,Bolivia (Plurinational State of),41.6,,2023,High-Level Panel results,higher_worse,TRUE,TRUE,142,132,10,FALSE,FALSE
Plurinational State of Bolivia,BOL,Americas,Latin America and the Caribbean,debt_distress,Debt-distress classification,,,,latest DSA as of 2026-03-31,31 March 2026,higher_worse,FALSE,FALSE,67,,,,
Plurinational State of Bolivia,BOL,Americas,Latin America and the Caribbean,searo,Sexual Exploitation and Abuse Risk Overview,,,,December 2025,2026 v1.2,higher_worse,TRUE,TRUE,38,,,,
Plurinational State of Bolivia,BOL,Americas,Latin America and the Caribbean,disaster_displacement,Disaster Displacement Risk Model,,,,current climate,GDRM 2.0,higher_worse,TRUE,TRUE,0,,,,
Plurinational State of Bolivia,BOL,Americas,Latin America and the Caribbean,internal_displacement,Internal Displacement Index,,,,2022,IDI 2023 publication,lower_worse,TRUE,TRUE,44,,,,
Poland,POL,Europe,Eastern Europe,inform_risk,INFORM Risk,Poland,2.5,,2026,2026 v0.7.2,higher_worse,TRUE,TRUE,191,148,8,FALSE,FALSE
Poland,POL,Europe,Eastern Europe,inform_severity,INFORM Severity,,,,2026-06,June 2026,higher_worse,TRUE,TRUE,65,,,,
Poland,POL,Europe,Eastern Europe,underfunded_crisis,Underfunded Crisis Index,,,,2021-2025 cumulative,2025,lower_worse,TRUE,TRUE,27,,,,
Poland,POL,Europe,Eastern Europe,oecd_fragility,OECD Multidimensional Fragility,,,,predominantly 2023,States of Fragility 2025,lower_worse,TRUE,TRUE,61,,,,
Poland,POL,Europe,Eastern Europe,worldrisk,WorldRiskIndex,Poland,4.92,,2025,2025,higher_worse,TRUE,TRUE,193,84,5,FALSE,FALSE
Poland,POL,Europe,Eastern Europe,nd_gain,ND-GAIN Country Index,Poland,62.7917076221965,,2024,2026 release,lower_worse,TRUE,TRUE,190,166,9,FALSE,FALSE
Poland,POL,Europe,Eastern Europe,hdi,Human Development Index,Poland,0.906,,2023,Human Development Report 2025,lower_worse,TRUE,TRUE,192,159,9,FALSE,FALSE
Poland,POL,Europe,Eastern Europe,mpi,Multidimensional Poverty Index,,,,country-specific survey year,Global MPI 2025,higher_worse,TRUE,TRUE,109,,,,
Poland,POL,Europe,Eastern Europe,ghi,Global Hunger Index,,,,2025,2025,higher_worse,TRUE,TRUE,98,,,,
Poland,POL,Europe,Eastern Europe,ghs,Global Health Security Index,Poland,55.7,,2021,2021,lower_worse,TRUE,TRUE,193,165,9,FALSE,FALSE
Poland,POL,Europe,Eastern Europe,wps,"Women, Peace and Security Index",Poland,0.854,,2025,2025/26,lower_worse,TRUE,TRUE,177,151,9,FALSE,FALSE
Poland,POL,Europe,Eastern Europe,un_mvi,UN Multidimensional Vulnerability Index,,,,2023,High-Level Panel results,higher_worse,TRUE,TRUE,142,,,,
Poland,POL,Europe,Eastern Europe,debt_distress,Debt-distress classification,,,,latest DSA as of 2026-03-31,31 March 2026,higher_worse,FALSE,FALSE,67,,,,
Poland,POL,Europe,Eastern Europe,searo,Sexual Exploitation and Abuse Risk Overview,,,,December 2025,2026 v1.2,higher_worse,TRUE,TRUE,38,,,,
Poland,POL,Europe,Eastern Europe,disaster_displacement,Disaster Displacement Risk Model,,,,current climate,GDRM 2.0,higher_worse,TRUE,TRUE,0,,,,
Poland,POL,Europe,Eastern Europe,internal_displacement,Internal Displacement Index,,,,2022,IDI 2023 publication,lower_worse,TRUE,TRUE,44,,,,
Portugal,PRT,Europe,Southern Europe,inform_risk,INFORM Risk,Portugal,1.9,,2026,2026 v0.7.2,higher_worse,TRUE,TRUE,191,174,10,FALSE,FALSE
Portugal,PRT,Europe,Southern Europe,inform_severity,INFORM Severity,,,,2026-06,June 2026,higher_worse,TRUE,TRUE,65,,,,
Portugal,PRT,Europe,Southern Europe,underfunded_crisis,Underfunded Crisis Index,,,,2021-2025 cumulative,2025,lower_worse,TRUE,TRUE,27,,,,
Portugal,PRT,Europe,Southern Europe,oecd_fragility,OECD Multidimensional Fragility,,,,predominantly 2023,States of Fragility 2025,lower_worse,TRUE,TRUE,61,,,,
Portugal,PRT,Europe,Southern Europe,worldrisk,WorldRiskIndex,Portugal,4.76,,2025,2025,higher_worse,TRUE,TRUE,193,89,5,FALSE,FALSE
Portugal,PRT,Europe,Southern Europe,nd_gain,ND-GAIN Country Index,Portugal,60.9850101443668,,2024,2026 release,lower_worse,TRUE,TRUE,190,161,9,FALSE,FALSE
Portugal,PRT,Europe,Southern Europe,hdi,Human Development Index,Portugal,0.89,,2023,Human Development Report 2025,lower_worse,TRUE,TRUE,192,154,8,FALSE,FALSE
Portugal,PRT,Europe,Southern Europe,mpi,Multidimensional Poverty Index,,,,country-specific survey year,Global MPI 2025,higher_worse,TRUE,TRUE,109,,,,
Portugal,PRT,Europe,Southern Europe,ghi,Global Hunger Index,,,,2025,2025,higher_worse,TRUE,TRUE,98,,,,
Portugal,PRT,Europe,Southern Europe,ghs,Global Health Security Index,Portugal,54.7,,2021,2021,lower_worse,TRUE,TRUE,193,161,9,FALSE,FALSE
Portugal,PRT,Europe,Southern Europe,wps,"Women, Peace and Security Index",Portugal,0.861,,2025,2025/26,lower_worse,TRUE,TRUE,177,152,9,FALSE,FALSE
Portugal,PRT,Europe,Southern Europe,un_mvi,UN Multidimensional Vulnerability Index,,,,2023,High-Level Panel results,higher_worse,TRUE,TRUE,142,,,,
Portugal,PRT,Europe,Southern Europe,debt_distress,Debt-distress classification,,,,latest DSA as of 2026-03-31,31 March 2026,higher_worse,FALSE,FALSE,67,,,,
Portugal,PRT,Europe,Southern Europe,searo,Sexual Exploitation and Abuse Risk Overview,,,,December 2025,2026 v1.2,higher_worse,TRUE,TRUE,38,,,,
Portugal,PRT,Europe,Southern Europe,disaster_displacement,Disaster Displacement Risk Model,,,,current climate,GDRM 2.0,higher_worse,TRUE,TRUE,0,,,,
Portugal,PRT,Europe,Southern Europe,internal_displacement,Internal Displacement Index,,,,2022,IDI 2023 publication,lower_worse,TRUE,TRUE,44,,,,
Qatar,QAT,Asia,Western Asia,inform_risk,INFORM Risk,Qatar,1.4,,2026,2026 v0.7.2,higher_worse,TRUE,TRUE,191,186,10,FALSE,FALSE
Qatar,QAT,Asia,Western Asia,inform_severity,INFORM Severity,,,,2026-06,June 2026,higher_worse,TRUE,TRUE,65,,,,
Qatar,QAT,Asia,Western Asia,underfunded_crisis,Underfunded Crisis Index,,,,2021-2025 cumulative,2025,lower_worse,TRUE,TRUE,27,,,,
Qatar,QAT,Asia,Western Asia,oecd_fragility,OECD Multidimensional Fragility,,,,predominantly 2023,States of Fragility 2025,lower_worse,TRUE,TRUE,61,,,,
Qatar,QAT,Asia,Western Asia,worldrisk,WorldRiskIndex,Qatar,0.88,,2025,2025,higher_worse,TRUE,TRUE,193,183,10,FALSE,FALSE
Qatar,QAT,Asia,Western Asia,nd_gain,ND-GAIN Country Index,Qatar,52.2010697915228,,2024,2026 release,lower_worse,TRUE,TRUE,190,125,7,FALSE,FALSE
Qatar,QAT,Asia,Western Asia,hdi,Human Development Index,Qatar,0.886,,2023,Human Development Report 2025,lower_worse,TRUE,TRUE,192,151,8,FALSE,FALSE
Qatar,QAT,Asia,Western Asia,mpi,Multidimensional Poverty Index,,,,country-specific survey year,Global MPI 2025,higher_worse,TRUE,TRUE,109,,,,
Qatar,QAT,Asia,Western Asia,ghi,Global Hunger Index,,,,2025,2025,higher_worse,TRUE,TRUE,98,,,,
Qatar,QAT,Asia,Western Asia,ghs,Global Health Security Index,Qatar,48.7,,2021,2021,lower_worse,TRUE,TRUE,193,145,8,FALSE,FALSE
Qatar,QAT,Asia,Western Asia,wps,"Women, Peace and Security Index",Qatar,0.723,,2025,2025/26,lower_worse,TRUE,TRUE,177,109,7,FALSE,FALSE
Qatar,QAT,Asia,Western Asia,un_mvi,UN Multidimensional Vulnerability Index,Qatar,58.1,,2023,High-Level Panel results,higher_worse,TRUE,TRUE,142,42,3,FALSE,FALSE
Qatar,QAT,Asia,Western Asia,debt_distress,Debt-distress classification,,,,latest DSA as of 2026-03-31,31 March 2026,higher_worse,FALSE,FALSE,67,,,,
Qatar,QAT,Asia,Western Asia,searo,Sexual Exploitation and Abuse Risk Overview,,,,December 2025,2026 v1.2,higher_worse,TRUE,TRUE,38,,,,
Qatar,QAT,Asia,Western Asia,disaster_displacement,Disaster Displacement Risk Model,,,,current climate,GDRM 2.0,higher_worse,TRUE,TRUE,0,,,,
Qatar,QAT,Asia,Western Asia,internal_displacement,Internal Displacement Index,,,,2022,IDI 2023 publication,lower_worse,TRUE,TRUE,44,,,,
Republic of Congo,COG,Africa,Sub-Saharan Africa,inform_risk,INFORM Risk,Congo,5.8,,2026,2026 v0.7.2,higher_worse,TRUE,TRUE,191,30,2,FALSE,TRUE
Republic of Congo,COG,Africa,Sub-Saharan Africa,inform_severity,INFORM Severity,,,,2026-06,June 2026,higher_worse,TRUE,TRUE,65,,,,
Republic of Congo,COG,Africa,Sub-Saharan Africa,underfunded_crisis,Underfunded Crisis Index,,,,2021-2025 cumulative,2025,lower_worse,TRUE,TRUE,27,,,,
Republic of Congo,COG,Africa,Sub-Saharan Africa,oecd_fragility,OECD Multidimensional Fragility,Congo (the),-3.42214069542158,,predominantly 2023,States of Fragility 2025,lower_worse,TRUE,TRUE,61,11,2,FALSE,TRUE
Republic of Congo,COG,Africa,Sub-Saharan Africa,worldrisk,WorldRiskIndex,Republic of Congo,4.28,,2025,2025,higher_worse,TRUE,TRUE,193,95,5,FALSE,FALSE
Republic of Congo,COG,Africa,Sub-Saharan Africa,nd_gain,ND-GAIN Country Index,Congo,33.733395140836,,2024,2026 release,lower_worse,TRUE,TRUE,190,15,1,TRUE,TRUE
Republic of Congo,COG,Africa,Sub-Saharan Africa,hdi,Human Development Index,Congo,0.649,,2023,Human Development Report 2025,lower_worse,TRUE,TRUE,192,56,3,FALSE,FALSE
Republic of Congo,COG,Africa,Sub-Saharan Africa,mpi,Multidimensional Poverty Index,Congo,0.111676294,,2014/2015 M,Global MPI 2025,higher_worse,TRUE,TRUE,109,42,4,FALSE,FALSE
Republic of Congo,COG,Africa,Sub-Saharan Africa,ghi,Global Hunger Index,Congo (Republic of),22.6,22.6,2025,2025,higher_worse,TRUE,TRUE,98,27,3,FALSE,FALSE
Republic of Congo,COG,Africa,Sub-Saharan Africa,ghs,Global Health Security Index,Congo (Brazzaville),26.3,,2021,2021,lower_worse,TRUE,TRUE,193,32,2,FALSE,TRUE
Republic of Congo,COG,Africa,Sub-Saharan Africa,wps,"Women, Peace and Security Index",Congo,0.583,,2025,2025/26,lower_worse,TRUE,TRUE,177,42,3,FALSE,FALSE
Republic of Congo,COG,Africa,Sub-Saharan Africa,un_mvi,UN Multidimensional Vulnerability Index,Congo,60,,2023,High-Level Panel results,higher_worse,TRUE,TRUE,142,32,3,FALSE,FALSE
Republic of Congo,COG,Africa,Sub-Saharan Africa,debt_distress,Debt-distress classification,"Congo, Republic of",4,In debt distress,3/24/2025,31 March 2026,higher_worse,FALSE,FALSE,67,,,,
Republic of Congo,COG,Africa,Sub-Saharan Africa,searo,Sexual Exploitation and Abuse Risk Overview,,,,December 2025,2026 v1.2,higher_worse,TRUE,TRUE,38,,,,
Republic of Congo,COG,Africa,Sub-Saharan Africa,disaster_displacement,Disaster Displacement Risk Model,,,,current climate,GDRM 2.0,higher_worse,TRUE,TRUE,0,,,,
Republic of Congo,COG,Africa,Sub-Saharan Africa,internal_displacement,Internal Displacement Index,,,,2022,IDI 2023 publication,lower_worse,TRUE,TRUE,44,,,,
Republic of Korea,KOR,Asia,Eastern Asia,inform_risk,INFORM Risk,Korea Republic of,2,,2026,2026 v0.7.2,higher_worse,TRUE,TRUE,191,173,10,FALSE,FALSE
Republic of Korea,KOR,Asia,Eastern Asia,inform_severity,INFORM Severity,,,,2026-06,June 2026,higher_worse,TRUE,TRUE,65,,,,
Republic of Korea,KOR,Asia,Eastern Asia,underfunded_crisis,Underfunded Crisis Index,,,,2021-2025 cumulative,2025,lower_worse,TRUE,TRUE,27,,,,
Republic of Korea,KOR,Asia,Eastern Asia,oecd_fragility,OECD Multidimensional Fragility,,,,predominantly 2023,States of Fragility 2025,lower_worse,TRUE,TRUE,61,,,,
Republic of Korea,KOR,Asia,Eastern Asia,worldrisk,WorldRiskIndex,Republic of Korea,11.01,,2025,2025,higher_worse,TRUE,TRUE,193,49,3,FALSE,FALSE
Republic of Korea,KOR,Asia,Eastern Asia,nd_gain,ND-GAIN Country Index,"Korea, Republic of",68.2909398968166,,2024,2026 release,lower_worse,TRUE,TRUE,190,184,10,FALSE,FALSE
Republic of Korea,KOR,Asia,Eastern Asia,hdi,Human Development Index,Korea (Republic of),0.937,,2023,Human Development Report 2025,lower_worse,TRUE,TRUE,192,174,10,FALSE,FALSE
Republic of Korea,KOR,Asia,Eastern Asia,mpi,Multidimensional Poverty Index,,,,country-specific survey year,Global MPI 2025,higher_worse,TRUE,TRUE,109,,,,
Republic of Korea,KOR,Asia,Eastern Asia,ghi,Global Hunger Index,,,,2025,2025,higher_worse,TRUE,TRUE,98,,,,
Republic of Korea,KOR,Asia,Eastern Asia,ghs,Global Health Security Index,South Korea,65.4,,2021,2021,lower_worse,TRUE,TRUE,193,185,10,FALSE,FALSE
Republic of Korea,KOR,Asia,Eastern Asia,wps,"Women, Peace and Security Index",South Korea,0.815,,2025,2025/26,lower_worse,TRUE,TRUE,177,142,8,FALSE,FALSE
Republic of Korea,KOR,Asia,Eastern Asia,un_mvi,UN Multidimensional Vulnerability Index,,,,2023,High-Level Panel results,higher_worse,TRUE,TRUE,142,,,,
Republic of Korea,KOR,Asia,Eastern Asia,debt_distress,Debt-distress classification,,,,latest DSA as of 2026-03-31,31 March 2026,higher_worse,FALSE,FALSE,67,,,,
Republic of Korea,KOR,Asia,Eastern Asia,searo,Sexual Exploitation and Abuse Risk Overview,,,,December 2025,2026 v1.2,higher_worse,TRUE,TRUE,38,,,,
Republic of Korea,KOR,Asia,Eastern Asia,disaster_displacement,Disaster Displacement Risk Model,,,,current climate,GDRM 2.0,higher_worse,TRUE,TRUE,0,,,,
Republic of Korea,KOR,Asia,Eastern Asia,internal_displacement,Internal Displacement Index,,,,2022,IDI 2023 publication,lower_worse,TRUE,TRUE,44,,,,
Republic of Moldova,MDA,Europe,Eastern Europe,inform_risk,INFORM Risk,Moldova Republic of,3.8,,2026,2026 v0.7.2,higher_worse,TRUE,TRUE,191,90,5,FALSE,FALSE
Republic of Moldova,MDA,Europe,Eastern Europe,inform_severity,INFORM Severity,,,,2026-06,June 2026,higher_worse,TRUE,TRUE,65,,,,
Republic of Moldova,MDA,Europe,Eastern Europe,underfunded_crisis,Underfunded Crisis Index,,,,2021-2025 cumulative,2025,lower_worse,TRUE,TRUE,27,,,,
Republic of Moldova,MDA,Europe,Eastern Europe,oecd_fragility,OECD Multidimensional Fragility,,,,predominantly 2023,States of Fragility 2025,lower_worse,TRUE,TRUE,61,,,,
Republic of Moldova,MDA,Europe,Eastern Europe,worldrisk,WorldRiskIndex,Republic of Moldova,1.28,,2025,2025,higher_worse,TRUE,TRUE,193,170,9,FALSE,FALSE
Republic of Moldova,MDA,Europe,Eastern Europe,nd_gain,ND-GAIN Country Index,"Moldova, Republic of",51.6986046235755,,2024,2026 release,lower_worse,TRUE,TRUE,190,123,7,FALSE,FALSE
Republic of Moldova,MDA,Europe,Eastern Europe,hdi,Human Development Index,Moldova (Republic of),0.785,,2023,Human Development Report 2025,lower_worse,TRUE,TRUE,192,108,6,FALSE,FALSE
Republic of Moldova,MDA,Europe,Eastern Europe,mpi,Multidimensional Poverty Index,,,,country-specific survey year,Global MPI 2025,higher_worse,TRUE,TRUE,109,,,,
Republic of Moldova,MDA,Europe,Eastern Europe,ghi,Global Hunger Index,Moldova (Rep. of),5.1,5.1,2025,2025,higher_worse,TRUE,TRUE,98,97,10,FALSE,FALSE
Republic of Moldova,MDA,Europe,Eastern Europe,ghs,Global Health Security Index,Moldova,41,,2021,2021,lower_worse,TRUE,TRUE,193,122,7,FALSE,FALSE
Republic of Moldova,MDA,Europe,Eastern Europe,wps,"Women, Peace and Security Index",Moldova,0.821,,2025,2025/26,lower_worse,TRUE,TRUE,177,143,9,FALSE,FALSE
Republic of Moldova,MDA,Europe,Eastern Europe,un_mvi,UN Multidimensional Vulnerability Index,,,,2023,High-Level Panel results,higher_worse,TRUE,TRUE,142,,,,
Republic of Moldova,MDA,Europe,Eastern Europe,debt_distress,Debt-distress classification,Moldova,1,Low,3/5/2026,31 March 2026,higher_worse,FALSE,FALSE,67,,,,
Republic of Moldova,MDA,Europe,Eastern Europe,searo,Sexual Exploitation and Abuse Risk Overview,,,,December 2025,2026 v1.2,higher_worse,TRUE,TRUE,38,,,,
Republic of Moldova,MDA,Europe,Eastern Europe,disaster_displacement,Disaster Displacement Risk Model,,,,current climate,GDRM 2.0,higher_worse,TRUE,TRUE,0,,,,
Republic of Moldova,MDA,Europe,Eastern Europe,internal_displacement,Internal Displacement Index,,,,2022,IDI 2023 publication,lower_worse,TRUE,TRUE,44,,,,
Romania,ROU,Europe,Eastern Europe,inform_risk,INFORM Risk,Romania,3,,2026,2026 v0.7.2,higher_worse,TRUE,TRUE,191,120,7,FALSE,FALSE
Romania,ROU,Europe,Eastern Europe,inform_severity,INFORM Severity,,,,2026-06,June 2026,higher_worse,TRUE,TRUE,65,,,,
Romania,ROU,Europe,Eastern Europe,underfunded_crisis,Underfunded Crisis Index,,,,2021-2025 cumulative,2025,lower_worse,TRUE,TRUE,27,,,,
Romania,ROU,Europe,Eastern Europe,oecd_fragility,OECD Multidimensional Fragility,,,,predominantly 2023,States of Fragility 2025,lower_worse,TRUE,TRUE,61,,,,
Romania,ROU,Europe,Eastern Europe,worldrisk,WorldRiskIndex,Romania,3.36,,2025,2025,higher_worse,TRUE,TRUE,193,110,6,FALSE,FALSE
Romania,ROU,Europe,Eastern Europe,nd_gain,ND-GAIN Country Index,Romania,55.9918467462891,,2024,2026 release,lower_worse,TRUE,TRUE,190,144,8,FALSE,FALSE
Romania,ROU,Europe,Eastern Europe,hdi,Human Development Index,Romania,0.845,,2023,Human Development Report 2025,lower_worse,TRUE,TRUE,192,138,8,FALSE,FALSE
Romania,ROU,Europe,Eastern Europe,mpi,Multidimensional Poverty Index,,,,country-specific survey year,Global MPI 2025,higher_worse,TRUE,TRUE,109,,,,
Romania,ROU,Europe,Eastern Europe,ghi,Global Hunger Index,Romania,,<5,2025,2025,higher_worse,TRUE,TRUE,98,,,,
Romania,ROU,Europe,Eastern Europe,ghs,Global Health Security Index,Romania,45.7,,2021,2021,lower_worse,TRUE,TRUE,193,136,7,FALSE,FALSE
Romania,ROU,Europe,Eastern Europe,wps,"Women, Peace and Security Index",Romania,0.801,,2025,2025/26,lower_worse,TRUE,TRUE,177,137,8,FALSE,FALSE
Romania,ROU,Europe,Eastern Europe,un_mvi,UN Multidimensional Vulnerability Index,,,,2023,High-Level Panel results,higher_worse,TRUE,TRUE,142,,,,
Romania,ROU,Europe,Eastern Europe,debt_distress,Debt-distress classification,,,,latest DSA as of 2026-03-31,31 March 2026,higher_worse,FALSE,FALSE,67,,,,
Romania,ROU,Europe,Eastern Europe,searo,Sexual Exploitation and Abuse Risk Overview,,,,December 2025,2026 v1.2,higher_worse,TRUE,TRUE,38,,,,
Romania,ROU,Europe,Eastern Europe,disaster_displacement,Disaster Displacement Risk Model,,,,current climate,GDRM 2.0,higher_worse,TRUE,TRUE,0,,,,
Romania,ROU,Europe,Eastern Europe,internal_displacement,Internal Displacement Index,,,,2022,IDI 2023 publication,lower_worse,TRUE,TRUE,44,,,,
Russian Federation,RUS,Europe,Eastern Europe,inform_risk,INFORM Risk,Russian Federation,4,,2026,2026 v0.7.2,higher_worse,TRUE,TRUE,191,84,5,FALSE,FALSE
Russian Federation,RUS,Europe,Eastern Europe,inform_severity,INFORM Severity,,,,2026-06,June 2026,higher_worse,TRUE,TRUE,65,,,,
Russian Federation,RUS,Europe,Eastern Europe,underfunded_crisis,Underfunded Crisis Index,,,,2021-2025 cumulative,2025,lower_worse,TRUE,TRUE,27,,,,
Russian Federation,RUS,Europe,Eastern Europe,oecd_fragility,OECD Multidimensional Fragility,,,,predominantly 2023,States of Fragility 2025,lower_worse,TRUE,TRUE,61,,,,
Russian Federation,RUS,Europe,Eastern Europe,worldrisk,WorldRiskIndex,Russian Federation,31.22,,2025,2025,higher_worse,TRUE,TRUE,193,8,1,TRUE,TRUE
Russian Federation,RUS,Europe,Eastern Europe,nd_gain,ND-GAIN Country Index,Russian Federation,56.3361847064656,,2024,2026 release,lower_worse,TRUE,TRUE,190,146,8,FALSE,FALSE
Russian Federation,RUS,Europe,Eastern Europe,hdi,Human Development Index,Russian Federation,0.832,,2023,Human Development Report 2025,lower_worse,TRUE,TRUE,192,130,7,FALSE,FALSE
Russian Federation,RUS,Europe,Eastern Europe,mpi,Multidimensional Poverty Index,,,,country-specific survey year,Global MPI 2025,higher_worse,TRUE,TRUE,109,,,,
Russian Federation,RUS,Europe,Eastern Europe,ghi,Global Hunger Index,Russian Federation,,<5,2025,2025,higher_worse,TRUE,TRUE,98,,,,
Russian Federation,RUS,Europe,Eastern Europe,ghs,Global Health Security Index,Russia,49.1,,2021,2021,lower_worse,TRUE,TRUE,193,147,8,FALSE,FALSE
Russian Federation,RUS,Europe,Eastern Europe,wps,"Women, Peace and Security Index",Russian Federation,0.718,,2025,2025/26,lower_worse,TRUE,TRUE,177,105,6,FALSE,FALSE
Russian Federation,RUS,Europe,Eastern Europe,un_mvi,UN Multidimensional Vulnerability Index,,,,2023,High-Level Panel results,higher_worse,TRUE,TRUE,142,,,,
Russian Federation,RUS,Europe,Eastern Europe,debt_distress,Debt-distress classification,,,,latest DSA as of 2026-03-31,31 March 2026,higher_worse,FALSE,FALSE,67,,,,
Russian Federation,RUS,Europe,Eastern Europe,searo,Sexual Exploitation and Abuse Risk Overview,,,,December 2025,2026 v1.2,higher_worse,TRUE,TRUE,38,,,,
Russian Federation,RUS,Europe,Eastern Europe,disaster_displacement,Disaster Displacement Risk Model,,,,current climate,GDRM 2.0,higher_worse,TRUE,TRUE,0,,,,
Russian Federation,RUS,Europe,Eastern Europe,internal_displacement,Internal Displacement Index,Russia,0.7077127964863074,,2022,IDI 2023 publication,lower_worse,TRUE,TRUE,44,14,3,FALSE,FALSE
Rwanda,RWA,Africa,Sub-Saharan Africa,inform_risk,INFORM Risk,Rwanda,5.1,,2026,2026 v0.7.2,higher_worse,TRUE,TRUE,191,54,3,FALSE,FALSE
Rwanda,RWA,Africa,Sub-Saharan Africa,inform_severity,INFORM Severity,,,,2026-06,June 2026,higher_worse,TRUE,TRUE,65,,,,
Rwanda,RWA,Africa,Sub-Saharan Africa,underfunded_crisis,Underfunded Crisis Index,,,,2021-2025 cumulative,2025,lower_worse,TRUE,TRUE,27,,,,
Rwanda,RWA,Africa,Sub-Saharan Africa,oecd_fragility,OECD Multidimensional Fragility,Rwanda,-1.67135334134845,,predominantly 2023,States of Fragility 2025,lower_worse,TRUE,TRUE,61,46,8,FALSE,FALSE
Rwanda,RWA,Africa,Sub-Saharan Africa,worldrisk,WorldRiskIndex,Rwanda,2.66,,2025,2025,higher_worse,TRUE,TRUE,193,136,7,FALSE,FALSE
Rwanda,RWA,Africa,Sub-Saharan Africa,nd_gain,ND-GAIN Country Index,Rwanda,40.6073410755015,,2024,2026 release,lower_worse,TRUE,TRUE,190,50,3,FALSE,FALSE
Rwanda,RWA,Africa,Sub-Saharan Africa,hdi,Human Development Index,Rwanda,0.578,,2023,Human Development Report 2025,lower_worse,TRUE,TRUE,192,35,2,FALSE,TRUE
Rwanda,RWA,Africa,Sub-Saharan Africa,mpi,Multidimensional Poverty Index,Rwanda,0.231001962,,2019/2020 D,Global MPI 2025,higher_worse,TRUE,TRUE,109,25,3,FALSE,FALSE
Rwanda,RWA,Africa,Sub-Saharan Africa,ghi,Global Hunger Index,Rwanda,21.7,21.7,2025,2025,higher_worse,TRUE,TRUE,98,32,4,FALSE,FALSE
Rwanda,RWA,Africa,Sub-Saharan Africa,ghs,Global Health Security Index,Rwanda,33.1,,2021,2021,lower_worse,TRUE,TRUE,193,81,5,FALSE,FALSE
Rwanda,RWA,Africa,Sub-Saharan Africa,wps,"Women, Peace and Security Index",Rwanda,0.624,,2025,2025/26,lower_worse,TRUE,TRUE,177,60,4,FALSE,FALSE
Rwanda,RWA,Africa,Sub-Saharan Africa,un_mvi,UN Multidimensional Vulnerability Index,Rwanda,54.4,,2023,High-Level Panel results,higher_worse,TRUE,TRUE,142,63,5,FALSE,FALSE
Rwanda,RWA,Africa,Sub-Saharan Africa,debt_distress,Debt-distress classification,Rwanda,2,Moderate,12/4/2025,31 March 2026,higher_worse,FALSE,FALSE,67,,,,
Rwanda,RWA,Africa,Sub-Saharan Africa,searo,Sexual Exploitation and Abuse Risk Overview,,,,December 2025,2026 v1.2,higher_worse,TRUE,TRUE,38,,,,
Rwanda,RWA,Africa,Sub-Saharan Africa,disaster_displacement,Disaster Displacement Risk Model,,,,current climate,GDRM 2.0,higher_worse,TRUE,TRUE,0,,,,
Rwanda,RWA,Africa,Sub-Saharan Africa,internal_displacement,Internal Displacement Index,,,,2022,IDI 2023 publication,lower_worse,TRUE,TRUE,44,,,,
Saint Kitts and Nevis,KNA,Americas,Latin America and the Caribbean,inform_risk,INFORM Risk,Saint Kitts and Nevis,1.9,,2026,2026 v0.7.2,higher_worse,TRUE,TRUE,191,174,10,FALSE,FALSE
Saint Kitts and Nevis,KNA,Americas,Latin America and the Caribbean,inform_severity,INFORM Severity,,,,2026-06,June 2026,higher_worse,TRUE,TRUE,65,,,,
Saint Kitts and Nevis,KNA,Americas,Latin America and the Caribbean,underfunded_crisis,Underfunded Crisis Index,,,,2021-2025 cumulative,2025,lower_worse,TRUE,TRUE,27,,,,
Saint Kitts and Nevis,KNA,Americas,Latin America and the Caribbean,oecd_fragility,OECD Multidimensional Fragility,,,,predominantly 2023,States of Fragility 2025,lower_worse,TRUE,TRUE,61,,,,
Saint Kitts and Nevis,KNA,Americas,Latin America and the Caribbean,worldrisk,WorldRiskIndex,Saint Kitts and Nevis,2.24,,2025,2025,higher_worse,TRUE,TRUE,193,146,8,FALSE,FALSE
Saint Kitts and Nevis,KNA,Americas,Latin America and the Caribbean,nd_gain,ND-GAIN Country Index,Saint Kitts and Nevis,57.3467708255443,,2024,2026 release,lower_worse,TRUE,TRUE,190,150,8,FALSE,FALSE
Saint Kitts and Nevis,KNA,Americas,Latin America and the Caribbean,hdi,Human Development Index,Saint Kitts and Nevis,0.84,,2023,Human Development Report 2025,lower_worse,TRUE,TRUE,192,136,8,FALSE,FALSE
Saint Kitts and Nevis,KNA,Americas,Latin America and the Caribbean,mpi,Multidimensional Poverty Index,,,,country-specific survey year,Global MPI 2025,higher_worse,TRUE,TRUE,109,,,,
Saint Kitts and Nevis,KNA,Americas,Latin America and the Caribbean,ghi,Global Hunger Index,,,,2025,2025,higher_worse,TRUE,TRUE,98,,,,
Saint Kitts and Nevis,KNA,Americas,Latin America and the Caribbean,ghs,Global Health Security Index,St Kitts & Nevis,31.7,,2021,2021,lower_worse,TRUE,TRUE,193,72,4,FALSE,FALSE
Saint Kitts and Nevis,KNA,Americas,Latin America and the Caribbean,wps,"Women, Peace and Security Index",,,,2025,2025/26,lower_worse,TRUE,TRUE,177,,,,
Saint Kitts and Nevis,KNA,Americas,Latin America and the Caribbean,un_mvi,UN Multidimensional Vulnerability Index,Saint Kitts and Nevis,55,,2023,High-Level Panel results,higher_worse,TRUE,TRUE,142,57,4,FALSE,FALSE
Saint Kitts and Nevis,KNA,Americas,Latin America and the Caribbean,debt_distress,Debt-distress classification,,,,latest DSA as of 2026-03-31,31 March 2026,higher_worse,FALSE,FALSE,67,,,,
Saint Kitts and Nevis,KNA,Americas,Latin America and the Caribbean,searo,Sexual Exploitation and Abuse Risk Overview,,,,December 2025,2026 v1.2,higher_worse,TRUE,TRUE,38,,,,
Saint Kitts and Nevis,KNA,Americas,Latin America and the Caribbean,disaster_displacement,Disaster Displacement Risk Model,,,,current climate,GDRM 2.0,higher_worse,TRUE,TRUE,0,,,,
Saint Kitts and Nevis,KNA,Americas,Latin America and the Caribbean,internal_displacement,Internal Displacement Index,,,,2022,IDI 2023 publication,lower_worse,TRUE,TRUE,44,,,,
Saint Lucia,LCA,Americas,Latin America and the Caribbean,inform_risk,INFORM Risk,Saint Lucia,2.5,,2026,2026 v0.7.2,higher_worse,TRUE,TRUE,191,148,8,FALSE,FALSE
Saint Lucia,LCA,Americas,Latin America and the Caribbean,inform_severity,INFORM Severity,,,,2026-06,June 2026,higher_worse,TRUE,TRUE,65,,,,
Saint Lucia,LCA,Americas,Latin America and the Caribbean,underfunded_crisis,Underfunded Crisis Index,,,,2021-2025 cumulative,2025,lower_worse,TRUE,TRUE,27,,,,
Saint Lucia,LCA,Americas,Latin America and the Caribbean,oecd_fragility,OECD Multidimensional Fragility,,,,predominantly 2023,States of Fragility 2025,lower_worse,TRUE,TRUE,61,,,,
Saint Lucia,LCA,Americas,Latin America and the Caribbean,worldrisk,WorldRiskIndex,Saint Lucia,2.53,,2025,2025,higher_worse,TRUE,TRUE,193,138,8,FALSE,FALSE
Saint Lucia,LCA,Americas,Latin America and the Caribbean,nd_gain,ND-GAIN Country Index,Saint Lucia,53.6133904946598,,2024,2026 release,lower_worse,TRUE,TRUE,190,134,8,FALSE,FALSE
Saint Lucia,LCA,Americas,Latin America and the Caribbean,hdi,Human Development Index,Saint Lucia,0.748,,2023,Human Development Report 2025,lower_worse,TRUE,TRUE,192,91,5,FALSE,FALSE
Saint Lucia,LCA,Americas,Latin America and the Caribbean,mpi,Multidimensional Poverty Index,,,,country-specific survey year,Global MPI 2025,higher_worse,TRUE,TRUE,109,,,,
Saint Lucia,LCA,Americas,Latin America and the Caribbean,ghi,Global Hunger Index,,,,2025,2025,higher_worse,TRUE,TRUE,98,,,,
Saint Lucia,LCA,Americas,Latin America and the Caribbean,ghs,Global Health Security Index,St Lucia,34.7,,2021,2021,lower_worse,TRUE,TRUE,193,92,5,FALSE,FALSE
Saint Lucia,LCA,Americas,Latin America and the Caribbean,wps,"Women, Peace and Security Index",,,,2025,2025/26,lower_worse,TRUE,TRUE,177,,,,
Saint Lucia,LCA,Americas,Latin America and the Caribbean,un_mvi,UN Multidimensional Vulnerability Index,Saint Lucia,66.5,,2023,High-Level Panel results,higher_worse,TRUE,TRUE,142,9,1,TRUE,TRUE
Saint Lucia,LCA,Americas,Latin America and the Caribbean,debt_distress,Debt-distress classification,,,,latest DSA as of 2026-03-31,31 March 2026,higher_worse,FALSE,FALSE,67,,,,
Saint Lucia,LCA,Americas,Latin America and the Caribbean,searo,Sexual Exploitation and Abuse Risk Overview,,,,December 2025,2026 v1.2,higher_worse,TRUE,TRUE,38,,,,
Saint Lucia,LCA,Americas,Latin America and the Caribbean,disaster_displacement,Disaster Displacement Risk Model,,,,current climate,GDRM 2.0,higher_worse,TRUE,TRUE,0,,,,
Saint Lucia,LCA,Americas,Latin America and the Caribbean,internal_displacement,Internal Displacement Index,,,,2022,IDI 2023 publication,lower_worse,TRUE,TRUE,44,,,,
Saint Vincent and the Grenadines,VCT,Americas,Latin America and the Caribbean,inform_risk,INFORM Risk,Saint Vincent and the Grenadines,2.9,,2026,2026 v0.7.2,higher_worse,TRUE,TRUE,191,124,7,FALSE,FALSE
Saint Vincent and the Grenadines,VCT,Americas,Latin America and the Caribbean,inform_severity,INFORM Severity,,,,2026-06,June 2026,higher_worse,TRUE,TRUE,65,,,,
Saint Vincent and the Grenadines,VCT,Americas,Latin America and the Caribbean,underfunded_crisis,Underfunded Crisis Index,,,,2021-2025 cumulative,2025,lower_worse,TRUE,TRUE,27,,,,
Saint Vincent and the Grenadines,VCT,Americas,Latin America and the Caribbean,oecd_fragility,OECD Multidimensional Fragility,,,,predominantly 2023,States of Fragility 2025,lower_worse,TRUE,TRUE,61,,,,
Saint Vincent and the Grenadines,VCT,Americas,Latin America and the Caribbean,worldrisk,WorldRiskIndex,Saint Vincent and the Grenadines,2.72,,2025,2025,higher_worse,TRUE,TRUE,193,132,7,FALSE,FALSE
Saint Vincent and the Grenadines,VCT,Americas,Latin America and the Caribbean,nd_gain,ND-GAIN Country Index,Saint Vincent and the Grenadines,52.7388728694789,,2024,2026 release,lower_worse,TRUE,TRUE,190,129,7,FALSE,FALSE
Saint Vincent and the Grenadines,VCT,Americas,Latin America and the Caribbean,hdi,Human Development Index,Saint Vincent and the Grenadines,0.798,,2023,Human Development Report 2025,lower_worse,TRUE,TRUE,192,117,7,FALSE,FALSE
Saint Vincent and the Grenadines,VCT,Americas,Latin America and the Caribbean,mpi,Multidimensional Poverty Index,,,,country-specific survey year,Global MPI 2025,higher_worse,TRUE,TRUE,109,,,,
Saint Vincent and the Grenadines,VCT,Americas,Latin America and the Caribbean,ghi,Global Hunger Index,,,,2025,2025,higher_worse,TRUE,TRUE,98,,,,
Saint Vincent and the Grenadines,VCT,Americas,Latin America and the Caribbean,ghs,Global Health Security Index,St Vincent & The Grenadines,33.5,,2021,2021,lower_worse,TRUE,TRUE,193,84,5,FALSE,FALSE
Saint Vincent and the Grenadines,VCT,Americas,Latin America and the Caribbean,wps,"Women, Peace and Security Index",,,,2025,2025/26,lower_worse,TRUE,TRUE,177,,,,
Saint Vincent and the Grenadines,VCT,Americas,Latin America and the Caribbean,un_mvi,UN Multidimensional Vulnerability Index,Saint Vincent and the Grenadines,61.8,,2023,High-Level Panel results,higher_worse,TRUE,TRUE,142,21,2,FALSE,TRUE
Saint Vincent and the Grenadines,VCT,Americas,Latin America and the Caribbean,debt_distress,Debt-distress classification,St. Vincent and the Grenadines,3,High,7/22/2024,31 March 2026,higher_worse,FALSE,FALSE,67,,,,
Saint Vincent and the Grenadines,VCT,Americas,Latin America and the Caribbean,searo,Sexual Exploitation and Abuse Risk Overview,,,,December 2025,2026 v1.2,higher_worse,TRUE,TRUE,38,,,,
Saint Vincent and the Grenadines,VCT,Americas,Latin America and the Caribbean,disaster_displacement,Disaster Displacement Risk Model,,,,current climate,GDRM 2.0,higher_worse,TRUE,TRUE,0,,,,
Saint Vincent and the Grenadines,VCT,Americas,Latin America and the Caribbean,internal_displacement,Internal Displacement Index,,,,2022,IDI 2023 publication,lower_worse,TRUE,TRUE,44,,,,
Samoa,WSM,Oceania,Polynesia,inform_risk,INFORM Risk,Samoa,2.7,,2026,2026 v0.7.2,higher_worse,TRUE,TRUE,191,135,8,FALSE,FALSE
Samoa,WSM,Oceania,Polynesia,inform_severity,INFORM Severity,,,,2026-06,June 2026,higher_worse,TRUE,TRUE,65,,,,
Samoa,WSM,Oceania,Polynesia,underfunded_crisis,Underfunded Crisis Index,,,,2021-2025 cumulative,2025,lower_worse,TRUE,TRUE,27,,,,
Samoa,WSM,Oceania,Polynesia,oecd_fragility,OECD Multidimensional Fragility,,,,predominantly 2023,States of Fragility 2025,lower_worse,TRUE,TRUE,61,,,,
Samoa,WSM,Oceania,Polynesia,worldrisk,WorldRiskIndex,Samoa,3.1,,2025,2025,higher_worse,TRUE,TRUE,193,119,7,FALSE,FALSE
Samoa,WSM,Oceania,Polynesia,nd_gain,ND-GAIN Country Index,Samoa,40.0995583421088,,2024,2026 release,lower_worse,TRUE,TRUE,190,49,3,FALSE,FALSE
Samoa,WSM,Oceania,Polynesia,hdi,Human Development Index,Samoa,0.708,,2023,Human Development Report 2025,lower_worse,TRUE,TRUE,192,72,4,FALSE,FALSE
Samoa,WSM,Oceania,Polynesia,mpi,Multidimensional Poverty Index,Samoa,0.02460049,,2019/2020 M,Global MPI 2025,higher_worse,TRUE,TRUE,109,65,6,FALSE,FALSE
Samoa,WSM,Oceania,Polynesia,ghi,Global Hunger Index,,,,2025,2025,higher_worse,TRUE,TRUE,98,,,,
Samoa,WSM,Oceania,Polynesia,ghs,Global Health Security Index,Samoa,28.8,,2021,2021,lower_worse,TRUE,TRUE,193,48,3,FALSE,FALSE
Samoa,WSM,Oceania,Polynesia,wps,"Women, Peace and Security Index",Samoa,0.685,,2025,2025/26,lower_worse,TRUE,TRUE,177,89,5,FALSE,FALSE
Samoa,WSM,Oceania,Polynesia,un_mvi,UN Multidimensional Vulnerability Index,Samoa,62.5,,2023,High-Level Panel results,higher_worse,TRUE,TRUE,142,19,2,FALSE,TRUE
Samoa,WSM,Oceania,Polynesia,debt_distress,Debt-distress classification,Samoa,2,Moderate,1/31/2025,31 March 2026,higher_worse,FALSE,FALSE,67,,,,
Samoa,WSM,Oceania,Polynesia,searo,Sexual Exploitation and Abuse Risk Overview,,,,December 2025,2026 v1.2,higher_worse,TRUE,TRUE,38,,,,
Samoa,WSM,Oceania,Polynesia,disaster_displacement,Disaster Displacement Risk Model,,,,current climate,GDRM 2.0,higher_worse,TRUE,TRUE,0,,,,
Samoa,WSM,Oceania,Polynesia,internal_displacement,Internal Displacement Index,,,,2022,IDI 2023 publication,lower_worse,TRUE,TRUE,44,,,,
San Marino,SMR,Europe,Southern Europe,inform_risk,INFORM Risk,,,,2026,2026 v0.7.2,higher_worse,TRUE,TRUE,191,,,,
San Marino,SMR,Europe,Southern Europe,inform_severity,INFORM Severity,,,,2026-06,June 2026,higher_worse,TRUE,TRUE,65,,,,
San Marino,SMR,Europe,Southern Europe,underfunded_crisis,Underfunded Crisis Index,,,,2021-2025 cumulative,2025,lower_worse,TRUE,TRUE,27,,,,
San Marino,SMR,Europe,Southern Europe,oecd_fragility,OECD Multidimensional Fragility,,,,predominantly 2023,States of Fragility 2025,lower_worse,TRUE,TRUE,61,,,,
San Marino,SMR,Europe,Southern Europe,worldrisk,WorldRiskIndex,San Marino,0.35,,2025,2025,higher_worse,TRUE,TRUE,193,191,10,FALSE,FALSE
San Marino,SMR,Europe,Southern Europe,nd_gain,ND-GAIN Country Index,,,,2024,2026 release,lower_worse,TRUE,TRUE,190,,,,
San Marino,SMR,Europe,Southern Europe,hdi,Human Development Index,San Marino,0.915,,2023,Human Development Report 2025,lower_worse,TRUE,TRUE,192,163,9,FALSE,FALSE
San Marino,SMR,Europe,Southern Europe,mpi,Multidimensional Poverty Index,,,,country-specific survey year,Global MPI 2025,higher_worse,TRUE,TRUE,109,,,,
San Marino,SMR,Europe,Southern Europe,ghi,Global Hunger Index,,,,2025,2025,higher_worse,TRUE,TRUE,98,,,,
San Marino,SMR,Europe,Southern Europe,ghs,Global Health Security Index,San Marino,32.9,,2021,2021,lower_worse,TRUE,TRUE,193,80,5,FALSE,FALSE
San Marino,SMR,Europe,Southern Europe,wps,"Women, Peace and Security Index",,,,2025,2025/26,lower_worse,TRUE,TRUE,177,,,,
San Marino,SMR,Europe,Southern Europe,un_mvi,UN Multidimensional Vulnerability Index,,,,2023,High-Level Panel results,higher_worse,TRUE,TRUE,142,,,,
San Marino,SMR,Europe,Southern Europe,debt_distress,Debt-distress classification,,,,latest DSA as of 2026-03-31,31 March 2026,higher_worse,FALSE,FALSE,67,,,,
San Marino,SMR,Europe,Southern Europe,searo,Sexual Exploitation and Abuse Risk Overview,,,,December 2025,2026 v1.2,higher_worse,TRUE,TRUE,38,,,,
San Marino,SMR,Europe,Southern Europe,disaster_displacement,Disaster Displacement Risk Model,,,,current climate,GDRM 2.0,higher_worse,TRUE,TRUE,0,,,,
San Marino,SMR,Europe,Southern Europe,internal_displacement,Internal Displacement Index,,,,2022,IDI 2023 publication,lower_worse,TRUE,TRUE,44,,,,
Sao Tome and Principe,STP,Africa,Sub-Saharan Africa,inform_risk,INFORM Risk,Sao Tome and Principe,2.5,,2026,2026 v0.7.2,higher_worse,TRUE,TRUE,191,148,8,FALSE,FALSE
Sao Tome and Principe,STP,Africa,Sub-Saharan Africa,inform_severity,INFORM Severity,,,,2026-06,June 2026,higher_worse,TRUE,TRUE,65,,,,
Sao Tome and Principe,STP,Africa,Sub-Saharan Africa,underfunded_crisis,Underfunded Crisis Index,,,,2021-2025 cumulative,2025,lower_worse,TRUE,TRUE,27,,,,
Sao Tome and Principe,STP,Africa,Sub-Saharan Africa,oecd_fragility,OECD Multidimensional Fragility,,,,predominantly 2023,States of Fragility 2025,lower_worse,TRUE,TRUE,61,,,,
Sao Tome and Principe,STP,Africa,Sub-Saharan Africa,worldrisk,WorldRiskIndex,Sao Tome and Principe,0.61,,2025,2025,higher_worse,TRUE,TRUE,193,189,10,FALSE,FALSE
Sao Tome and Principe,STP,Africa,Sub-Saharan Africa,nd_gain,ND-GAIN Country Index,Sao Tome and Principe,41.6174483396063,,2024,2026 release,lower_worse,TRUE,TRUE,190,57,3,FALSE,FALSE
Sao Tome and Principe,STP,Africa,Sub-Saharan Africa,hdi,Human Development Index,Sao Tome and Principe,0.637,,2023,Human Development Report 2025,lower_worse,TRUE,TRUE,192,53,3,FALSE,FALSE
Sao Tome and Principe,STP,Africa,Sub-Saharan Africa,mpi,Multidimensional Poverty Index,Sao Tome and Principe,0.047923375,,2019 M,Global MPI 2025,higher_worse,TRUE,TRUE,109,54,5,FALSE,FALSE
Sao Tome and Principe,STP,Africa,Sub-Saharan Africa,ghi,Global Hunger Index,,,,2025,2025,higher_worse,TRUE,TRUE,98,,,,
Sao Tome and Principe,STP,Africa,Sub-Saharan Africa,ghs,Global Health Security Index,São Tomé and Príncipe,26.6,,2021,2021,lower_worse,TRUE,TRUE,193,36,2,FALSE,TRUE
Sao Tome and Principe,STP,Africa,Sub-Saharan Africa,wps,"Women, Peace and Security Index",São Tomé and Príncipe,0.62,,2025,2025/26,lower_worse,TRUE,TRUE,177,58,4,FALSE,FALSE
Sao Tome and Principe,STP,Africa,Sub-Saharan Africa,un_mvi,UN Multidimensional Vulnerability Index,Sao Tome and Principe,53.5,,2023,High-Level Panel results,higher_worse,TRUE,TRUE,142,67,5,FALSE,FALSE
Sao Tome and Principe,STP,Africa,Sub-Saharan Africa,debt_distress,Debt-distress classification,São Tomé and Príncipe,4,In debt distress,12/23/2025,31 March 2026,higher_worse,FALSE,FALSE,67,,,,
Sao Tome and Principe,STP,Africa,Sub-Saharan Africa,searo,Sexual Exploitation and Abuse Risk Overview,,,,December 2025,2026 v1.2,higher_worse,TRUE,TRUE,38,,,,
Sao Tome and Principe,STP,Africa,Sub-Saharan Africa,disaster_displacement,Disaster Displacement Risk Model,,,,current climate,GDRM 2.0,higher_worse,TRUE,TRUE,0,,,,
Sao Tome and Principe,STP,Africa,Sub-Saharan Africa,internal_displacement,Internal Displacement Index,,,,2022,IDI 2023 publication,lower_worse,TRUE,TRUE,44,,,,
Saudi Arabia,SAU,Asia,Western Asia,inform_risk,INFORM Risk,Saudi Arabia,2.7,,2026,2026 v0.7.2,higher_worse,TRUE,TRUE,191,135,8,FALSE,FALSE
Saudi Arabia,SAU,Asia,Western Asia,inform_severity,INFORM Severity,,,,2026-06,June 2026,higher_worse,TRUE,TRUE,65,,,,
Saudi Arabia,SAU,Asia,Western Asia,underfunded_crisis,Underfunded Crisis Index,,,,2021-2025 cumulative,2025,lower_worse,TRUE,TRUE,27,,,,
Saudi Arabia,SAU,Asia,Western Asia,oecd_fragility,OECD Multidimensional Fragility,,,,predominantly 2023,States of Fragility 2025,lower_worse,TRUE,TRUE,61,,,,
Saudi Arabia,SAU,Asia,Western Asia,worldrisk,WorldRiskIndex,Saudi Arabia,9.67,,2025,2025,higher_worse,TRUE,TRUE,193,57,3,FALSE,FALSE
Saudi Arabia,SAU,Asia,Western Asia,nd_gain,ND-GAIN Country Index,Saudi Arabia,51.1188353153229,,2024,2026 release,lower_worse,TRUE,TRUE,190,120,7,FALSE,FALSE
Saudi Arabia,SAU,Asia,Western Asia,hdi,Human Development Index,Saudi Arabia,0.9,,2023,Human Development Report 2025,lower_worse,TRUE,TRUE,192,157,9,FALSE,FALSE
Saudi Arabia,SAU,Asia,Western Asia,mpi,Multidimensional Poverty Index,,,,country-specific survey year,Global MPI 2025,higher_worse,TRUE,TRUE,109,,,,
Saudi Arabia,SAU,Asia,Western Asia,ghi,Global Hunger Index,Saudi Arabia,5.9,5.9,2025,2025,higher_worse,TRUE,TRUE,98,94,10,FALSE,FALSE
Saudi Arabia,SAU,Asia,Western Asia,ghs,Global Health Security Index,Saudi Arabia,44.9,,2021,2021,lower_worse,TRUE,TRUE,193,133,7,FALSE,FALSE
Saudi Arabia,SAU,Asia,Western Asia,wps,"Women, Peace and Security Index",Saudi Arabia,0.739,,2025,2025/26,lower_worse,TRUE,TRUE,177,114,7,FALSE,FALSE
Saudi Arabia,SAU,Asia,Western Asia,un_mvi,UN Multidimensional Vulnerability Index,Saudi Arabia,55.2,,2023,High-Level Panel results,higher_worse,TRUE,TRUE,142,55,4,FALSE,FALSE
Saudi Arabia,SAU,Asia,Western Asia,debt_distress,Debt-distress classification,,,,latest DSA as of 2026-03-31,31 March 2026,higher_worse,FALSE,FALSE,67,,,,
Saudi Arabia,SAU,Asia,Western Asia,searo,Sexual Exploitation and Abuse Risk Overview,,,,December 2025,2026 v1.2,higher_worse,TRUE,TRUE,38,,,,
Saudi Arabia,SAU,Asia,Western Asia,disaster_displacement,Disaster Displacement Risk Model,,,,current climate,GDRM 2.0,higher_worse,TRUE,TRUE,0,,,,
Saudi Arabia,SAU,Asia,Western Asia,internal_displacement,Internal Displacement Index,,,,2022,IDI 2023 publication,lower_worse,TRUE,TRUE,44,,,,
Senegal,SEN,Africa,Sub-Saharan Africa,inform_risk,INFORM Risk,Senegal,4.7,,2026,2026 v0.7.2,higher_worse,TRUE,TRUE,191,66,4,FALSE,FALSE
Senegal,SEN,Africa,Sub-Saharan Africa,inform_severity,INFORM Severity,,,,2026-06,June 2026,higher_worse,TRUE,TRUE,65,,,,
Senegal,SEN,Africa,Sub-Saharan Africa,underfunded_crisis,Underfunded Crisis Index,,,,2021-2025 cumulative,2025,lower_worse,TRUE,TRUE,27,,,,
Senegal,SEN,Africa,Sub-Saharan Africa,oecd_fragility,OECD Multidimensional Fragility,,,,predominantly 2023,States of Fragility 2025,lower_worse,TRUE,TRUE,61,,,,
Senegal,SEN,Africa,Sub-Saharan Africa,worldrisk,WorldRiskIndex,Senegal,4.87,,2025,2025,higher_worse,TRUE,TRUE,193,86,5,FALSE,FALSE
Senegal,SEN,Africa,Sub-Saharan Africa,nd_gain,ND-GAIN Country Index,Senegal,42.3346634410842,,2024,2026 release,lower_worse,TRUE,TRUE,190,62,4,FALSE,FALSE
Senegal,SEN,Africa,Sub-Saharan Africa,hdi,Human Development Index,Senegal,0.53,,2023,Human Development Report 2025,lower_worse,TRUE,TRUE,192,25,2,FALSE,TRUE
Senegal,SEN,Africa,Sub-Saharan Africa,mpi,Multidimensional Poverty Index,Senegal,0.22621569,,2023 D,Global MPI 2025,higher_worse,TRUE,TRUE,109,26,3,FALSE,FALSE
Senegal,SEN,Africa,Sub-Saharan Africa,ghi,Global Hunger Index,Senegal,15.6,15.6,2025,2025,higher_worse,TRUE,TRUE,98,48,5,FALSE,FALSE
Senegal,SEN,Africa,Sub-Saharan Africa,ghs,Global Health Security Index,Senegal,32.8,,2021,2021,lower_worse,TRUE,TRUE,193,79,5,FALSE,FALSE
Senegal,SEN,Africa,Sub-Saharan Africa,wps,"Women, Peace and Security Index",Senegal,0.657,,2025,2025/26,lower_worse,TRUE,TRUE,177,72,5,FALSE,FALSE
Senegal,SEN,Africa,Sub-Saharan Africa,un_mvi,UN Multidimensional Vulnerability Index,Senegal,46.3,,2023,High-Level Panel results,higher_worse,TRUE,TRUE,142,106,8,FALSE,FALSE
Senegal,SEN,Africa,Sub-Saharan Africa,debt_distress,Debt-distress classification,Senegal,2,Moderate,7/7/2023,31 March 2026,higher_worse,FALSE,FALSE,67,,,,
Senegal,SEN,Africa,Sub-Saharan Africa,searo,Sexual Exploitation and Abuse Risk Overview,,,,December 2025,2026 v1.2,higher_worse,TRUE,TRUE,38,,,,
Senegal,SEN,Africa,Sub-Saharan Africa,disaster_displacement,Disaster Displacement Risk Model,,,,current climate,GDRM 2.0,higher_worse,TRUE,TRUE,0,,,,
Senegal,SEN,Africa,Sub-Saharan Africa,internal_displacement,Internal Displacement Index,Senegal,0.6495994473997452,,2022,IDI 2023 publication,lower_worse,TRUE,TRUE,44,3,1,TRUE,TRUE
Serbia,SRB,Europe,Southern Europe,inform_risk,INFORM Risk,Serbia,3.5,,2026,2026 v0.7.2,higher_worse,TRUE,TRUE,191,102,6,FALSE,FALSE
Serbia,SRB,Europe,Southern Europe,inform_severity,INFORM Severity,,,,2026-06,June 2026,higher_worse,TRUE,TRUE,65,,,,
Serbia,SRB,Europe,Southern Europe,underfunded_crisis,Underfunded Crisis Index,,,,2021-2025 cumulative,2025,lower_worse,TRUE,TRUE,27,,,,
Serbia,SRB,Europe,Southern Europe,oecd_fragility,OECD Multidimensional Fragility,,,,predominantly 2023,States of Fragility 2025,lower_worse,TRUE,TRUE,61,,,,
Serbia,SRB,Europe,Southern Europe,worldrisk,WorldRiskIndex,Serbia,1.75,,2025,2025,higher_worse,TRUE,TRUE,193,160,9,FALSE,FALSE
Serbia,SRB,Europe,Southern Europe,nd_gain,ND-GAIN Country Index,Serbia,50.4689121273324,,2024,2026 release,lower_worse,TRUE,TRUE,190,118,7,FALSE,FALSE
Serbia,SRB,Europe,Southern Europe,hdi,Human Development Index,Serbia,0.833,,2023,Human Development Report 2025,lower_worse,TRUE,TRUE,192,131,7,FALSE,FALSE
Serbia,SRB,Europe,Southern Europe,mpi,Multidimensional Poverty Index,Serbia,4.33114e-4,,2019 M,Global MPI 2025,higher_worse,TRUE,TRUE,109,109,10,FALSE,FALSE
Serbia,SRB,Europe,Southern Europe,ghi,Global Hunger Index,Serbia,,<5,2025,2025,higher_worse,TRUE,TRUE,98,,,,
Serbia,SRB,Europe,Southern Europe,ghs,Global Health Security Index,Serbia,45,,2021,2021,lower_worse,TRUE,TRUE,193,134,7,FALSE,FALSE
Serbia,SRB,Europe,Southern Europe,wps,"Women, Peace and Security Index",Serbia,0.844,,2025,2025/26,lower_worse,TRUE,TRUE,177,150,9,FALSE,FALSE
Serbia,SRB,Europe,Southern Europe,un_mvi,UN Multidimensional Vulnerability Index,,,,2023,High-Level Panel results,higher_worse,TRUE,TRUE,142,,,,
Serbia,SRB,Europe,Southern Europe,debt_distress,Debt-distress classification,,,,latest DSA as of 2026-03-31,31 March 2026,higher_worse,FALSE,FALSE,67,,,,
Serbia,SRB,Europe,Southern Europe,searo,Sexual Exploitation and Abuse Risk Overview,,,,December 2025,2026 v1.2,higher_worse,TRUE,TRUE,38,,,,
Serbia,SRB,Europe,Southern Europe,disaster_displacement,Disaster Displacement Risk Model,,,,current climate,GDRM 2.0,higher_worse,TRUE,TRUE,0,,,,
Serbia,SRB,Europe,Southern Europe,internal_displacement,Internal Displacement Index,,,,2022,IDI 2023 publication,lower_worse,TRUE,TRUE,44,,,,
Seychelles,SYC,Africa,Sub-Saharan Africa,inform_risk,INFORM Risk,Seychelles,1.4,,2026,2026 v0.7.2,higher_worse,TRUE,TRUE,191,186,10,FALSE,FALSE
Seychelles,SYC,Africa,Sub-Saharan Africa,inform_severity,INFORM Severity,,,,2026-06,June 2026,higher_worse,TRUE,TRUE,65,,,,
Seychelles,SYC,Africa,Sub-Saharan Africa,underfunded_crisis,Underfunded Crisis Index,,,,2021-2025 cumulative,2025,lower_worse,TRUE,TRUE,27,,,,
Seychelles,SYC,Africa,Sub-Saharan Africa,oecd_fragility,OECD Multidimensional Fragility,,,,predominantly 2023,States of Fragility 2025,lower_worse,TRUE,TRUE,61,,,,
Seychelles,SYC,Africa,Sub-Saharan Africa,worldrisk,WorldRiskIndex,Seychelles,2.68,,2025,2025,higher_worse,TRUE,TRUE,193,135,7,FALSE,FALSE
Seychelles,SYC,Africa,Sub-Saharan Africa,nd_gain,ND-GAIN Country Index,Seychelles,48.6772819526412,,2024,2026 release,lower_worse,TRUE,TRUE,190,107,6,FALSE,FALSE
Seychelles,SYC,Africa,Sub-Saharan Africa,hdi,Human Development Index,Seychelles,0.848,,2023,Human Development Report 2025,lower_worse,TRUE,TRUE,192,140,8,FALSE,FALSE
Seychelles,SYC,Africa,Sub-Saharan Africa,mpi,Multidimensional Poverty Index,Seychelles,0.002963461,,2019 N,Global MPI 2025,higher_worse,TRUE,TRUE,109,93,9,FALSE,FALSE
Seychelles,SYC,Africa,Sub-Saharan Africa,ghi,Global Hunger Index,,,,2025,2025,higher_worse,TRUE,TRUE,98,,,,
Seychelles,SYC,Africa,Sub-Saharan Africa,ghs,Global Health Security Index,Seychelles,31.8,,2021,2021,lower_worse,TRUE,TRUE,193,73,4,FALSE,FALSE
Seychelles,SYC,Africa,Sub-Saharan Africa,wps,"Women, Peace and Security Index",Seychelles,0.81,,2025,2025/26,lower_worse,TRUE,TRUE,177,139,8,FALSE,FALSE
Seychelles,SYC,Africa,Sub-Saharan Africa,un_mvi,UN Multidimensional Vulnerability Index,Seychelles,54.5,,2023,High-Level Panel results,higher_worse,TRUE,TRUE,142,61,5,FALSE,FALSE
Seychelles,SYC,Africa,Sub-Saharan Africa,debt_distress,Debt-distress classification,,,,latest DSA as of 2026-03-31,31 March 2026,higher_worse,FALSE,FALSE,67,,,,
Seychelles,SYC,Africa,Sub-Saharan Africa,searo,Sexual Exploitation and Abuse Risk Overview,,,,December 2025,2026 v1.2,higher_worse,TRUE,TRUE,38,,,,
Seychelles,SYC,Africa,Sub-Saharan Africa,disaster_displacement,Disaster Displacement Risk Model,,,,current climate,GDRM 2.0,higher_worse,TRUE,TRUE,0,,,,
Seychelles,SYC,Africa,Sub-Saharan Africa,internal_displacement,Internal Displacement Index,,,,2022,IDI 2023 publication,lower_worse,TRUE,TRUE,44,,,,
Sierra Leone,SLE,Africa,Sub-Saharan Africa,inform_risk,INFORM Risk,Sierra Leone,5.1,,2026,2026 v0.7.2,higher_worse,TRUE,TRUE,191,54,3,FALSE,FALSE
Sierra Leone,SLE,Africa,Sub-Saharan Africa,inform_severity,INFORM Severity,,,,2026-06,June 2026,higher_worse,TRUE,TRUE,65,,,,
Sierra Leone,SLE,Africa,Sub-Saharan Africa,underfunded_crisis,Underfunded Crisis Index,,,,2021-2025 cumulative,2025,lower_worse,TRUE,TRUE,27,,,,
Sierra Leone,SLE,Africa,Sub-Saharan Africa,oecd_fragility,OECD Multidimensional Fragility,Sierra Leone,-1.72513302346964,,predominantly 2023,States of Fragility 2025,lower_worse,TRUE,TRUE,61,44,8,FALSE,FALSE
Sierra Leone,SLE,Africa,Sub-Saharan Africa,worldrisk,WorldRiskIndex,Sierra Leone,4.96,,2025,2025,higher_worse,TRUE,TRUE,193,83,5,FALSE,FALSE
Sierra Leone,SLE,Africa,Sub-Saharan Africa,nd_gain,ND-GAIN Country Index,Sierra Leone,33.1870610952485,,2024,2026 release,lower_worse,TRUE,TRUE,190,12,1,TRUE,TRUE
Sierra Leone,SLE,Africa,Sub-Saharan Africa,hdi,Human Development Index,Sierra Leone,0.467,,2023,Human Development Report 2025,lower_worse,TRUE,TRUE,192,9,1,TRUE,TRUE
Sierra Leone,SLE,Africa,Sub-Saharan Africa,mpi,Multidimensional Poverty Index,Sierra Leone,0.292899307,,2019 D,Global MPI 2025,higher_worse,TRUE,TRUE,109,15,2,FALSE,TRUE
Sierra Leone,SLE,Africa,Sub-Saharan Africa,ghi,Global Hunger Index,Sierra Leone,28.5,28.5,2025,2025,higher_worse,TRUE,TRUE,98,16,2,FALSE,TRUE
Sierra Leone,SLE,Africa,Sub-Saharan Africa,ghs,Global Health Security Index,Sierra Leone,32.7,,2021,2021,lower_worse,TRUE,TRUE,193,78,4,FALSE,FALSE
Sierra Leone,SLE,Africa,Sub-Saharan Africa,wps,"Women, Peace and Security Index",Sierra Leone,0.601,,2025,2025/26,lower_worse,TRUE,TRUE,177,48,3,FALSE,FALSE
Sierra Leone,SLE,Africa,Sub-Saharan Africa,un_mvi,UN Multidimensional Vulnerability Index,Sierra Leone,54.9,,2023,High-Level Panel results,higher_worse,TRUE,TRUE,142,58,5,FALSE,FALSE
Sierra Leone,SLE,Africa,Sub-Saharan Africa,debt_distress,Debt-distress classification,Sierra Leone,3,High,2/13/2026,31 March 2026,higher_worse,FALSE,FALSE,67,,,,
Sierra Leone,SLE,Africa,Sub-Saharan Africa,searo,Sexual Exploitation and Abuse Risk Overview,,,,December 2025,2026 v1.2,higher_worse,TRUE,TRUE,38,,,,
Sierra Leone,SLE,Africa,Sub-Saharan Africa,disaster_displacement,Disaster Displacement Risk Model,,,,current climate,GDRM 2.0,higher_worse,TRUE,TRUE,0,,,,
Sierra Leone,SLE,Africa,Sub-Saharan Africa,internal_displacement,Internal Displacement Index,Sierra Leone,0.7704374409015428,,2022,IDI 2023 publication,lower_worse,TRUE,TRUE,44,30,7,FALSE,FALSE
Singapore,SGP,Asia,South-eastern Asia,inform_risk,INFORM Risk,Singapore,0.7,,2026,2026 v0.7.2,higher_worse,TRUE,TRUE,191,191,10,FALSE,FALSE
Singapore,SGP,Asia,South-eastern Asia,inform_severity,INFORM Severity,,,,2026-06,June 2026,higher_worse,TRUE,TRUE,65,,,,
Singapore,SGP,Asia,South-eastern Asia,underfunded_crisis,Underfunded Crisis Index,,,,2021-2025 cumulative,2025,lower_worse,TRUE,TRUE,27,,,,
Singapore,SGP,Asia,South-eastern Asia,oecd_fragility,OECD Multidimensional Fragility,,,,predominantly 2023,States of Fragility 2025,lower_worse,TRUE,TRUE,61,,,,
Singapore,SGP,Asia,South-eastern Asia,worldrisk,WorldRiskIndex,Singapore,0.67,,2025,2025,higher_worse,TRUE,TRUE,193,188,10,FALSE,FALSE
Singapore,SGP,Asia,South-eastern Asia,nd_gain,ND-GAIN Country Index,Singapore,68.4990657029173,,2024,2026 release,lower_worse,TRUE,TRUE,190,185,10,FALSE,FALSE
Singapore,SGP,Asia,South-eastern Asia,hdi,Human Development Index,Singapore,0.946,,2023,Human Development Report 2025,lower_worse,TRUE,TRUE,192,180,10,FALSE,FALSE
Singapore,SGP,Asia,South-eastern Asia,mpi,Multidimensional Poverty Index,,,,country-specific survey year,Global MPI 2025,higher_worse,TRUE,TRUE,109,,,,
Singapore,SGP,Asia,South-eastern Asia,ghi,Global Hunger Index,,,,2025,2025,higher_worse,TRUE,TRUE,98,,,,
Singapore,SGP,Asia,South-eastern Asia,ghs,Global Health Security Index,Singapore,57.4,,2021,2021,lower_worse,TRUE,TRUE,193,170,9,FALSE,FALSE
Singapore,SGP,Asia,South-eastern Asia,wps,"Women, Peace and Security Index",Singapore,0.884,,2025,2025/26,lower_worse,TRUE,TRUE,177,160,9,FALSE,FALSE
Singapore,SGP,Asia,South-eastern Asia,un_mvi,UN Multidimensional Vulnerability Index,Singapore,52.4,,2023,High-Level Panel results,higher_worse,TRUE,TRUE,142,73,6,FALSE,FALSE
Singapore,SGP,Asia,South-eastern Asia,debt_distress,Debt-distress classification,,,,latest DSA as of 2026-03-31,31 March 2026,higher_worse,FALSE,FALSE,67,,,,
Singapore,SGP,Asia,South-eastern Asia,searo,Sexual Exploitation and Abuse Risk Overview,,,,December 2025,2026 v1.2,higher_worse,TRUE,TRUE,38,,,,
Singapore,SGP,Asia,South-eastern Asia,disaster_displacement,Disaster Displacement Risk Model,,,,current climate,GDRM 2.0,higher_worse,TRUE,TRUE,0,,,,
Singapore,SGP,Asia,South-eastern Asia,internal_displacement,Internal Displacement Index,,,,2022,IDI 2023 publication,lower_worse,TRUE,TRUE,44,,,,
Slovakia,SVK,Europe,Eastern Europe,inform_risk,INFORM Risk,Slovakia,2.9,,2026,2026 v0.7.2,higher_worse,TRUE,TRUE,191,124,7,FALSE,FALSE
Slovakia,SVK,Europe,Eastern Europe,inform_severity,INFORM Severity,,,,2026-06,June 2026,higher_worse,TRUE,TRUE,65,,,,
Slovakia,SVK,Europe,Eastern Europe,underfunded_crisis,Underfunded Crisis Index,,,,2021-2025 cumulative,2025,lower_worse,TRUE,TRUE,27,,,,
Slovakia,SVK,Europe,Eastern Europe,oecd_fragility,OECD Multidimensional Fragility,,,,predominantly 2023,States of Fragility 2025,lower_worse,TRUE,TRUE,61,,,,
Slovakia,SVK,Europe,Eastern Europe,worldrisk,WorldRiskIndex,Slovakia,1.11,,2025,2025,higher_worse,TRUE,TRUE,193,176,10,FALSE,FALSE
Slovakia,SVK,Europe,Eastern Europe,nd_gain,ND-GAIN Country Index,Slovakia,58.2980327657845,,2024,2026 release,lower_worse,TRUE,TRUE,190,153,9,FALSE,FALSE
Slovakia,SVK,Europe,Eastern Europe,hdi,Human Development Index,Slovakia,0.88,,2023,Human Development Report 2025,lower_worse,TRUE,TRUE,192,150,8,FALSE,FALSE
Slovakia,SVK,Europe,Eastern Europe,mpi,Multidimensional Poverty Index,,,,country-specific survey year,Global MPI 2025,higher_worse,TRUE,TRUE,109,,,,
Slovakia,SVK,Europe,Eastern Europe,ghi,Global Hunger Index,Slovakia,,<5,2025,2025,higher_worse,TRUE,TRUE,98,,,,
Slovakia,SVK,Europe,Eastern Europe,ghs,Global Health Security Index,Slovakia,54.4,,2021,2021,lower_worse,TRUE,TRUE,193,158,9,FALSE,FALSE
Slovakia,SVK,Europe,Eastern Europe,wps,"Women, Peace and Security Index",Slovakia,0.797,,2025,2025/26,lower_worse,TRUE,TRUE,177,134,8,FALSE,FALSE
Slovakia,SVK,Europe,Eastern Europe,un_mvi,UN Multidimensional Vulnerability Index,,,,2023,High-Level Panel results,higher_worse,TRUE,TRUE,142,,,,
Slovakia,SVK,Europe,Eastern Europe,debt_distress,Debt-distress classification,,,,latest DSA as of 2026-03-31,31 March 2026,higher_worse,FALSE,FALSE,67,,,,
Slovakia,SVK,Europe,Eastern Europe,searo,Sexual Exploitation and Abuse Risk Overview,,,,December 2025,2026 v1.2,higher_worse,TRUE,TRUE,38,,,,
Slovakia,SVK,Europe,Eastern Europe,disaster_displacement,Disaster Displacement Risk Model,,,,current climate,GDRM 2.0,higher_worse,TRUE,TRUE,0,,,,
Slovakia,SVK,Europe,Eastern Europe,internal_displacement,Internal Displacement Index,,,,2022,IDI 2023 publication,lower_worse,TRUE,TRUE,44,,,,
Slovenia,SVN,Europe,Southern Europe,inform_risk,INFORM Risk,Slovenia,2.5,,2026,2026 v0.7.2,higher_worse,TRUE,TRUE,191,148,8,FALSE,FALSE
Slovenia,SVN,Europe,Southern Europe,inform_severity,INFORM Severity,,,,2026-06,June 2026,higher_worse,TRUE,TRUE,65,,,,
Slovenia,SVN,Europe,Southern Europe,underfunded_crisis,Underfunded Crisis Index,,,,2021-2025 cumulative,2025,lower_worse,TRUE,TRUE,27,,,,
Slovenia,SVN,Europe,Southern Europe,oecd_fragility,OECD Multidimensional Fragility,,,,predominantly 2023,States of Fragility 2025,lower_worse,TRUE,TRUE,61,,,,
Slovenia,SVN,Europe,Southern Europe,worldrisk,WorldRiskIndex,Slovenia,2.22,,2025,2025,higher_worse,TRUE,TRUE,193,149,8,FALSE,FALSE
Slovenia,SVN,Europe,Southern Europe,nd_gain,ND-GAIN Country Index,Slovenia,63.1558407672381,,2024,2026 release,lower_worse,TRUE,TRUE,190,168,9,FALSE,FALSE
Slovenia,SVN,Europe,Southern Europe,hdi,Human Development Index,Slovenia,0.931,,2023,Human Development Report 2025,lower_worse,TRUE,TRUE,192,173,9,FALSE,FALSE
Slovenia,SVN,Europe,Southern Europe,mpi,Multidimensional Poverty Index,,,,country-specific survey year,Global MPI 2025,higher_worse,TRUE,TRUE,109,,,,
Slovenia,SVN,Europe,Southern Europe,ghi,Global Hunger Index,,,,2025,2025,higher_worse,TRUE,TRUE,98,,,,
Slovenia,SVN,Europe,Southern Europe,ghs,Global Health Security Index,Slovenia,67.8,,2021,2021,lower_worse,TRUE,TRUE,193,188,10,FALSE,FALSE
Slovenia,SVN,Europe,Southern Europe,wps,"Women, Peace and Security Index",Slovenia,0.889,,2025,2025/26,lower_worse,TRUE,TRUE,177,164,10,FALSE,FALSE
Slovenia,SVN,Europe,Southern Europe,un_mvi,UN Multidimensional Vulnerability Index,,,,2023,High-Level Panel results,higher_worse,TRUE,TRUE,142,,,,
Slovenia,SVN,Europe,Southern Europe,debt_distress,Debt-distress classification,,,,latest DSA as of 2026-03-31,31 March 2026,higher_worse,FALSE,FALSE,67,,,,
Slovenia,SVN,Europe,Southern Europe,searo,Sexual Exploitation and Abuse Risk Overview,,,,December 2025,2026 v1.2,higher_worse,TRUE,TRUE,38,,,,
Slovenia,SVN,Europe,Southern Europe,disaster_displacement,Disaster Displacement Risk Model,,,,current climate,GDRM 2.0,higher_worse,TRUE,TRUE,0,,,,
Slovenia,SVN,Europe,Southern Europe,internal_displacement,Internal Displacement Index,,,,2022,IDI 2023 publication,lower_worse,TRUE,TRUE,44,,,,
Solomon Islands,SLB,Oceania,Melanesia,inform_risk,INFORM Risk,Solomon Islands,4.2,,2026,2026 v0.7.2,higher_worse,TRUE,TRUE,191,79,5,FALSE,FALSE
Solomon Islands,SLB,Oceania,Melanesia,inform_severity,INFORM Severity,,,,2026-06,June 2026,higher_worse,TRUE,TRUE,65,,,,
Solomon Islands,SLB,Oceania,Melanesia,underfunded_crisis,Underfunded Crisis Index,,,,2021-2025 cumulative,2025,lower_worse,TRUE,TRUE,27,,,,
Solomon Islands,SLB,Oceania,Melanesia,oecd_fragility,OECD Multidimensional Fragility,Solomon Islands,-1.31016362263344,,predominantly 2023,States of Fragility 2025,lower_worse,TRUE,TRUE,61,55,9,FALSE,FALSE
Solomon Islands,SLB,Oceania,Melanesia,worldrisk,WorldRiskIndex,Solomon Islands,15.04,,2025,2025,higher_worse,TRUE,TRUE,193,34,2,FALSE,TRUE
Solomon Islands,SLB,Oceania,Melanesia,nd_gain,ND-GAIN Country Index,Solomon Islands,38.0023089794536,,2024,2026 release,lower_worse,TRUE,TRUE,190,38,2,FALSE,TRUE
Solomon Islands,SLB,Oceania,Melanesia,hdi,Human Development Index,Solomon Islands,0.584,,2023,Human Development Report 2025,lower_worse,TRUE,TRUE,192,38,2,FALSE,TRUE
Solomon Islands,SLB,Oceania,Melanesia,mpi,Multidimensional Poverty Index,,,,country-specific survey year,Global MPI 2025,higher_worse,TRUE,TRUE,109,,,,
Solomon Islands,SLB,Oceania,Melanesia,ghi,Global Hunger Index,Solomon Islands,20.4,20.4,2025,2025,higher_worse,TRUE,TRUE,98,35,4,FALSE,FALSE
Solomon Islands,SLB,Oceania,Melanesia,ghs,Global Health Security Index,Solomon Islands,23.3,,2021,2021,lower_worse,TRUE,TRUE,193,15,1,TRUE,TRUE
Solomon Islands,SLB,Oceania,Melanesia,wps,"Women, Peace and Security Index",Solomon Islands,0.658,,2025,2025/26,lower_worse,TRUE,TRUE,177,73,5,FALSE,FALSE
Solomon Islands,SLB,Oceania,Melanesia,un_mvi,UN Multidimensional Vulnerability Index,Solomon Islands,55.9,,2023,High-Level Panel results,higher_worse,TRUE,TRUE,142,52,4,FALSE,FALSE
Solomon Islands,SLB,Oceania,Melanesia,debt_distress,Debt-distress classification,Solomon Islands,1,Low,2/25/2025,31 March 2026,higher_worse,FALSE,FALSE,67,,,,
Solomon Islands,SLB,Oceania,Melanesia,searo,Sexual Exploitation and Abuse Risk Overview,,,,December 2025,2026 v1.2,higher_worse,TRUE,TRUE,38,,,,
Solomon Islands,SLB,Oceania,Melanesia,disaster_displacement,Disaster Displacement Risk Model,,,,current climate,GDRM 2.0,higher_worse,TRUE,TRUE,0,,,,
Solomon Islands,SLB,Oceania,Melanesia,internal_displacement,Internal Displacement Index,,,,2022,IDI 2023 publication,lower_worse,TRUE,TRUE,44,,,,
Somalia,SOM,Africa,Sub-Saharan Africa,inform_risk,INFORM Risk,Somalia,8.1,,2026,2026 v0.7.2,higher_worse,TRUE,TRUE,191,2,1,TRUE,TRUE
Somalia,SOM,Africa,Sub-Saharan Africa,inform_severity,INFORM Severity,Somalia,8.8,,2026-06,June 2026,higher_worse,TRUE,TRUE,65,10,2,FALSE,TRUE
Somalia,SOM,Africa,Sub-Saharan Africa,underfunded_crisis,Underfunded Crisis Index,Somalia,69.0031179,69.0%,2021-2025 cumulative,2025,lower_worse,TRUE,TRUE,27,23,9,FALSE,FALSE
Somalia,SOM,Africa,Sub-Saharan Africa,oecd_fragility,OECD Multidimensional Fragility,Somalia,-4.45121346872256,,predominantly 2023,States of Fragility 2025,lower_worse,TRUE,TRUE,61,2,1,TRUE,TRUE
Somalia,SOM,Africa,Sub-Saharan Africa,worldrisk,WorldRiskIndex,Somalia,24.89,,2025,2025,higher_worse,TRUE,TRUE,193,15,1,TRUE,TRUE
Somalia,SOM,Africa,Sub-Saharan Africa,nd_gain,ND-GAIN Country Index,Somalia,26.9955318197297,,2024,2026 release,lower_worse,TRUE,TRUE,190,2,1,TRUE,TRUE
Somalia,SOM,Africa,Sub-Saharan Africa,hdi,Human Development Index,Somalia,0.404,,2023,Human Development Report 2025,lower_worse,TRUE,TRUE,192,2,1,TRUE,TRUE
Somalia,SOM,Africa,Sub-Saharan Africa,mpi,Multidimensional Poverty Index,,,,country-specific survey year,Global MPI 2025,higher_worse,TRUE,TRUE,109,,,,
Somalia,SOM,Africa,Sub-Saharan Africa,ghi,Global Hunger Index,Somalia,42.6,42.6,2025,2025,higher_worse,TRUE,TRUE,98,1,1,TRUE,TRUE
Somalia,SOM,Africa,Sub-Saharan Africa,ghs,Global Health Security Index,Somalia,16,,2021,2021,lower_worse,TRUE,TRUE,193,1,1,TRUE,TRUE
Somalia,SOM,Africa,Sub-Saharan Africa,wps,"Women, Peace and Security Index",Somalia,0.455,,2025,2025/26,lower_worse,TRUE,TRUE,177,12,1,TRUE,TRUE
Somalia,SOM,Africa,Sub-Saharan Africa,un_mvi,UN Multidimensional Vulnerability Index,Somalia,67.8,,2023,High-Level Panel results,higher_worse,TRUE,TRUE,142,6,1,TRUE,TRUE
Somalia,SOM,Africa,Sub-Saharan Africa,debt_distress,Debt-distress classification,Somalia,2,Moderate,12/16/2025,31 March 2026,higher_worse,FALSE,FALSE,67,,,,
Somalia,SOM,Africa,Sub-Saharan Africa,searo,Sexual Exploitation and Abuse Risk Overview,Somalia,6.608504501271905,,December 2025,2026 v1.2,higher_worse,TRUE,TRUE,38,10,3,FALSE,FALSE
Somalia,SOM,Africa,Sub-Saharan Africa,disaster_displacement,Disaster Displacement Risk Model,,,,current climate,GDRM 2.0,higher_worse,TRUE,TRUE,0,,,,
Somalia,SOM,Africa,Sub-Saharan Africa,internal_displacement,Internal Displacement Index,Somalia,0.6555022295351972,,2022,IDI 2023 publication,lower_worse,TRUE,TRUE,44,4,1,TRUE,TRUE
South Africa,ZAF,Africa,Sub-Saharan Africa,inform_risk,INFORM Risk,South Africa,5.1,,2026,2026 v0.7.2,higher_worse,TRUE,TRUE,191,54,3,FALSE,FALSE
South Africa,ZAF,Africa,Sub-Saharan Africa,inform_severity,INFORM Severity,,,,2026-06,June 2026,higher_worse,TRUE,TRUE,65,,,,
South Africa,ZAF,Africa,Sub-Saharan Africa,underfunded_crisis,Underfunded Crisis Index,,,,2021-2025 cumulative,2025,lower_worse,TRUE,TRUE,27,,,,
South Africa,ZAF,Africa,Sub-Saharan Africa,oecd_fragility,OECD Multidimensional Fragility,,,,predominantly 2023,States of Fragility 2025,lower_worse,TRUE,TRUE,61,,,,
South Africa,ZAF,Africa,Sub-Saharan Africa,worldrisk,WorldRiskIndex,South Africa,9.5,,2025,2025,higher_worse,TRUE,TRUE,193,58,3,FALSE,FALSE
South Africa,ZAF,Africa,Sub-Saharan Africa,nd_gain,ND-GAIN Country Index,South Africa,43.9664150660651,,2024,2026 release,lower_worse,TRUE,TRUE,190,75,4,FALSE,FALSE
South Africa,ZAF,Africa,Sub-Saharan Africa,hdi,Human Development Index,South Africa,0.741,,2023,Human Development Report 2025,lower_worse,TRUE,TRUE,192,88,5,FALSE,FALSE
South Africa,ZAF,Africa,Sub-Saharan Africa,mpi,Multidimensional Poverty Index,South Africa,0.024890643,,2016 D,Global MPI 2025,higher_worse,TRUE,TRUE,109,64,6,FALSE,FALSE
South Africa,ZAF,Africa,Sub-Saharan Africa,ghi,Global Hunger Index,South Africa,15.1,15.1,2025,2025,higher_worse,TRUE,TRUE,98,50,6,FALSE,FALSE
South Africa,ZAF,Africa,Sub-Saharan Africa,ghs,Global Health Security Index,South Africa,45.8,,2021,2021,lower_worse,TRUE,TRUE,193,138,8,FALSE,FALSE
South Africa,ZAF,Africa,Sub-Saharan Africa,wps,"Women, Peace and Security Index",South Africa,0.648,,2025,2025/26,lower_worse,TRUE,TRUE,177,68,4,FALSE,FALSE
South Africa,ZAF,Africa,Sub-Saharan Africa,un_mvi,UN Multidimensional Vulnerability Index,South Africa,48.1,,2023,High-Level Panel results,higher_worse,TRUE,TRUE,142,95,7,FALSE,FALSE
South Africa,ZAF,Africa,Sub-Saharan Africa,debt_distress,Debt-distress classification,,,,latest DSA as of 2026-03-31,31 March 2026,higher_worse,FALSE,FALSE,67,,,,
South Africa,ZAF,Africa,Sub-Saharan Africa,searo,Sexual Exploitation and Abuse Risk Overview,,,,December 2025,2026 v1.2,higher_worse,TRUE,TRUE,38,,,,
South Africa,ZAF,Africa,Sub-Saharan Africa,disaster_displacement,Disaster Displacement Risk Model,,,,current climate,GDRM 2.0,higher_worse,TRUE,TRUE,0,,,,
South Africa,ZAF,Africa,Sub-Saharan Africa,internal_displacement,Internal Displacement Index,,,,2022,IDI 2023 publication,lower_worse,TRUE,TRUE,44,,,,
South Sudan,SSD,Africa,Sub-Saharan Africa,inform_risk,INFORM Risk,South Sudan,8.5,,2026,2026 v0.7.2,higher_worse,TRUE,TRUE,191,1,1,TRUE,TRUE
South Sudan,SSD,Africa,Sub-Saharan Africa,inform_severity,INFORM Severity,South Sudan,9.5,,2026-06,June 2026,higher_worse,TRUE,TRUE,65,1,1,TRUE,TRUE
South Sudan,SSD,Africa,Sub-Saharan Africa,underfunded_crisis,Underfunded Crisis Index,South Sudan,67.49779380000001,67.5%,2021-2025 cumulative,2025,lower_worse,TRUE,TRUE,27,22,8,FALSE,FALSE
South Sudan,SSD,Africa,Sub-Saharan Africa,oecd_fragility,OECD Multidimensional Fragility,South Sudan,-4.56911575388524,,predominantly 2023,States of Fragility 2025,lower_worse,TRUE,TRUE,61,1,1,TRUE,TRUE
South Sudan,SSD,Africa,Sub-Saharan Africa,worldrisk,WorldRiskIndex,South Sudan,4.17,,2025,2025,higher_worse,TRUE,TRUE,193,97,5,FALSE,FALSE
South Sudan,SSD,Africa,Sub-Saharan Africa,nd_gain,ND-GAIN Country Index,,,,2024,2026 release,lower_worse,TRUE,TRUE,190,,,,
South Sudan,SSD,Africa,Sub-Saharan Africa,hdi,Human Development Index,South Sudan,0.388,,2023,Human Development Report 2025,lower_worse,TRUE,TRUE,192,1,1,TRUE,TRUE
South Sudan,SSD,Africa,Sub-Saharan Africa,mpi,Multidimensional Poverty Index,,,,country-specific survey year,Global MPI 2025,higher_worse,TRUE,TRUE,109,,,,
South Sudan,SSD,Africa,Sub-Saharan Africa,ghi,Global Hunger Index,South Sudan,37.5,37.5,2025,2025,higher_worse,TRUE,TRUE,98,2,1,TRUE,TRUE
South Sudan,SSD,Africa,Sub-Saharan Africa,ghs,Global Health Security Index,South Sudan,21.3,,2021,2021,lower_worse,TRUE,TRUE,193,10,1,TRUE,TRUE
South Sudan,SSD,Africa,Sub-Saharan Africa,wps,"Women, Peace and Security Index",South Sudan,0.411,,2025,2025/26,lower_worse,TRUE,TRUE,177,9,1,TRUE,TRUE
South Sudan,SSD,Africa,Sub-Saharan Africa,un_mvi,UN Multidimensional Vulnerability Index,South Sudan,67.3,,2023,High-Level Panel results,higher_worse,TRUE,TRUE,142,8,1,TRUE,TRUE
South Sudan,SSD,Africa,Sub-Saharan Africa,debt_distress,Debt-distress classification,South Sudan,3,High,6/10/2024,31 March 2026,higher_worse,FALSE,FALSE,67,,,,
South Sudan,SSD,Africa,Sub-Saharan Africa,searo,Sexual Exploitation and Abuse Risk Overview,South Sudan,7.001388127685058,,December 2025,2026 v1.2,higher_worse,TRUE,TRUE,38,6,2,FALSE,TRUE
South Sudan,SSD,Africa,Sub-Saharan Africa,disaster_displacement,Disaster Displacement Risk Model,,,,current climate,GDRM 2.0,higher_worse,TRUE,TRUE,0,,,,
South Sudan,SSD,Africa,Sub-Saharan Africa,internal_displacement,Internal Displacement Index,South Sudan,0.7255479751495773,,2022,IDI 2023 publication,lower_worse,TRUE,TRUE,44,18,4,FALSE,FALSE
Spain,ESP,Europe,Southern Europe,inform_risk,INFORM Risk,Spain,2.6,,2026,2026 v0.7.2,higher_worse,TRUE,TRUE,191,138,8,FALSE,FALSE
Spain,ESP,Europe,Southern Europe,inform_severity,INFORM Severity,Spain,3.5,,2026-06,June 2026,higher_worse,TRUE,TRUE,65,63,10,FALSE,FALSE
Spain,ESP,Europe,Southern Europe,underfunded_crisis,Underfunded Crisis Index,,,,2021-2025 cumulative,2025,lower_worse,TRUE,TRUE,27,,,,
Spain,ESP,Europe,Southern Europe,oecd_fragility,OECD Multidimensional Fragility,,,,predominantly 2023,States of Fragility 2025,lower_worse,TRUE,TRUE,61,,,,
Spain,ESP,Europe,Southern Europe,worldrisk,WorldRiskIndex,Spain,10.17,,2025,2025,higher_worse,TRUE,TRUE,193,53,3,FALSE,FALSE
Spain,ESP,Europe,Southern Europe,nd_gain,ND-GAIN Country Index,Spain,61.7084351166535,,2024,2026 release,lower_worse,TRUE,TRUE,190,162,9,FALSE,FALSE
Spain,ESP,Europe,Southern Europe,hdi,Human Development Index,Spain,0.918,,2023,Human Development Report 2025,lower_worse,TRUE,TRUE,192,166,9,FALSE,FALSE
Spain,ESP,Europe,Southern Europe,mpi,Multidimensional Poverty Index,,,,country-specific survey year,Global MPI 2025,higher_worse,TRUE,TRUE,109,,,,
Spain,ESP,Europe,Southern Europe,ghi,Global Hunger Index,,,,2025,2025,higher_worse,TRUE,TRUE,98,,,,
Spain,ESP,Europe,Southern Europe,ghs,Global Health Security Index,Spain,60.9,,2021,2021,lower_worse,TRUE,TRUE,193,177,10,FALSE,FALSE
Spain,ESP,Europe,Southern Europe,wps,"Women, Peace and Security Index",Spain,0.862,,2025,2025/26,lower_worse,TRUE,TRUE,177,153,9,FALSE,FALSE
Spain,ESP,Europe,Southern Europe,un_mvi,UN Multidimensional Vulnerability Index,,,,2023,High-Level Panel results,higher_worse,TRUE,TRUE,142,,,,
Spain,ESP,Europe,Southern Europe,debt_distress,Debt-distress classification,,,,latest DSA as of 2026-03-31,31 March 2026,higher_worse,FALSE,FALSE,67,,,,
Spain,ESP,Europe,Southern Europe,searo,Sexual Exploitation and Abuse Risk Overview,,,,December 2025,2026 v1.2,higher_worse,TRUE,TRUE,38,,,,
Spain,ESP,Europe,Southern Europe,disaster_displacement,Disaster Displacement Risk Model,,,,current climate,GDRM 2.0,higher_worse,TRUE,TRUE,0,,,,
Spain,ESP,Europe,Southern Europe,internal_displacement,Internal Displacement Index,,,,2022,IDI 2023 publication,lower_worse,TRUE,TRUE,44,,,,
Sri Lanka,LKA,Asia,Southern Asia,inform_risk,INFORM Risk,Sri Lanka,4.2,,2026,2026 v0.7.2,higher_worse,TRUE,TRUE,191,79,5,FALSE,FALSE
Sri Lanka,LKA,Asia,Southern Asia,inform_severity,INFORM Severity,,,,2026-06,June 2026,higher_worse,TRUE,TRUE,65,,,,
Sri Lanka,LKA,Asia,Southern Asia,underfunded_crisis,Underfunded Crisis Index,,,,2021-2025 cumulative,2025,lower_worse,TRUE,TRUE,27,,,,
Sri Lanka,LKA,Asia,Southern Asia,oecd_fragility,OECD Multidimensional Fragility,,,,predominantly 2023,States of Fragility 2025,lower_worse,TRUE,TRUE,61,,,,
Sri Lanka,LKA,Asia,Southern Asia,worldrisk,WorldRiskIndex,Sri Lanka,4.87,,2025,2025,higher_worse,TRUE,TRUE,193,86,5,FALSE,FALSE
Sri Lanka,LKA,Asia,Southern Asia,nd_gain,ND-GAIN Country Index,Sri Lanka,45.489548562434,,2024,2026 release,lower_worse,TRUE,TRUE,190,86,5,FALSE,FALSE
Sri Lanka,LKA,Asia,Southern Asia,hdi,Human Development Index,Sri Lanka,0.776,,2023,Human Development Report 2025,lower_worse,TRUE,TRUE,192,103,6,FALSE,FALSE
Sri Lanka,LKA,Asia,Southern Asia,mpi,Multidimensional Poverty Index,Sri Lanka,0.011184699,,2016 N,Global MPI 2025,higher_worse,TRUE,TRUE,109,78,8,FALSE,FALSE
Sri Lanka,LKA,Asia,Southern Asia,ghi,Global Hunger Index,Sri Lanka,11.2,11.2,2025,2025,higher_worse,TRUE,TRUE,98,63,7,FALSE,FALSE
Sri Lanka,LKA,Asia,Southern Asia,ghs,Global Health Security Index,Sri Lanka,34.1,,2021,2021,lower_worse,TRUE,TRUE,193,88,5,FALSE,FALSE
Sri Lanka,LKA,Asia,Southern Asia,wps,"Women, Peace and Security Index",Sri Lanka,0.706,,2025,2025/26,lower_worse,TRUE,TRUE,177,104,6,FALSE,FALSE
Sri Lanka,LKA,Asia,Southern Asia,un_mvi,UN Multidimensional Vulnerability Index,Sri Lanka,48.6,,2023,High-Level Panel results,higher_worse,TRUE,TRUE,142,90,7,FALSE,FALSE
Sri Lanka,LKA,Asia,Southern Asia,debt_distress,Debt-distress classification,,,,latest DSA as of 2026-03-31,31 March 2026,higher_worse,FALSE,FALSE,67,,,,
Sri Lanka,LKA,Asia,Southern Asia,searo,Sexual Exploitation and Abuse Risk Overview,,,,December 2025,2026 v1.2,higher_worse,TRUE,TRUE,38,,,,
Sri Lanka,LKA,Asia,Southern Asia,disaster_displacement,Disaster Displacement Risk Model,,,,current climate,GDRM 2.0,higher_worse,TRUE,TRUE,0,,,,
Sri Lanka,LKA,Asia,Southern Asia,internal_displacement,Internal Displacement Index,Sri Lanka,0.8458852040404359,,2022,IDI 2023 publication,lower_worse,TRUE,TRUE,44,43,10,FALSE,FALSE
State of Palestine,PSE,Asia,Western Asia,inform_risk,INFORM Risk,Palestine,6.4,,2026,2026 v0.7.2,higher_worse,TRUE,TRUE,191,21,2,FALSE,TRUE
State of Palestine,PSE,Asia,Western Asia,inform_severity,INFORM Severity,Palestine,8.6,,2026-06,June 2026,higher_worse,TRUE,TRUE,65,11,2,FALSE,TRUE
State of Palestine,PSE,Asia,Western Asia,underfunded_crisis,Underfunded Crisis Index,Palestine,86.7519851,86.8%,2021-2025 cumulative,2025,lower_worse,TRUE,TRUE,27,27,10,FALSE,FALSE
State of Palestine,PSE,Asia,Western Asia,oecd_fragility,OECD Multidimensional Fragility,West Bank and Gaza Strip,-1.3576909691853,,predominantly 2023,States of Fragility 2025,lower_worse,TRUE,TRUE,61,54,9,FALSE,FALSE
State of Palestine,PSE,Asia,Western Asia,worldrisk,WorldRiskIndex,,,,2025,2025,higher_worse,TRUE,TRUE,193,,,,
State of Palestine,PSE,Asia,Western Asia,nd_gain,ND-GAIN Country Index,,,,2024,2026 release,lower_worse,TRUE,TRUE,190,,,,
State of Palestine,PSE,Asia,Western Asia,hdi,Human Development Index,"Palestine, State of",0.674,,2023,Human Development Report 2025,lower_worse,TRUE,TRUE,192,60,4,FALSE,FALSE
State of Palestine,PSE,Asia,Western Asia,mpi,Multidimensional Poverty Index,"Palestine, State of",0.001980092,,2019/2020 M,Global MPI 2025,higher_worse,TRUE,TRUE,109,100,10,FALSE,FALSE
State of Palestine,PSE,Asia,Western Asia,ghi,Global Hunger Index,,,,2025,2025,higher_worse,TRUE,TRUE,98,,,,
State of Palestine,PSE,Asia,Western Asia,ghs,Global Health Security Index,,,,2021,2021,lower_worse,TRUE,TRUE,193,,,,
State of Palestine,PSE,Asia,Western Asia,wps,"Women, Peace and Security Index",Palestine,0.469,,2025,2025/26,lower_worse,TRUE,TRUE,177,15,1,TRUE,TRUE
State of Palestine,PSE,Asia,Western Asia,un_mvi,UN Multidimensional Vulnerability Index,,,,2023,High-Level Panel results,higher_worse,TRUE,TRUE,142,,,,
State of Palestine,PSE,Asia,Western Asia,debt_distress,Debt-distress classification,,,,latest DSA as of 2026-03-31,31 March 2026,higher_worse,FALSE,FALSE,67,,,,
State of Palestine,PSE,Asia,Western Asia,searo,Sexual Exploitation and Abuse Risk Overview,Palestine,6.835604724128343,,December 2025,2026 v1.2,higher_worse,TRUE,TRUE,38,7,2,FALSE,TRUE
State of Palestine,PSE,Asia,Western Asia,disaster_displacement,Disaster Displacement Risk Model,,,,current climate,GDRM 2.0,higher_worse,TRUE,TRUE,0,,,,
State of Palestine,PSE,Asia,Western Asia,internal_displacement,Internal Displacement Index,,,,2022,IDI 2023 publication,lower_worse,TRUE,TRUE,44,,,,
Sudan,SDN,Africa,Northern Africa,inform_risk,INFORM Risk,Sudan,7.8,,2026,2026 v0.7.2,higher_worse,TRUE,TRUE,191,6,1,TRUE,TRUE
Sudan,SDN,Africa,Northern Africa,inform_severity,INFORM Severity,Sudan,9.5,,2026-06,June 2026,higher_worse,TRUE,TRUE,65,1,1,TRUE,TRUE
Sudan,SDN,Africa,Northern Africa,underfunded_crisis,Underfunded Crisis Index,Sudan,54.7619738,54.8%,2021-2025 cumulative,2025,lower_worse,TRUE,TRUE,27,17,6,FALSE,FALSE
Sudan,SDN,Africa,Northern Africa,oecd_fragility,OECD Multidimensional Fragility,Sudan (the),-3.80971265558875,,predominantly 2023,States of Fragility 2025,lower_worse,TRUE,TRUE,61,8,2,FALSE,TRUE
Sudan,SDN,Africa,Northern Africa,worldrisk,WorldRiskIndex,Sudan,10.41,,2025,2025,higher_worse,TRUE,TRUE,193,52,3,FALSE,FALSE
Sudan,SDN,Africa,Northern Africa,nd_gain,ND-GAIN Country Index,Sudan,28.251308462865,,2024,2026 release,lower_worse,TRUE,TRUE,190,5,1,TRUE,TRUE
Sudan,SDN,Africa,Northern Africa,hdi,Human Development Index,Sudan,0.511,,2023,Human Development Report 2025,lower_worse,TRUE,TRUE,192,18,1,TRUE,TRUE
Sudan,SDN,Africa,Northern Africa,mpi,Multidimensional Poverty Index,Sudan,0.279439589,,2014 M,Global MPI 2025,higher_worse,TRUE,TRUE,109,19,2,FALSE,TRUE
Sudan,SDN,Africa,Northern Africa,ghi,Global Hunger Index,Sudan,,20–34.9*,2025,2025,higher_worse,TRUE,TRUE,98,,,,
Sudan,SDN,Africa,Northern Africa,ghs,Global Health Security Index,Sudan,28.3,,2021,2021,lower_worse,TRUE,TRUE,193,42,3,FALSE,FALSE
Sudan,SDN,Africa,Northern Africa,wps,"Women, Peace and Security Index",Sudan,0.397,,2025,2025/26,lower_worse,TRUE,TRUE,177,5,1,TRUE,TRUE
Sudan,SDN,Africa,Northern Africa,un_mvi,UN Multidimensional Vulnerability Index,Sudan,62.8,,2023,High-Level Panel results,higher_worse,TRUE,TRUE,142,17,2,FALSE,TRUE
Sudan,SDN,Africa,Northern Africa,debt_distress,Debt-distress classification,Sudan,4,In debt distress,7/1/2021,31 March 2026,higher_worse,FALSE,FALSE,67,,,,
Sudan,SDN,Africa,Northern Africa,searo,Sexual Exploitation and Abuse Risk Overview,Sudan,7.1135743298367835,,December 2025,2026 v1.2,higher_worse,TRUE,TRUE,38,4,1,TRUE,TRUE
Sudan,SDN,Africa,Northern Africa,disaster_displacement,Disaster Displacement Risk Model,,,,current climate,GDRM 2.0,higher_worse,TRUE,TRUE,0,,,,
Sudan,SDN,Africa,Northern Africa,internal_displacement,Internal Displacement Index,Sudan,0.75270026448595,,2022,IDI 2023 publication,lower_worse,TRUE,TRUE,44,26,6,FALSE,FALSE
Suriname,SUR,Americas,Latin America and the Caribbean,inform_risk,INFORM Risk,Suriname,3.2,,2026,2026 v0.7.2,higher_worse,TRUE,TRUE,191,115,6,FALSE,FALSE
Suriname,SUR,Americas,Latin America and the Caribbean,inform_severity,INFORM Severity,,,,2026-06,June 2026,higher_worse,TRUE,TRUE,65,,,,
Suriname,SUR,Americas,Latin America and the Caribbean,underfunded_crisis,Underfunded Crisis Index,,,,2021-2025 cumulative,2025,lower_worse,TRUE,TRUE,27,,,,
Suriname,SUR,Americas,Latin America and the Caribbean,oecd_fragility,OECD Multidimensional Fragility,,,,predominantly 2023,States of Fragility 2025,lower_worse,TRUE,TRUE,61,,,,
Suriname,SUR,Americas,Latin America and the Caribbean,worldrisk,WorldRiskIndex,Suriname,6.21,,2025,2025,higher_worse,TRUE,TRUE,193,74,4,FALSE,FALSE
Suriname,SUR,Americas,Latin America and the Caribbean,nd_gain,ND-GAIN Country Index,Suriname,46.4211685196316,,2024,2026 release,lower_worse,TRUE,TRUE,190,90,5,FALSE,FALSE
Suriname,SUR,Americas,Latin America and the Caribbean,hdi,Human Development Index,Suriname,0.722,,2023,Human Development Report 2025,lower_worse,TRUE,TRUE,192,80,5,FALSE,FALSE
Suriname,SUR,Americas,Latin America and the Caribbean,mpi,Multidimensional Poverty Index,Suriname,0.011232468,,2018 M,Global MPI 2025,higher_worse,TRUE,TRUE,109,77,7,FALSE,FALSE
Suriname,SUR,Americas,Latin America and the Caribbean,ghi,Global Hunger Index,Suriname,10.4,10.4,2025,2025,higher_worse,TRUE,TRUE,98,68,7,FALSE,FALSE
Suriname,SUR,Americas,Latin America and the Caribbean,ghs,Global Health Security Index,Suriname,35,,2021,2021,lower_worse,TRUE,TRUE,193,97,5,FALSE,FALSE
Suriname,SUR,Americas,Latin America and the Caribbean,wps,"Women, Peace and Security Index",Suriname,0.779,,2025,2025/26,lower_worse,TRUE,TRUE,177,129,8,FALSE,FALSE
Suriname,SUR,Americas,Latin America and the Caribbean,un_mvi,UN Multidimensional Vulnerability Index,Suriname,43.2,,2023,High-Level Panel results,higher_worse,TRUE,TRUE,142,122,9,FALSE,FALSE
Suriname,SUR,Americas,Latin America and the Caribbean,debt_distress,Debt-distress classification,,,,latest DSA as of 2026-03-31,31 March 2026,higher_worse,FALSE,FALSE,67,,,,
Suriname,SUR,Americas,Latin America and the Caribbean,searo,Sexual Exploitation and Abuse Risk Overview,,,,December 2025,2026 v1.2,higher_worse,TRUE,TRUE,38,,,,
Suriname,SUR,Americas,Latin America and the Caribbean,disaster_displacement,Disaster Displacement Risk Model,,,,current climate,GDRM 2.0,higher_worse,TRUE,TRUE,0,,,,
Suriname,SUR,Americas,Latin America and the Caribbean,internal_displacement,Internal Displacement Index,,,,2022,IDI 2023 publication,lower_worse,TRUE,TRUE,44,,,,
Sweden,SWE,Europe,Northern Europe,inform_risk,INFORM Risk,Sweden,1.9,,2026,2026 v0.7.2,higher_worse,TRUE,TRUE,191,174,10,FALSE,FALSE
Sweden,SWE,Europe,Northern Europe,inform_severity,INFORM Severity,,,,2026-06,June 2026,higher_worse,TRUE,TRUE,65,,,,
Sweden,SWE,Europe,Northern Europe,underfunded_crisis,Underfunded Crisis Index,,,,2021-2025 cumulative,2025,lower_worse,TRUE,TRUE,27,,,,
Sweden,SWE,Europe,Northern Europe,oecd_fragility,OECD Multidimensional Fragility,,,,predominantly 2023,States of Fragility 2025,lower_worse,TRUE,TRUE,61,,,,
Sweden,SWE,Europe,Northern Europe,worldrisk,WorldRiskIndex,Sweden,3.38,,2025,2025,higher_worse,TRUE,TRUE,193,108,6,FALSE,FALSE
Sweden,SWE,Europe,Northern Europe,nd_gain,ND-GAIN Country Index,Sweden,67.9129121109699,,2024,2026 release,lower_worse,TRUE,TRUE,190,180,10,FALSE,FALSE
Sweden,SWE,Europe,Northern Europe,hdi,Human Development Index,Sweden,0.959,,2023,Human Development Report 2025,lower_worse,TRUE,TRUE,192,187,10,FALSE,FALSE
Sweden,SWE,Europe,Northern Europe,mpi,Multidimensional Poverty Index,,,,country-specific survey year,Global MPI 2025,higher_worse,TRUE,TRUE,109,,,,
Sweden,SWE,Europe,Northern Europe,ghi,Global Hunger Index,,,,2025,2025,higher_worse,TRUE,TRUE,98,,,,
Sweden,SWE,Europe,Northern Europe,ghs,Global Health Security Index,Sweden,64.9,,2021,2021,lower_worse,TRUE,TRUE,193,184,10,FALSE,FALSE
Sweden,SWE,Europe,Northern Europe,wps,"Women, Peace and Security Index",Sweden,0.924,,2025,2025/26,lower_worse,TRUE,TRUE,177,174,10,FALSE,FALSE
Sweden,SWE,Europe,Northern Europe,un_mvi,UN Multidimensional Vulnerability Index,,,,2023,High-Level Panel results,higher_worse,TRUE,TRUE,142,,,,
Sweden,SWE,Europe,Northern Europe,debt_distress,Debt-distress classification,,,,latest DSA as of 2026-03-31,31 March 2026,higher_worse,FALSE,FALSE,67,,,,
Sweden,SWE,Europe,Northern Europe,searo,Sexual Exploitation and Abuse Risk Overview,,,,December 2025,2026 v1.2,higher_worse,TRUE,TRUE,38,,,,
Sweden,SWE,Europe,Northern Europe,disaster_displacement,Disaster Displacement Risk Model,,,,current climate,GDRM 2.0,higher_worse,TRUE,TRUE,0,,,,
Sweden,SWE,Europe,Northern Europe,internal_displacement,Internal Displacement Index,,,,2022,IDI 2023 publication,lower_worse,TRUE,TRUE,44,,,,
Switzerland,CHE,Europe,Western Europe,inform_risk,INFORM Risk,Switzerland,1.8,,2026,2026 v0.7.2,higher_worse,TRUE,TRUE,191,181,10,FALSE,FALSE
Switzerland,CHE,Europe,Western Europe,inform_severity,INFORM Severity,,,,2026-06,June 2026,higher_worse,TRUE,TRUE,65,,,,
Switzerland,CHE,Europe,Western Europe,underfunded_crisis,Underfunded Crisis Index,,,,2021-2025 cumulative,2025,lower_worse,TRUE,TRUE,27,,,,
Switzerland,CHE,Europe,Western Europe,oecd_fragility,OECD Multidimensional Fragility,,,,predominantly 2023,States of Fragility 2025,lower_worse,TRUE,TRUE,61,,,,
Switzerland,CHE,Europe,Western Europe,worldrisk,WorldRiskIndex,Switzerland,1.23,,2025,2025,higher_worse,TRUE,TRUE,193,173,9,FALSE,FALSE
Switzerland,CHE,Europe,Western Europe,nd_gain,ND-GAIN Country Index,Switzerland,68.8776392995777,,2024,2026 release,lower_worse,TRUE,TRUE,190,187,10,FALSE,FALSE
Switzerland,CHE,Europe,Western Europe,hdi,Human Development Index,Switzerland,0.97,,2023,Human Development Report 2025,lower_worse,TRUE,TRUE,192,190,10,FALSE,FALSE
Switzerland,CHE,Europe,Western Europe,mpi,Multidimensional Poverty Index,,,,country-specific survey year,Global MPI 2025,higher_worse,TRUE,TRUE,109,,,,
Switzerland,CHE,Europe,Western Europe,ghi,Global Hunger Index,,,,2025,2025,higher_worse,TRUE,TRUE,98,,,,
Switzerland,CHE,Europe,Western Europe,ghs,Global Health Security Index,Switzerland,58.8,,2021,2021,lower_worse,TRUE,TRUE,193,171,9,FALSE,FALSE
Switzerland,CHE,Europe,Western Europe,wps,"Women, Peace and Security Index",Switzerland,0.877,,2025,2025/26,lower_worse,TRUE,TRUE,177,159,9,FALSE,FALSE
Switzerland,CHE,Europe,Western Europe,un_mvi,UN Multidimensional Vulnerability Index,,,,2023,High-Level Panel results,higher_worse,TRUE,TRUE,142,,,,
Switzerland,CHE,Europe,Western Europe,debt_distress,Debt-distress classification,,,,latest DSA as of 2026-03-31,31 March 2026,higher_worse,FALSE,FALSE,67,,,,
Switzerland,CHE,Europe,Western Europe,searo,Sexual Exploitation and Abuse Risk Overview,,,,December 2025,2026 v1.2,higher_worse,TRUE,TRUE,38,,,,
Switzerland,CHE,Europe,Western Europe,disaster_displacement,Disaster Displacement Risk Model,,,,current climate,GDRM 2.0,higher_worse,TRUE,TRUE,0,,,,
Switzerland,CHE,Europe,Western Europe,internal_displacement,Internal Displacement Index,,,,2022,IDI 2023 publication,lower_worse,TRUE,TRUE,44,,,,
Syrian Arab Republic,SYR,Asia,Western Asia,inform_risk,INFORM Risk,Syria,7.8,,2026,2026 v0.7.2,higher_worse,TRUE,TRUE,191,6,1,TRUE,TRUE
Syrian Arab Republic,SYR,Asia,Western Asia,inform_severity,INFORM Severity,Syria,9,,2026-06,June 2026,higher_worse,TRUE,TRUE,65,8,2,FALSE,TRUE
Syrian Arab Republic,SYR,Asia,Western Asia,underfunded_crisis,Underfunded Crisis Index,Syria,49.8632993,49.9%,2021-2025 cumulative,2025,lower_worse,TRUE,TRUE,27,13,5,FALSE,FALSE
Syrian Arab Republic,SYR,Asia,Western Asia,oecd_fragility,OECD Multidimensional Fragility,Syrian Arab Republic (the),-3.61130431902861,,predominantly 2023,States of Fragility 2025,lower_worse,TRUE,TRUE,61,10,2,FALSE,TRUE
Syrian Arab Republic,SYR,Asia,Western Asia,worldrisk,WorldRiskIndex,Syrian Arab Republic,12.65,,2025,2025,higher_worse,TRUE,TRUE,193,42,3,FALSE,FALSE
Syrian Arab Republic,SYR,Asia,Western Asia,nd_gain,ND-GAIN Country Index,Syrian Arab Republic,38.0077962855023,,2024,2026 release,lower_worse,TRUE,TRUE,190,39,3,FALSE,FALSE
Syrian Arab Republic,SYR,Asia,Western Asia,hdi,Human Development Index,Syrian Arab Republic,0.564,,2023,Human Development Report 2025,lower_worse,TRUE,TRUE,192,32,2,FALSE,TRUE
Syrian Arab Republic,SYR,Asia,Western Asia,mpi,Multidimensional Poverty Index,,,,country-specific survey year,Global MPI 2025,higher_worse,TRUE,TRUE,109,,,,
Syrian Arab Republic,SYR,Asia,Western Asia,ghi,Global Hunger Index,Syrian Arab Republic,30.6,30.6,2025,2025,higher_worse,TRUE,TRUE,98,11,2,FALSE,TRUE
Syrian Arab Republic,SYR,Asia,Western Asia,ghs,Global Health Security Index,Syria,16.7,,2021,2021,lower_worse,TRUE,TRUE,193,4,1,TRUE,TRUE
Syrian Arab Republic,SYR,Asia,Western Asia,wps,"Women, Peace and Security Index",Syrian Arab Republic,0.364,,2025,2025/26,lower_worse,TRUE,TRUE,177,4,1,TRUE,TRUE
Syrian Arab Republic,SYR,Asia,Western Asia,un_mvi,UN Multidimensional Vulnerability Index,Syrian Arab Republic,57.5,,2023,High-Level Panel results,higher_worse,TRUE,TRUE,142,46,4,FALSE,FALSE
Syrian Arab Republic,SYR,Asia,Western Asia,debt_distress,Debt-distress classification,,,,latest DSA as of 2026-03-31,31 March 2026,higher_worse,FALSE,FALSE,67,,,,
Syrian Arab Republic,SYR,Asia,Western Asia,searo,Sexual Exploitation and Abuse Risk Overview,Syria,7.175168313061793,,December 2025,2026 v1.2,higher_worse,TRUE,TRUE,38,3,1,TRUE,TRUE
Syrian Arab Republic,SYR,Asia,Western Asia,disaster_displacement,Disaster Displacement Risk Model,,,,current climate,GDRM 2.0,higher_worse,TRUE,TRUE,0,,,,
Syrian Arab Republic,SYR,Asia,Western Asia,internal_displacement,Internal Displacement Index,Syria,0.3645806479447218,,2022,IDI 2023 publication,lower_worse,TRUE,TRUE,44,1,1,TRUE,TRUE
Tajikistan,TJK,Asia,Central Asia,inform_risk,INFORM Risk,Tajikistan,4.6,,2026,2026 v0.7.2,higher_worse,TRUE,TRUE,191,67,4,FALSE,FALSE
Tajikistan,TJK,Asia,Central Asia,inform_severity,INFORM Severity,,,,2026-06,June 2026,higher_worse,TRUE,TRUE,65,,,,
Tajikistan,TJK,Asia,Central Asia,underfunded_crisis,Underfunded Crisis Index,,,,2021-2025 cumulative,2025,lower_worse,TRUE,TRUE,27,,,,
Tajikistan,TJK,Asia,Central Asia,oecd_fragility,OECD Multidimensional Fragility,Tajikistan,-2.30378152000624,,predominantly 2023,States of Fragility 2025,lower_worse,TRUE,TRUE,61,29,5,FALSE,FALSE
Tajikistan,TJK,Asia,Central Asia,worldrisk,WorldRiskIndex,Tajikistan,2.9,,2025,2025,higher_worse,TRUE,TRUE,193,126,7,FALSE,FALSE
Tajikistan,TJK,Asia,Central Asia,nd_gain,ND-GAIN Country Index,Tajikistan,47.4285520839294,,2024,2026 release,lower_worse,TRUE,TRUE,190,95,5,FALSE,FALSE
Tajikistan,TJK,Asia,Central Asia,hdi,Human Development Index,Tajikistan,0.691,,2023,Human Development Report 2025,lower_worse,TRUE,TRUE,192,66,4,FALSE,FALSE
Tajikistan,TJK,Asia,Central Asia,mpi,Multidimensional Poverty Index,Tajikistan,0.029005923,,2017 D,Global MPI 2025,higher_worse,TRUE,TRUE,109,60,6,FALSE,FALSE
Tajikistan,TJK,Asia,Central Asia,ghi,Global Hunger Index,Tajikistan,12.8,12.8,2025,2025,higher_worse,TRUE,TRUE,98,60,7,FALSE,FALSE
Tajikistan,TJK,Asia,Central Asia,ghs,Global Health Security Index,Tajikistan,29.3,,2021,2021,lower_worse,TRUE,TRUE,193,53,3,FALSE,FALSE
Tajikistan,TJK,Asia,Central Asia,wps,"Women, Peace and Security Index",Tajikistan,0.685,,2025,2025/26,lower_worse,TRUE,TRUE,177,89,5,FALSE,FALSE
Tajikistan,TJK,Asia,Central Asia,un_mvi,UN Multidimensional Vulnerability Index,Tajikistan,51.7,,2023,High-Level Panel results,higher_worse,TRUE,TRUE,142,79,6,FALSE,FALSE
Tajikistan,TJK,Asia,Central Asia,debt_distress,Debt-distress classification,Tajikistan,3,High,7/8/2025,31 March 2026,higher_worse,FALSE,FALSE,67,,,,
Tajikistan,TJK,Asia,Central Asia,searo,Sexual Exploitation and Abuse Risk Overview,,,,December 2025,2026 v1.2,higher_worse,TRUE,TRUE,38,,,,
Tajikistan,TJK,Asia,Central Asia,disaster_displacement,Disaster Displacement Risk Model,,,,current climate,GDRM 2.0,higher_worse,TRUE,TRUE,0,,,,
Tajikistan,TJK,Asia,Central Asia,internal_displacement,Internal Displacement Index,,,,2022,IDI 2023 publication,lower_worse,TRUE,TRUE,44,,,,
Thailand,THA,Asia,South-eastern Asia,inform_risk,INFORM Risk,Thailand,4.9,,2026,2026 v0.7.2,higher_worse,TRUE,TRUE,191,60,4,FALSE,FALSE
Thailand,THA,Asia,South-eastern Asia,inform_severity,INFORM Severity,Thailand,4.3,,2026-06,June 2026,higher_worse,TRUE,TRUE,65,55,9,FALSE,FALSE
Thailand,THA,Asia,South-eastern Asia,underfunded_crisis,Underfunded Crisis Index,,,,2021-2025 cumulative,2025,lower_worse,TRUE,TRUE,27,,,,
Thailand,THA,Asia,South-eastern Asia,oecd_fragility,OECD Multidimensional Fragility,,,,predominantly 2023,States of Fragility 2025,lower_worse,TRUE,TRUE,61,,,,
Thailand,THA,Asia,South-eastern Asia,worldrisk,WorldRiskIndex,Thailand,20.03,,2025,2025,higher_worse,TRUE,TRUE,193,24,2,FALSE,TRUE
Thailand,THA,Asia,South-eastern Asia,nd_gain,ND-GAIN Country Index,Thailand,45.3680465927248,,2024,2026 release,lower_worse,TRUE,TRUE,190,84,5,FALSE,FALSE
Thailand,THA,Asia,South-eastern Asia,hdi,Human Development Index,Thailand,0.798,,2023,Human Development Report 2025,lower_worse,TRUE,TRUE,192,117,7,FALSE,FALSE
Thailand,THA,Asia,South-eastern Asia,mpi,Multidimensional Poverty Index,Thailand,0.0018172,,2022 M,Global MPI 2025,higher_worse,TRUE,TRUE,109,101,10,FALSE,FALSE
Thailand,THA,Asia,South-eastern Asia,ghi,Global Hunger Index,Thailand,9.7,9.7,2025,2025,higher_worse,TRUE,TRUE,98,73,8,FALSE,FALSE
Thailand,THA,Asia,South-eastern Asia,ghs,Global Health Security Index,Thailand,68.2,,2021,2021,lower_worse,TRUE,TRUE,193,189,10,FALSE,FALSE
Thailand,THA,Asia,South-eastern Asia,wps,"Women, Peace and Security Index",Thailand,0.761,,2025,2025/26,lower_worse,TRUE,TRUE,177,123,7,FALSE,FALSE
Thailand,THA,Asia,South-eastern Asia,un_mvi,UN Multidimensional Vulnerability Index,Thailand,43.1,,2023,High-Level Panel results,higher_worse,TRUE,TRUE,142,123,9,FALSE,FALSE
Thailand,THA,Asia,South-eastern Asia,debt_distress,Debt-distress classification,,,,latest DSA as of 2026-03-31,31 March 2026,higher_worse,FALSE,FALSE,67,,,,
Thailand,THA,Asia,South-eastern Asia,searo,Sexual Exploitation and Abuse Risk Overview,,,,December 2025,2026 v1.2,higher_worse,TRUE,TRUE,38,,,,
Thailand,THA,Asia,South-eastern Asia,disaster_displacement,Disaster Displacement Risk Model,,,,current climate,GDRM 2.0,higher_worse,TRUE,TRUE,0,,,,
Thailand,THA,Asia,South-eastern Asia,internal_displacement,Internal Displacement Index,Thailand,0.6717044700943102,,2022,IDI 2023 publication,lower_worse,TRUE,TRUE,44,7,2,FALSE,TRUE
Timor-Leste,TLS,Asia,South-eastern Asia,inform_risk,INFORM Risk,Timor-Leste,3.9,,2026,2026 v0.7.2,higher_worse,TRUE,TRUE,191,87,5,FALSE,FALSE
Timor-Leste,TLS,Asia,South-eastern Asia,inform_severity,INFORM Severity,,,,2026-06,June 2026,higher_worse,TRUE,TRUE,65,,,,
Timor-Leste,TLS,Asia,South-eastern Asia,underfunded_crisis,Underfunded Crisis Index,,,,2021-2025 cumulative,2025,lower_worse,TRUE,TRUE,27,,,,
Timor-Leste,TLS,Asia,South-eastern Asia,oecd_fragility,OECD Multidimensional Fragility,Timor-Leste,-1.1999975440956,,predominantly 2023,States of Fragility 2025,lower_worse,TRUE,TRUE,61,60,10,FALSE,FALSE
Timor-Leste,TLS,Asia,South-eastern Asia,worldrisk,WorldRiskIndex,Timor-Leste,7.25,,2025,2025,higher_worse,TRUE,TRUE,193,69,4,FALSE,FALSE
Timor-Leste,TLS,Asia,South-eastern Asia,nd_gain,ND-GAIN Country Index,Timor-Leste,37.0374110244456,,2024,2026 release,lower_worse,TRUE,TRUE,190,32,2,FALSE,TRUE
Timor-Leste,TLS,Asia,South-eastern Asia,hdi,Human Development Index,Timor-Leste,0.634,,2023,Human Development Report 2025,lower_worse,TRUE,TRUE,192,52,3,FALSE,FALSE
Timor-Leste,TLS,Asia,South-eastern Asia,mpi,Multidimensional Poverty Index,Timor-Leste,0.22151424,,2016 D,Global MPI 2025,higher_worse,TRUE,TRUE,109,27,3,FALSE,FALSE
Timor-Leste,TLS,Asia,South-eastern Asia,ghi,Global Hunger Index,Timor-Leste,28,28.0,2025,2025,higher_worse,TRUE,TRUE,98,17,2,FALSE,TRUE
Timor-Leste,TLS,Asia,South-eastern Asia,ghs,Global Health Security Index,Timor-Leste,27.8,,2021,2021,lower_worse,TRUE,TRUE,193,39,2,FALSE,TRUE
Timor-Leste,TLS,Asia,South-eastern Asia,wps,"Women, Peace and Security Index",Timor-Leste,0.668,,2025,2025/26,lower_worse,TRUE,TRUE,177,79,5,FALSE,FALSE
Timor-Leste,TLS,Asia,South-eastern Asia,un_mvi,UN Multidimensional Vulnerability Index,Timor-Leste,46.4,,2023,High-Level Panel results,higher_worse,TRUE,TRUE,142,104,8,FALSE,FALSE
Timor-Leste,TLS,Asia,South-eastern Asia,debt_distress,Debt-distress classification,Timor Leste,2,Moderate,9/26/2025,31 March 2026,higher_worse,FALSE,FALSE,67,,,,
Timor-Leste,TLS,Asia,South-eastern Asia,searo,Sexual Exploitation and Abuse Risk Overview,,,,December 2025,2026 v1.2,higher_worse,TRUE,TRUE,38,,,,
Timor-Leste,TLS,Asia,South-eastern Asia,disaster_displacement,Disaster Displacement Risk Model,,,,current climate,GDRM 2.0,higher_worse,TRUE,TRUE,0,,,,
Timor-Leste,TLS,Asia,South-eastern Asia,internal_displacement,Internal Displacement Index,,,,2022,IDI 2023 publication,lower_worse,TRUE,TRUE,44,,,,
Togo,TGO,Africa,Sub-Saharan Africa,inform_risk,INFORM Risk,Togo,5.3,,2026,2026 v0.7.2,higher_worse,TRUE,TRUE,191,46,3,FALSE,FALSE
Togo,TGO,Africa,Sub-Saharan Africa,inform_severity,INFORM Severity,Togo,4.5,,2026-06,June 2026,higher_worse,TRUE,TRUE,65,54,9,FALSE,FALSE
Togo,TGO,Africa,Sub-Saharan Africa,underfunded_crisis,Underfunded Crisis Index,,,,2021-2025 cumulative,2025,lower_worse,TRUE,TRUE,27,,,,
Togo,TGO,Africa,Sub-Saharan Africa,oecd_fragility,OECD Multidimensional Fragility,Togo,-1.18934791405874,,predominantly 2023,States of Fragility 2025,lower_worse,TRUE,TRUE,61,61,10,FALSE,FALSE
Togo,TGO,Africa,Sub-Saharan Africa,worldrisk,WorldRiskIndex,Togo,1.45,,2025,2025,higher_worse,TRUE,TRUE,193,165,9,FALSE,FALSE
Togo,TGO,Africa,Sub-Saharan Africa,nd_gain,ND-GAIN Country Index,Togo,42.2374009619653,,2024,2026 release,lower_worse,TRUE,TRUE,190,59,4,FALSE,FALSE
Togo,TGO,Africa,Sub-Saharan Africa,hdi,Human Development Index,Togo,0.571,,2023,Human Development Report 2025,lower_worse,TRUE,TRUE,192,33,2,FALSE,TRUE
Togo,TGO,Africa,Sub-Saharan Africa,mpi,Multidimensional Poverty Index,Togo,0.179616257,,2017 M,Global MPI 2025,higher_worse,TRUE,TRUE,109,35,4,FALSE,FALSE
Togo,TGO,Africa,Sub-Saharan Africa,ghi,Global Hunger Index,Togo,17.3,17.3,2025,2025,higher_worse,TRUE,TRUE,98,43,5,FALSE,FALSE
Togo,TGO,Africa,Sub-Saharan Africa,ghs,Global Health Security Index,Togo,27.8,,2021,2021,lower_worse,TRUE,TRUE,193,39,2,FALSE,TRUE
Togo,TGO,Africa,Sub-Saharan Africa,wps,"Women, Peace and Security Index",Togo,0.562,,2025,2025/26,lower_worse,TRUE,TRUE,177,39,3,FALSE,FALSE
Togo,TGO,Africa,Sub-Saharan Africa,un_mvi,UN Multidimensional Vulnerability Index,Togo,44.1,,2023,High-Level Panel results,higher_worse,TRUE,TRUE,142,117,9,FALSE,FALSE
Togo,TGO,Africa,Sub-Saharan Africa,debt_distress,Debt-distress classification,Togo,2,Moderate,7/11/2025,31 March 2026,higher_worse,FALSE,FALSE,67,,,,
Togo,TGO,Africa,Sub-Saharan Africa,searo,Sexual Exploitation and Abuse Risk Overview,,,,December 2025,2026 v1.2,higher_worse,TRUE,TRUE,38,,,,
Togo,TGO,Africa,Sub-Saharan Africa,disaster_displacement,Disaster Displacement Risk Model,,,,current climate,GDRM 2.0,higher_worse,TRUE,TRUE,0,,,,
Togo,TGO,Africa,Sub-Saharan Africa,internal_displacement,Internal Displacement Index,,,,2022,IDI 2023 publication,lower_worse,TRUE,TRUE,44,,,,
Tonga,TON,Oceania,Polynesia,inform_risk,INFORM Risk,Tonga,3,,2026,2026 v0.7.2,higher_worse,TRUE,TRUE,191,120,7,FALSE,FALSE
Tonga,TON,Oceania,Polynesia,inform_severity,INFORM Severity,,,,2026-06,June 2026,higher_worse,TRUE,TRUE,65,,,,
Tonga,TON,Oceania,Polynesia,underfunded_crisis,Underfunded Crisis Index,,,,2021-2025 cumulative,2025,lower_worse,TRUE,TRUE,27,,,,
Tonga,TON,Oceania,Polynesia,oecd_fragility,OECD Multidimensional Fragility,,,,predominantly 2023,States of Fragility 2025,lower_worse,TRUE,TRUE,61,,,,
Tonga,TON,Oceania,Polynesia,worldrisk,WorldRiskIndex,Tonga,3.67,,2025,2025,higher_worse,TRUE,TRUE,193,104,6,FALSE,FALSE
Tonga,TON,Oceania,Polynesia,nd_gain,ND-GAIN Country Index,Tonga,37.9236133964353,,2024,2026 release,lower_worse,TRUE,TRUE,190,37,2,FALSE,TRUE
Tonga,TON,Oceania,Polynesia,hdi,Human Development Index,Tonga,0.769,,2023,Human Development Report 2025,lower_worse,TRUE,TRUE,192,102,6,FALSE,FALSE
Tonga,TON,Oceania,Polynesia,mpi,Multidimensional Poverty Index,Tonga,0.003336155,,2019 M,Global MPI 2025,higher_worse,TRUE,TRUE,109,92,9,FALSE,FALSE
Tonga,TON,Oceania,Polynesia,ghi,Global Hunger Index,,,,2025,2025,higher_worse,TRUE,TRUE,98,,,,
Tonga,TON,Oceania,Polynesia,ghs,Global Health Security Index,Tonga,26.4,,2021,2021,lower_worse,TRUE,TRUE,193,33,2,FALSE,TRUE
Tonga,TON,Oceania,Polynesia,wps,"Women, Peace and Security Index",Tonga,0.685,,2025,2025/26,lower_worse,TRUE,TRUE,177,89,5,FALSE,FALSE
Tonga,TON,Oceania,Polynesia,un_mvi,UN Multidimensional Vulnerability Index,Tonga,57,,2023,High-Level Panel results,higher_worse,TRUE,TRUE,142,48,4,FALSE,FALSE
Tonga,TON,Oceania,Polynesia,debt_distress,Debt-distress classification,Tonga,3,High,11/10/2025,31 March 2026,higher_worse,FALSE,FALSE,67,,,,
Tonga,TON,Oceania,Polynesia,searo,Sexual Exploitation and Abuse Risk Overview,,,,December 2025,2026 v1.2,higher_worse,TRUE,TRUE,38,,,,
Tonga,TON,Oceania,Polynesia,disaster_displacement,Disaster Displacement Risk Model,,,,current climate,GDRM 2.0,higher_worse,TRUE,TRUE,0,,,,
Tonga,TON,Oceania,Polynesia,internal_displacement,Internal Displacement Index,,,,2022,IDI 2023 publication,lower_worse,TRUE,TRUE,44,,,,
Trinidad and Tobago,TTO,Americas,Latin America and the Caribbean,inform_risk,INFORM Risk,Trinidad and Tobago,3.3,,2026,2026 v0.7.2,higher_worse,TRUE,TRUE,191,110,6,FALSE,FALSE
Trinidad and Tobago,TTO,Americas,Latin America and the Caribbean,inform_severity,INFORM Severity,Trinidad and Tobago,3,,2026-06,June 2026,higher_worse,TRUE,TRUE,65,65,10,FALSE,FALSE
Trinidad and Tobago,TTO,Americas,Latin America and the Caribbean,underfunded_crisis,Underfunded Crisis Index,,,,2021-2025 cumulative,2025,lower_worse,TRUE,TRUE,27,,,,
Trinidad and Tobago,TTO,Americas,Latin America and the Caribbean,oecd_fragility,OECD Multidimensional Fragility,,,,predominantly 2023,States of Fragility 2025,lower_worse,TRUE,TRUE,61,,,,
Trinidad and Tobago,TTO,Americas,Latin America and the Caribbean,worldrisk,WorldRiskIndex,Trinidad and Tobago,3.03,,2025,2025,higher_worse,TRUE,TRUE,193,121,7,FALSE,FALSE
Trinidad and Tobago,TTO,Americas,Latin America and the Caribbean,nd_gain,ND-GAIN Country Index,Trinidad and Tobago,47.0705844717431,,2024,2026 release,lower_worse,TRUE,TRUE,190,92,5,FALSE,FALSE
Trinidad and Tobago,TTO,Americas,Latin America and the Caribbean,hdi,Human Development Index,Trinidad and Tobago,0.807,,2023,Human Development Report 2025,lower_worse,TRUE,TRUE,192,122,7,FALSE,FALSE
Trinidad and Tobago,TTO,Americas,Latin America and the Caribbean,mpi,Multidimensional Poverty Index,Trinidad and Tobago,0.002073,,2022 M,Global MPI 2025,higher_worse,TRUE,TRUE,109,98,9,FALSE,FALSE
Trinidad and Tobago,TTO,Americas,Latin America and the Caribbean,ghi,Global Hunger Index,Trinidad & Tobago,11,11.0,2025,2025,higher_worse,TRUE,TRUE,98,65,7,FALSE,FALSE
Trinidad and Tobago,TTO,Americas,Latin America and the Caribbean,ghs,Global Health Security Index,Trinidad and Tobago,36.8,,2021,2021,lower_worse,TRUE,TRUE,193,105,6,FALSE,FALSE
Trinidad and Tobago,TTO,Americas,Latin America and the Caribbean,wps,"Women, Peace and Security Index",Trinidad and Tobago,0.685,,2025,2025/26,lower_worse,TRUE,TRUE,177,89,5,FALSE,FALSE
Trinidad and Tobago,TTO,Americas,Latin America and the Caribbean,un_mvi,UN Multidimensional Vulnerability Index,Trinidad and Tobago,50.3,,2023,High-Level Panel results,higher_worse,TRUE,TRUE,142,81,6,FALSE,FALSE
Trinidad and Tobago,TTO,Americas,Latin America and the Caribbean,debt_distress,Debt-distress classification,,,,latest DSA as of 2026-03-31,31 March 2026,higher_worse,FALSE,FALSE,67,,,,
Trinidad and Tobago,TTO,Americas,Latin America and the Caribbean,searo,Sexual Exploitation and Abuse Risk Overview,,,,December 2025,2026 v1.2,higher_worse,TRUE,TRUE,38,,,,
Trinidad and Tobago,TTO,Americas,Latin America and the Caribbean,disaster_displacement,Disaster Displacement Risk Model,,,,current climate,GDRM 2.0,higher_worse,TRUE,TRUE,0,,,,
Trinidad and Tobago,TTO,Americas,Latin America and the Caribbean,internal_displacement,Internal Displacement Index,,,,2022,IDI 2023 publication,lower_worse,TRUE,TRUE,44,,,,
Tunisia,TUN,Africa,Northern Africa,inform_risk,INFORM Risk,Tunisia,3.5,,2026,2026 v0.7.2,higher_worse,TRUE,TRUE,191,102,6,FALSE,FALSE
Tunisia,TUN,Africa,Northern Africa,inform_severity,INFORM Severity,Tunisia,4.1,,2026-06,June 2026,higher_worse,TRUE,TRUE,65,59,9,FALSE,FALSE
Tunisia,TUN,Africa,Northern Africa,underfunded_crisis,Underfunded Crisis Index,,,,2021-2025 cumulative,2025,lower_worse,TRUE,TRUE,27,,,,
Tunisia,TUN,Africa,Northern Africa,oecd_fragility,OECD Multidimensional Fragility,,,,predominantly 2023,States of Fragility 2025,lower_worse,TRUE,TRUE,61,,,,
Tunisia,TUN,Africa,Northern Africa,worldrisk,WorldRiskIndex,Tunisia,7.67,,2025,2025,higher_worse,TRUE,TRUE,193,67,4,FALSE,FALSE
Tunisia,TUN,Africa,Northern Africa,nd_gain,ND-GAIN Country Index,Tunisia,44.9928617271596,,2024,2026 release,lower_worse,TRUE,TRUE,190,81,5,FALSE,FALSE
Tunisia,TUN,Africa,Northern Africa,hdi,Human Development Index,Tunisia,0.746,,2023,Human Development Report 2025,lower_worse,TRUE,TRUE,192,89,5,FALSE,FALSE
Tunisia,TUN,Africa,Northern Africa,mpi,Multidimensional Poverty Index,Tunisia,0.0034418,,2023 M,Global MPI 2025,higher_worse,TRUE,TRUE,109,90,9,FALSE,FALSE
Tunisia,TUN,Africa,Northern Africa,ghi,Global Hunger Index,Tunisia,6.2,6.2,2025,2025,higher_worse,TRUE,TRUE,98,91,10,FALSE,FALSE
Tunisia,TUN,Africa,Northern Africa,ghs,Global Health Security Index,Tunisia,31.5,,2021,2021,lower_worse,TRUE,TRUE,193,71,4,FALSE,FALSE
Tunisia,TUN,Africa,Northern Africa,wps,"Women, Peace and Security Index",Tunisia,0.671,,2025,2025/26,lower_worse,TRUE,TRUE,177,82,5,FALSE,FALSE
Tunisia,TUN,Africa,Northern Africa,un_mvi,UN Multidimensional Vulnerability Index,Tunisia,45.5,,2023,High-Level Panel results,higher_worse,TRUE,TRUE,142,111,8,FALSE,FALSE
Tunisia,TUN,Africa,Northern Africa,debt_distress,Debt-distress classification,,,,latest DSA as of 2026-03-31,31 March 2026,higher_worse,FALSE,FALSE,67,,,,
Tunisia,TUN,Africa,Northern Africa,searo,Sexual Exploitation and Abuse Risk Overview,,,,December 2025,2026 v1.2,higher_worse,TRUE,TRUE,38,,,,
Tunisia,TUN,Africa,Northern Africa,disaster_displacement,Disaster Displacement Risk Model,,,,current climate,GDRM 2.0,higher_worse,TRUE,TRUE,0,,,,
Tunisia,TUN,Africa,Northern Africa,internal_displacement,Internal Displacement Index,,,,2022,IDI 2023 publication,lower_worse,TRUE,TRUE,44,,,,
Turkey,TUR,Asia,Western Asia,inform_risk,INFORM Risk,Türkiye,5.4,,2026,2026 v0.7.2,higher_worse,TRUE,TRUE,191,43,3,FALSE,FALSE
Turkey,TUR,Asia,Western Asia,inform_severity,INFORM Severity,Türkiye,7,,2026-06,June 2026,higher_worse,TRUE,TRUE,65,28,5,FALSE,FALSE
Turkey,TUR,Asia,Western Asia,underfunded_crisis,Underfunded Crisis Index,,,,2021-2025 cumulative,2025,lower_worse,TRUE,TRUE,27,,,,
Turkey,TUR,Asia,Western Asia,oecd_fragility,OECD Multidimensional Fragility,,,,predominantly 2023,States of Fragility 2025,lower_worse,TRUE,TRUE,61,,,,
Turkey,TUR,Asia,Western Asia,worldrisk,WorldRiskIndex,Turkey,14.62,,2025,2025,higher_worse,TRUE,TRUE,193,35,2,FALSE,TRUE
Turkey,TUR,Asia,Western Asia,nd_gain,ND-GAIN Country Index,Turkey,53.8098812492274,,2024,2026 release,lower_worse,TRUE,TRUE,190,136,8,FALSE,FALSE
Turkey,TUR,Asia,Western Asia,hdi,Human Development Index,T�rkiye,0.853,,2023,Human Development Report 2025,lower_worse,TRUE,TRUE,192,143,8,FALSE,FALSE
Turkey,TUR,Asia,Western Asia,mpi,Multidimensional Poverty Index,,,,country-specific survey year,Global MPI 2025,higher_worse,TRUE,TRUE,109,,,,
Turkey,TUR,Asia,Western Asia,ghi,Global Hunger Index,Türkiye,,<5,2025,2025,higher_worse,TRUE,TRUE,98,,,,
Turkey,TUR,Asia,Western Asia,ghs,Global Health Security Index,Turkey,50,,2021,2021,lower_worse,TRUE,TRUE,193,148,8,FALSE,FALSE
Turkey,TUR,Asia,Western Asia,wps,"Women, Peace and Security Index",Türkiye,0.664,,2025,2025/26,lower_worse,TRUE,TRUE,177,76,5,FALSE,FALSE
Turkey,TUR,Asia,Western Asia,un_mvi,UN Multidimensional Vulnerability Index,Turkey,46.5,,2023,High-Level Panel results,higher_worse,TRUE,TRUE,142,102,8,FALSE,FALSE
Turkey,TUR,Asia,Western Asia,debt_distress,Debt-distress classification,,,,latest DSA as of 2026-03-31,31 March 2026,higher_worse,FALSE,FALSE,67,,,,
Turkey,TUR,Asia,Western Asia,searo,Sexual Exploitation and Abuse Risk Overview,Turkey,5.088992379939259,,December 2025,2026 v1.2,higher_worse,TRUE,TRUE,38,34,9,FALSE,FALSE
Turkey,TUR,Asia,Western Asia,disaster_displacement,Disaster Displacement Risk Model,,,,current climate,GDRM 2.0,higher_worse,TRUE,TRUE,0,,,,
Turkey,TUR,Asia,Western Asia,internal_displacement,Internal Displacement Index,Türkiye,0.6346840177453826,,2022,IDI 2023 publication,lower_worse,TRUE,TRUE,44,2,1,TRUE,TRUE
Turkmenistan,TKM,Asia,Central Asia,inform_risk,INFORM Risk,Turkmenistan,2.9,,2026,2026 v0.7.2,higher_worse,TRUE,TRUE,191,124,7,FALSE,FALSE
Turkmenistan,TKM,Asia,Central Asia,inform_severity,INFORM Severity,,,,2026-06,June 2026,higher_worse,TRUE,TRUE,65,,,,
Turkmenistan,TKM,Asia,Central Asia,underfunded_crisis,Underfunded Crisis Index,,,,2021-2025 cumulative,2025,lower_worse,TRUE,TRUE,27,,,,
Turkmenistan,TKM,Asia,Central Asia,oecd_fragility,OECD Multidimensional Fragility,Turkmenistan,-1.78146971289376,,predominantly 2023,States of Fragility 2025,lower_worse,TRUE,TRUE,61,43,7,FALSE,FALSE
Turkmenistan,TKM,Asia,Central Asia,worldrisk,WorldRiskIndex,Turkmenistan,1.27,,2025,2025,higher_worse,TRUE,TRUE,193,171,9,FALSE,FALSE
Turkmenistan,TKM,Asia,Central Asia,nd_gain,ND-GAIN Country Index,Turkmenistan,39.3774721235813,,2024,2026 release,lower_worse,TRUE,TRUE,190,45,3,FALSE,FALSE
Turkmenistan,TKM,Asia,Central Asia,hdi,Human Development Index,Turkmenistan,0.764,,2023,Human Development Report 2025,lower_worse,TRUE,TRUE,192,99,6,FALSE,FALSE
Turkmenistan,TKM,Asia,Central Asia,mpi,Multidimensional Poverty Index,Turkmenistan,8.49177e-4,,2019 M,Global MPI 2025,higher_worse,TRUE,TRUE,109,106,10,FALSE,FALSE
Turkmenistan,TKM,Asia,Central Asia,ghi,Global Hunger Index,Turkmenistan,9.7,9.7,2025,2025,higher_worse,TRUE,TRUE,98,73,8,FALSE,FALSE
Turkmenistan,TKM,Asia,Central Asia,ghs,Global Health Security Index,Turkmenistan,31.9,,2021,2021,lower_worse,TRUE,TRUE,193,75,4,FALSE,FALSE
Turkmenistan,TKM,Asia,Central Asia,wps,"Women, Peace and Security Index",Turkmenistan,0.72,,2025,2025/26,lower_worse,TRUE,TRUE,177,106,6,FALSE,FALSE
Turkmenistan,TKM,Asia,Central Asia,un_mvi,UN Multidimensional Vulnerability Index,Turkmenistan,51.9,,2023,High-Level Panel results,higher_worse,TRUE,TRUE,142,78,6,FALSE,FALSE
Turkmenistan,TKM,Asia,Central Asia,debt_distress,Debt-distress classification,,,,latest DSA as of 2026-03-31,31 March 2026,higher_worse,FALSE,FALSE,67,,,,
Turkmenistan,TKM,Asia,Central Asia,searo,Sexual Exploitation and Abuse Risk Overview,,,,December 2025,2026 v1.2,higher_worse,TRUE,TRUE,38,,,,
Turkmenistan,TKM,Asia,Central Asia,disaster_displacement,Disaster Displacement Risk Model,,,,current climate,GDRM 2.0,higher_worse,TRUE,TRUE,0,,,,
Turkmenistan,TKM,Asia,Central Asia,internal_displacement,Internal Displacement Index,,,,2022,IDI 2023 publication,lower_worse,TRUE,TRUE,44,,,,
Tuvalu,TUV,Oceania,Polynesia,inform_risk,INFORM Risk,Tuvalu,2.5,,2026,2026 v0.7.2,higher_worse,TRUE,TRUE,191,148,8,FALSE,FALSE
Tuvalu,TUV,Oceania,Polynesia,inform_severity,INFORM Severity,,,,2026-06,June 2026,higher_worse,TRUE,TRUE,65,,,,
Tuvalu,TUV,Oceania,Polynesia,underfunded_crisis,Underfunded Crisis Index,,,,2021-2025 cumulative,2025,lower_worse,TRUE,TRUE,27,,,,
Tuvalu,TUV,Oceania,Polynesia,oecd_fragility,OECD Multidimensional Fragility,,,,predominantly 2023,States of Fragility 2025,lower_worse,TRUE,TRUE,61,,,,
Tuvalu,TUV,Oceania,Polynesia,worldrisk,WorldRiskIndex,Tuvalu,1.47,,2025,2025,higher_worse,TRUE,TRUE,193,164,9,FALSE,FALSE
Tuvalu,TUV,Oceania,Polynesia,nd_gain,ND-GAIN Country Index,Tuvalu,43.8641281909945,,2024,2026 release,lower_worse,TRUE,TRUE,190,74,4,FALSE,FALSE
Tuvalu,TUV,Oceania,Polynesia,hdi,Human Development Index,Tuvalu,0.689,,2023,Human Development Report 2025,lower_worse,TRUE,TRUE,192,65,4,FALSE,FALSE
Tuvalu,TUV,Oceania,Polynesia,mpi,Multidimensional Poverty Index,Tuvalu,0.008084608,,2019/2020 M,Global MPI 2025,higher_worse,TRUE,TRUE,109,81,8,FALSE,FALSE
Tuvalu,TUV,Oceania,Polynesia,ghi,Global Hunger Index,,,,2025,2025,higher_worse,TRUE,TRUE,98,,,,
Tuvalu,TUV,Oceania,Polynesia,ghs,Global Health Security Index,Tuvalu,20,,2021,2021,lower_worse,TRUE,TRUE,193,8,1,TRUE,TRUE
Tuvalu,TUV,Oceania,Polynesia,wps,"Women, Peace and Security Index",,,,2025,2025/26,lower_worse,TRUE,TRUE,177,,,,
Tuvalu,TUV,Oceania,Polynesia,un_mvi,UN Multidimensional Vulnerability Index,Tuvalu,64.3,,2023,High-Level Panel results,higher_worse,TRUE,TRUE,142,11,1,TRUE,TRUE
Tuvalu,TUV,Oceania,Polynesia,debt_distress,Debt-distress classification,Tuvalu,3,High,9/12/2025,31 March 2026,higher_worse,FALSE,FALSE,67,,,,
Tuvalu,TUV,Oceania,Polynesia,searo,Sexual Exploitation and Abuse Risk Overview,,,,December 2025,2026 v1.2,higher_worse,TRUE,TRUE,38,,,,
Tuvalu,TUV,Oceania,Polynesia,disaster_displacement,Disaster Displacement Risk Model,,,,current climate,GDRM 2.0,higher_worse,TRUE,TRUE,0,,,,
Tuvalu,TUV,Oceania,Polynesia,internal_displacement,Internal Displacement Index,,,,2022,IDI 2023 publication,lower_worse,TRUE,TRUE,44,,,,
Uganda,UGA,Africa,Sub-Saharan Africa,inform_risk,INFORM Risk,Uganda,6.5,,2026,2026 v0.7.2,higher_worse,TRUE,TRUE,191,20,1,TRUE,TRUE
Uganda,UGA,Africa,Sub-Saharan Africa,inform_severity,INFORM Severity,Uganda,6,,2026-06,June 2026,higher_worse,TRUE,TRUE,65,39,6,FALSE,FALSE
Uganda,UGA,Africa,Sub-Saharan Africa,underfunded_crisis,Underfunded Crisis Index,,,,2021-2025 cumulative,2025,lower_worse,TRUE,TRUE,27,,,,
Uganda,UGA,Africa,Sub-Saharan Africa,oecd_fragility,OECD Multidimensional Fragility,Uganda,-2.35667639976198,,predominantly 2023,States of Fragility 2025,lower_worse,TRUE,TRUE,61,28,5,FALSE,FALSE
Uganda,UGA,Africa,Sub-Saharan Africa,worldrisk,WorldRiskIndex,Uganda,2.81,,2025,2025,higher_worse,TRUE,TRUE,193,129,7,FALSE,FALSE
Uganda,UGA,Africa,Sub-Saharan Africa,nd_gain,ND-GAIN Country Index,Uganda,35.9407767987571,,2024,2026 release,lower_worse,TRUE,TRUE,190,24,2,FALSE,TRUE
Uganda,UGA,Africa,Sub-Saharan Africa,hdi,Human Development Index,Uganda,0.582,,2023,Human Development Report 2025,lower_worse,TRUE,TRUE,192,36,2,FALSE,TRUE
Uganda,UGA,Africa,Sub-Saharan Africa,mpi,Multidimensional Poverty Index,Uganda,0.281028478,,2016 D,Global MPI 2025,higher_worse,TRUE,TRUE,109,18,2,FALSE,TRUE
Uganda,UGA,Africa,Sub-Saharan Africa,ghi,Global Hunger Index,Uganda,20.2,20.2,2025,2025,higher_worse,TRUE,TRUE,98,37,4,FALSE,FALSE
Uganda,UGA,Africa,Sub-Saharan Africa,ghs,Global Health Security Index,Uganda,36.5,,2021,2021,lower_worse,TRUE,TRUE,193,103,6,FALSE,FALSE
Uganda,UGA,Africa,Sub-Saharan Africa,wps,"Women, Peace and Security Index",Uganda,0.587,,2025,2025/26,lower_worse,TRUE,TRUE,177,43,3,FALSE,FALSE
Uganda,UGA,Africa,Sub-Saharan Africa,un_mvi,UN Multidimensional Vulnerability Index,Uganda,54.5,,2023,High-Level Panel results,higher_worse,TRUE,TRUE,142,61,5,FALSE,FALSE
Uganda,UGA,Africa,Sub-Saharan Africa,debt_distress,Debt-distress classification,Uganda,2,Moderate,2/3/2026,31 March 2026,higher_worse,FALSE,FALSE,67,,,,
Uganda,UGA,Africa,Sub-Saharan Africa,searo,Sexual Exploitation and Abuse Risk Overview,,,,December 2025,2026 v1.2,higher_worse,TRUE,TRUE,38,,,,
Uganda,UGA,Africa,Sub-Saharan Africa,disaster_displacement,Disaster Displacement Risk Model,,,,current climate,GDRM 2.0,higher_worse,TRUE,TRUE,0,,,,
Uganda,UGA,Africa,Sub-Saharan Africa,internal_displacement,Internal Displacement Index,Uganda,0.7783377096771493,,2022,IDI 2023 publication,lower_worse,TRUE,TRUE,44,33,8,FALSE,FALSE
Ukraine,UKR,Europe,Eastern Europe,inform_risk,INFORM Risk,Ukraine,5.6,,2026,2026 v0.7.2,higher_worse,TRUE,TRUE,191,35,2,FALSE,TRUE
Ukraine,UKR,Europe,Eastern Europe,inform_severity,INFORM Severity,Ukraine,9.1,,2026-06,June 2026,higher_worse,TRUE,TRUE,65,7,1,TRUE,TRUE
Ukraine,UKR,Europe,Eastern Europe,underfunded_crisis,Underfunded Crisis Index,Ukraine,79.570604,79.6%,2021-2025 cumulative,2025,lower_worse,TRUE,TRUE,27,25,9,FALSE,FALSE
Ukraine,UKR,Europe,Eastern Europe,oecd_fragility,OECD Multidimensional Fragility,,,,predominantly 2023,States of Fragility 2025,lower_worse,TRUE,TRUE,61,,,,
Ukraine,UKR,Europe,Eastern Europe,worldrisk,WorldRiskIndex,Ukraine,4.34,,2025,2025,higher_worse,TRUE,TRUE,193,92,5,FALSE,FALSE
Ukraine,UKR,Europe,Eastern Europe,nd_gain,ND-GAIN Country Index,Ukraine,53.5318908572277,,2024,2026 release,lower_worse,TRUE,TRUE,190,133,7,FALSE,FALSE
Ukraine,UKR,Europe,Eastern Europe,hdi,Human Development Index,Ukraine,0.779,,2023,Human Development Report 2025,lower_worse,TRUE,TRUE,192,107,6,FALSE,FALSE
Ukraine,UKR,Europe,Eastern Europe,mpi,Multidimensional Poverty Index,,,,country-specific survey year,Global MPI 2025,higher_worse,TRUE,TRUE,109,,,,
Ukraine,UKR,Europe,Eastern Europe,ghi,Global Hunger Index,Ukraine,10.4,10.4,2025,2025,higher_worse,TRUE,TRUE,98,68,7,FALSE,FALSE
Ukraine,UKR,Europe,Eastern Europe,ghs,Global Health Security Index,Ukraine,38.9,,2021,2021,lower_worse,TRUE,TRUE,193,111,6,FALSE,FALSE
Ukraine,UKR,Europe,Eastern Europe,wps,"Women, Peace and Security Index",Ukraine,0.645,,2025,2025/26,lower_worse,TRUE,TRUE,177,66,4,FALSE,FALSE
Ukraine,UKR,Europe,Eastern Europe,un_mvi,UN Multidimensional Vulnerability Index,,,,2023,High-Level Panel results,higher_worse,TRUE,TRUE,142,,,,
Ukraine,UKR,Europe,Eastern Europe,debt_distress,Debt-distress classification,,,,latest DSA as of 2026-03-31,31 March 2026,higher_worse,FALSE,FALSE,67,,,,
Ukraine,UKR,Europe,Eastern Europe,searo,Sexual Exploitation and Abuse Risk Overview,Ukraine,5.895560409572443,,December 2025,2026 v1.2,higher_worse,TRUE,TRUE,38,21,6,FALSE,FALSE
Ukraine,UKR,Europe,Eastern Europe,disaster_displacement,Disaster Displacement Risk Model,,,,current climate,GDRM 2.0,higher_worse,TRUE,TRUE,0,,,,
Ukraine,UKR,Europe,Eastern Europe,internal_displacement,Internal Displacement Index,Ukraine,0.7205186216277517,,2022,IDI 2023 publication,lower_worse,TRUE,TRUE,44,17,4,FALSE,FALSE
United Arab Emirates,ARE,Asia,Western Asia,inform_risk,INFORM Risk,United Arab Emirates,2.3,,2026,2026 v0.7.2,higher_worse,TRUE,TRUE,191,159,9,FALSE,FALSE
United Arab Emirates,ARE,Asia,Western Asia,inform_severity,INFORM Severity,,,,2026-06,June 2026,higher_worse,TRUE,TRUE,65,,,,
United Arab Emirates,ARE,Asia,Western Asia,underfunded_crisis,Underfunded Crisis Index,,,,2021-2025 cumulative,2025,lower_worse,TRUE,TRUE,27,,,,
United Arab Emirates,ARE,Asia,Western Asia,oecd_fragility,OECD Multidimensional Fragility,,,,predominantly 2023,States of Fragility 2025,lower_worse,TRUE,TRUE,61,,,,
United Arab Emirates,ARE,Asia,Western Asia,worldrisk,WorldRiskIndex,United Arab Emirates,5.97,,2025,2025,higher_worse,TRUE,TRUE,193,78,4,FALSE,FALSE
United Arab Emirates,ARE,Asia,Western Asia,nd_gain,ND-GAIN Country Index,United Arab Emirates,53.6932160228041,,2024,2026 release,lower_worse,TRUE,TRUE,190,135,8,FALSE,FALSE
United Arab Emirates,ARE,Asia,Western Asia,hdi,Human Development Index,United Arab Emirates,0.94,,2023,Human Development Report 2025,lower_worse,TRUE,TRUE,192,179,10,FALSE,FALSE
United Arab Emirates,ARE,Asia,Western Asia,mpi,Multidimensional Poverty Index,,,,country-specific survey year,Global MPI 2025,higher_worse,TRUE,TRUE,109,,,,
United Arab Emirates,ARE,Asia,Western Asia,ghi,Global Hunger Index,United Arab Emirates,,<5,2025,2025,higher_worse,TRUE,TRUE,98,,,,
United Arab Emirates,ARE,Asia,Western Asia,ghs,Global Health Security Index,United Arab Emirates,39.6,,2021,2021,lower_worse,TRUE,TRUE,193,114,6,FALSE,FALSE
United Arab Emirates,ARE,Asia,Western Asia,wps,"Women, Peace and Security Index",United Arab Emirates,0.872,,2025,2025/26,lower_worse,TRUE,TRUE,177,158,9,FALSE,FALSE
United Arab Emirates,ARE,Asia,Western Asia,un_mvi,UN Multidimensional Vulnerability Index,United Arab Emirates,54.4,,2023,High-Level Panel results,higher_worse,TRUE,TRUE,142,63,5,FALSE,FALSE
United Arab Emirates,ARE,Asia,Western Asia,debt_distress,Debt-distress classification,,,,latest DSA as of 2026-03-31,31 March 2026,higher_worse,FALSE,FALSE,67,,,,
United Arab Emirates,ARE,Asia,Western Asia,searo,Sexual Exploitation and Abuse Risk Overview,,,,December 2025,2026 v1.2,higher_worse,TRUE,TRUE,38,,,,
United Arab Emirates,ARE,Asia,Western Asia,disaster_displacement,Disaster Displacement Risk Model,,,,current climate,GDRM 2.0,higher_worse,TRUE,TRUE,0,,,,
United Arab Emirates,ARE,Asia,Western Asia,internal_displacement,Internal Displacement Index,,,,2022,IDI 2023 publication,lower_worse,TRUE,TRUE,44,,,,
United Kingdom of Great Britain and Northern Ireland,GBR,Europe,Northern Europe,inform_risk,INFORM Risk,United Kingdom,2.1,,2026,2026 v0.7.2,higher_worse,TRUE,TRUE,191,165,9,FALSE,FALSE
United Kingdom of Great Britain and Northern Ireland,GBR,Europe,Northern Europe,inform_severity,INFORM Severity,,,,2026-06,June 2026,higher_worse,TRUE,TRUE,65,,,,
United Kingdom of Great Britain and Northern Ireland,GBR,Europe,Northern Europe,underfunded_crisis,Underfunded Crisis Index,,,,2021-2025 cumulative,2025,lower_worse,TRUE,TRUE,27,,,,
United Kingdom of Great Britain and Northern Ireland,GBR,Europe,Northern Europe,oecd_fragility,OECD Multidimensional Fragility,,,,predominantly 2023,States of Fragility 2025,lower_worse,TRUE,TRUE,61,,,,
United Kingdom of Great Britain and Northern Ireland,GBR,Europe,Northern Europe,worldrisk,WorldRiskIndex,United Kingdom of Great Britain and Northern Ireland,6.14,,2025,2025,higher_worse,TRUE,TRUE,193,76,4,FALSE,FALSE
United Kingdom of Great Britain and Northern Ireland,GBR,Europe,Northern Europe,nd_gain,ND-GAIN Country Index,United Kingdom,68.5989117683963,,2024,2026 release,lower_worse,TRUE,TRUE,190,186,10,FALSE,FALSE
United Kingdom of Great Britain and Northern Ireland,GBR,Europe,Northern Europe,hdi,Human Development Index,United Kingdom,0.946,,2023,Human Development Report 2025,lower_worse,TRUE,TRUE,192,180,10,FALSE,FALSE
United Kingdom of Great Britain and Northern Ireland,GBR,Europe,Northern Europe,mpi,Multidimensional Poverty Index,,,,country-specific survey year,Global MPI 2025,higher_worse,TRUE,TRUE,109,,,,
United Kingdom of Great Britain and Northern Ireland,GBR,Europe,Northern Europe,ghi,Global Hunger Index,,,,2025,2025,higher_worse,TRUE,TRUE,98,,,,
United Kingdom of Great Britain and Northern Ireland,GBR,Europe,Northern Europe,ghs,Global Health Security Index,United Kingdom,67.2,,2021,2021,lower_worse,TRUE,TRUE,193,187,10,FALSE,FALSE
United Kingdom of Great Britain and Northern Ireland,GBR,Europe,Northern Europe,wps,"Women, Peace and Security Index",United Kingdom,0.864,,2025,2025/26,lower_worse,TRUE,TRUE,177,154,9,FALSE,FALSE
United Kingdom of Great Britain and Northern Ireland,GBR,Europe,Northern Europe,un_mvi,UN Multidimensional Vulnerability Index,,,,2023,High-Level Panel results,higher_worse,TRUE,TRUE,142,,,,
United Kingdom of Great Britain and Northern Ireland,GBR,Europe,Northern Europe,debt_distress,Debt-distress classification,,,,latest DSA as of 2026-03-31,31 March 2026,higher_worse,FALSE,FALSE,67,,,,
United Kingdom of Great Britain and Northern Ireland,GBR,Europe,Northern Europe,searo,Sexual Exploitation and Abuse Risk Overview,,,,December 2025,2026 v1.2,higher_worse,TRUE,TRUE,38,,,,
United Kingdom of Great Britain and Northern Ireland,GBR,Europe,Northern Europe,disaster_displacement,Disaster Displacement Risk Model,,,,current climate,GDRM 2.0,higher_worse,TRUE,TRUE,0,,,,
United Kingdom of Great Britain and Northern Ireland,GBR,Europe,Northern Europe,internal_displacement,Internal Displacement Index,,,,2022,IDI 2023 publication,lower_worse,TRUE,TRUE,44,,,,
United Republic of Tanzania,TZA,Africa,Sub-Saharan Africa,inform_risk,INFORM Risk,Tanzania,5.6,,2026,2026 v0.7.2,higher_worse,TRUE,TRUE,191,35,2,FALSE,TRUE
United Republic of Tanzania,TZA,Africa,Sub-Saharan Africa,inform_severity,INFORM Severity,Tanzania,5.5,,2026-06,June 2026,higher_worse,TRUE,TRUE,65,47,8,FALSE,FALSE
United Republic of Tanzania,TZA,Africa,Sub-Saharan Africa,underfunded_crisis,Underfunded Crisis Index,,,,2021-2025 cumulative,2025,lower_worse,TRUE,TRUE,27,,,,
United Republic of Tanzania,TZA,Africa,Sub-Saharan Africa,oecd_fragility,OECD Multidimensional Fragility,"Tanzania, the United Republic of",-1.44560657929613,,predominantly 2023,States of Fragility 2025,lower_worse,TRUE,TRUE,61,51,9,FALSE,FALSE
United Republic of Tanzania,TZA,Africa,Sub-Saharan Africa,worldrisk,WorldRiskIndex,United Republic of Tanzania,16.11,,2025,2025,higher_worse,TRUE,TRUE,193,30,2,FALSE,TRUE
United Republic of Tanzania,TZA,Africa,Sub-Saharan Africa,nd_gain,ND-GAIN Country Index,"Tanzania, United Republic of",41.5405911823915,,2024,2026 release,lower_worse,TRUE,TRUE,190,56,3,FALSE,FALSE
United Republic of Tanzania,TZA,Africa,Sub-Saharan Africa,hdi,Human Development Index,Tanzania (United Republic of),0.555,,2023,Human Development Report 2025,lower_worse,TRUE,TRUE,192,29,2,FALSE,TRUE
United Republic of Tanzania,TZA,Africa,Sub-Saharan Africa,mpi,Multidimensional Poverty Index,Tanzania (United Republic of),0.2213366,,2022 D,Global MPI 2025,higher_worse,TRUE,TRUE,109,28,3,FALSE,FALSE
United Republic of Tanzania,TZA,Africa,Sub-Saharan Africa,ghi,Global Hunger Index,Tanzania (United Rep. of),21.1,21.1,2025,2025,higher_worse,TRUE,TRUE,98,33,4,FALSE,FALSE
United Republic of Tanzania,TZA,Africa,Sub-Saharan Africa,ghs,Global Health Security Index,Tanzania,31.3,,2021,2021,lower_worse,TRUE,TRUE,193,70,4,FALSE,FALSE
United Republic of Tanzania,TZA,Africa,Sub-Saharan Africa,wps,"Women, Peace and Security Index",Tanzania,0.624,,2025,2025/26,lower_worse,TRUE,TRUE,177,60,4,FALSE,FALSE
United Republic of Tanzania,TZA,Africa,Sub-Saharan Africa,un_mvi,UN Multidimensional Vulnerability Index,United Republic of Tanzania,41.6,,2023,High-Level Panel results,higher_worse,TRUE,TRUE,142,132,10,FALSE,FALSE
United Republic of Tanzania,TZA,Africa,Sub-Saharan Africa,debt_distress,Debt-distress classification,Tanzania,2,Moderate,7/3/2025,31 March 2026,higher_worse,FALSE,FALSE,67,,,,
United Republic of Tanzania,TZA,Africa,Sub-Saharan Africa,searo,Sexual Exploitation and Abuse Risk Overview,,,,December 2025,2026 v1.2,higher_worse,TRUE,TRUE,38,,,,
United Republic of Tanzania,TZA,Africa,Sub-Saharan Africa,disaster_displacement,Disaster Displacement Risk Model,,,,current climate,GDRM 2.0,higher_worse,TRUE,TRUE,0,,,,
United Republic of Tanzania,TZA,Africa,Sub-Saharan Africa,internal_displacement,Internal Displacement Index,,,,2022,IDI 2023 publication,lower_worse,TRUE,TRUE,44,,,,
United States of America,USA,Americas,Northern America,inform_risk,INFORM Risk,United States of America,3.2,,2026,2026 v0.7.2,higher_worse,TRUE,TRUE,191,115,6,FALSE,FALSE
United States of America,USA,Americas,Northern America,inform_severity,INFORM Severity,,,,2026-06,June 2026,higher_worse,TRUE,TRUE,65,,,,
United States of America,USA,Americas,Northern America,underfunded_crisis,Underfunded Crisis Index,,,,2021-2025 cumulative,2025,lower_worse,TRUE,TRUE,27,,,,
United States of America,USA,Americas,Northern America,oecd_fragility,OECD Multidimensional Fragility,,,,predominantly 2023,States of Fragility 2025,lower_worse,TRUE,TRUE,61,,,,
United States of America,USA,Americas,Northern America,worldrisk,WorldRiskIndex,United States of America,23.09,,2025,2025,higher_worse,TRUE,TRUE,193,21,2,FALSE,TRUE
United States of America,USA,Americas,Northern America,nd_gain,ND-GAIN Country Index,United States,65.7471837826021,,2024,2026 release,lower_worse,TRUE,TRUE,190,174,10,FALSE,FALSE
United States of America,USA,Americas,Northern America,hdi,Human Development Index,United States,0.938,,2023,Human Development Report 2025,lower_worse,TRUE,TRUE,192,175,10,FALSE,FALSE
United States of America,USA,Americas,Northern America,mpi,Multidimensional Poverty Index,,,,country-specific survey year,Global MPI 2025,higher_worse,TRUE,TRUE,109,,,,
United States of America,USA,Americas,Northern America,ghi,Global Hunger Index,,,,2025,2025,higher_worse,TRUE,TRUE,98,,,,
United States of America,USA,Americas,Northern America,ghs,Global Health Security Index,United States of America,75.9,,2021,2021,lower_worse,TRUE,TRUE,193,193,10,FALSE,FALSE
United States of America,USA,Americas,Northern America,wps,"Women, Peace and Security Index",United States,0.84,,2025,2025/26,lower_worse,TRUE,TRUE,177,148,9,FALSE,FALSE
United States of America,USA,Americas,Northern America,un_mvi,UN Multidimensional Vulnerability Index,,,,2023,High-Level Panel results,higher_worse,TRUE,TRUE,142,,,,
United States of America,USA,Americas,Northern America,debt_distress,Debt-distress classification,,,,latest DSA as of 2026-03-31,31 March 2026,higher_worse,FALSE,FALSE,67,,,,
United States of America,USA,Americas,Northern America,searo,Sexual Exploitation and Abuse Risk Overview,,,,December 2025,2026 v1.2,higher_worse,TRUE,TRUE,38,,,,
United States of America,USA,Americas,Northern America,disaster_displacement,Disaster Displacement Risk Model,,,,current climate,GDRM 2.0,higher_worse,TRUE,TRUE,0,,,,
United States of America,USA,Americas,Northern America,internal_displacement,Internal Displacement Index,,,,2022,IDI 2023 publication,lower_worse,TRUE,TRUE,44,,,,
Uruguay,URY,Americas,Latin America and the Caribbean,inform_risk,INFORM Risk,Uruguay,2.5,,2026,2026 v0.7.2,higher_worse,TRUE,TRUE,191,148,8,FALSE,FALSE
Uruguay,URY,Americas,Latin America and the Caribbean,inform_severity,INFORM Severity,,,,2026-06,June 2026,higher_worse,TRUE,TRUE,65,,,,
Uruguay,URY,Americas,Latin America and the Caribbean,underfunded_crisis,Underfunded Crisis Index,,,,2021-2025 cumulative,2025,lower_worse,TRUE,TRUE,27,,,,
Uruguay,URY,Americas,Latin America and the Caribbean,oecd_fragility,OECD Multidimensional Fragility,,,,predominantly 2023,States of Fragility 2025,lower_worse,TRUE,TRUE,61,,,,
Uruguay,URY,Americas,Latin America and the Caribbean,worldrisk,WorldRiskIndex,Uruguay,5.21,,2025,2025,higher_worse,TRUE,TRUE,193,82,5,FALSE,FALSE
Uruguay,URY,Americas,Latin America and the Caribbean,nd_gain,ND-GAIN Country Index,Uruguay,54.6744998091661,,2024,2026 release,lower_worse,TRUE,TRUE,190,139,8,FALSE,FALSE
Uruguay,URY,Americas,Latin America and the Caribbean,hdi,Human Development Index,Uruguay,0.862,,2023,Human Development Report 2025,lower_worse,TRUE,TRUE,192,145,8,FALSE,FALSE
Uruguay,URY,Americas,Latin America and the Caribbean,mpi,Multidimensional Poverty Index,,,,country-specific survey year,Global MPI 2025,higher_worse,TRUE,TRUE,109,,,,
Uruguay,URY,Americas,Latin America and the Caribbean,ghi,Global Hunger Index,Uruguay,,<5,2025,2025,higher_worse,TRUE,TRUE,98,,,,
Uruguay,URY,Americas,Latin America and the Caribbean,ghs,Global Health Security Index,Uruguay,40.3,,2021,2021,lower_worse,TRUE,TRUE,193,118,7,FALSE,FALSE
Uruguay,URY,Americas,Latin America and the Caribbean,wps,"Women, Peace and Security Index",Uruguay,0.822,,2025,2025/26,lower_worse,TRUE,TRUE,177,144,9,FALSE,FALSE
Uruguay,URY,Americas,Latin America and the Caribbean,un_mvi,UN Multidimensional Vulnerability Index,Uruguay,44.7,,2023,High-Level Panel results,higher_worse,TRUE,TRUE,142,115,9,FALSE,FALSE
Uruguay,URY,Americas,Latin America and the Caribbean,debt_distress,Debt-distress classification,,,,latest DSA as of 2026-03-31,31 March 2026,higher_worse,FALSE,FALSE,67,,,,
Uruguay,URY,Americas,Latin America and the Caribbean,searo,Sexual Exploitation and Abuse Risk Overview,,,,December 2025,2026 v1.2,higher_worse,TRUE,TRUE,38,,,,
Uruguay,URY,Americas,Latin America and the Caribbean,disaster_displacement,Disaster Displacement Risk Model,,,,current climate,GDRM 2.0,higher_worse,TRUE,TRUE,0,,,,
Uruguay,URY,Americas,Latin America and the Caribbean,internal_displacement,Internal Displacement Index,,,,2022,IDI 2023 publication,lower_worse,TRUE,TRUE,44,,,,
Uzbekistan,UZB,Asia,Central Asia,inform_risk,INFORM Risk,Uzbekistan,3.6,,2026,2026 v0.7.2,higher_worse,TRUE,TRUE,191,98,6,FALSE,FALSE
Uzbekistan,UZB,Asia,Central Asia,inform_severity,INFORM Severity,,,,2026-06,June 2026,higher_worse,TRUE,TRUE,65,,,,
Uzbekistan,UZB,Asia,Central Asia,underfunded_crisis,Underfunded Crisis Index,,,,2021-2025 cumulative,2025,lower_worse,TRUE,TRUE,27,,,,
Uzbekistan,UZB,Asia,Central Asia,oecd_fragility,OECD Multidimensional Fragility,,,,predominantly 2023,States of Fragility 2025,lower_worse,TRUE,TRUE,61,,,,
Uzbekistan,UZB,Asia,Central Asia,worldrisk,WorldRiskIndex,Uzbekistan,1.42,,2025,2025,higher_worse,TRUE,TRUE,193,166,9,FALSE,FALSE
Uzbekistan,UZB,Asia,Central Asia,nd_gain,ND-GAIN Country Index,Uzbekistan,52.4708164056303,,2024,2026 release,lower_worse,TRUE,TRUE,190,127,7,FALSE,FALSE
Uzbekistan,UZB,Asia,Central Asia,hdi,Human Development Index,Uzbekistan,0.74,,2023,Human Development Report 2025,lower_worse,TRUE,TRUE,192,87,5,FALSE,FALSE
Uzbekistan,UZB,Asia,Central Asia,mpi,Multidimensional Poverty Index,Uzbekistan,0.006103756,,2021/2022 M,Global MPI 2025,higher_worse,TRUE,TRUE,109,86,8,FALSE,FALSE
Uzbekistan,UZB,Asia,Central Asia,ghi,Global Hunger Index,Uzbekistan,,<5,2025,2025,higher_worse,TRUE,TRUE,98,,,,
Uzbekistan,UZB,Asia,Central Asia,ghs,Global Health Security Index,Uzbekistan,39,,2021,2021,lower_worse,TRUE,TRUE,193,112,6,FALSE,FALSE
Uzbekistan,UZB,Asia,Central Asia,wps,"Women, Peace and Security Index",Uzbekistan,0.674,,2025,2025/26,lower_worse,TRUE,TRUE,177,84,5,FALSE,FALSE
Uzbekistan,UZB,Asia,Central Asia,un_mvi,UN Multidimensional Vulnerability Index,Uzbekistan,49.2,,2023,High-Level Panel results,higher_worse,TRUE,TRUE,142,88,7,FALSE,FALSE
Uzbekistan,UZB,Asia,Central Asia,debt_distress,Debt-distress classification,Uzbekistan,1,Low,6/24/2025,31 March 2026,higher_worse,FALSE,FALSE,67,,,,
Uzbekistan,UZB,Asia,Central Asia,searo,Sexual Exploitation and Abuse Risk Overview,,,,December 2025,2026 v1.2,higher_worse,TRUE,TRUE,38,,,,
Uzbekistan,UZB,Asia,Central Asia,disaster_displacement,Disaster Displacement Risk Model,,,,current climate,GDRM 2.0,higher_worse,TRUE,TRUE,0,,,,
Uzbekistan,UZB,Asia,Central Asia,internal_displacement,Internal Displacement Index,,,,2022,IDI 2023 publication,lower_worse,TRUE,TRUE,44,,,,
Vanuatu,VUT,Oceania,Melanesia,inform_risk,INFORM Risk,Vanuatu,4.5,,2026,2026 v0.7.2,higher_worse,TRUE,TRUE,191,72,4,FALSE,FALSE
Vanuatu,VUT,Oceania,Melanesia,inform_severity,INFORM Severity,,,,2026-06,June 2026,higher_worse,TRUE,TRUE,65,,,,
Vanuatu,VUT,Oceania,Melanesia,underfunded_crisis,Underfunded Crisis Index,,,,2021-2025 cumulative,2025,lower_worse,TRUE,TRUE,27,,,,
Vanuatu,VUT,Oceania,Melanesia,oecd_fragility,OECD Multidimensional Fragility,,,,predominantly 2023,States of Fragility 2025,lower_worse,TRUE,TRUE,61,,,,
Vanuatu,VUT,Oceania,Melanesia,worldrisk,WorldRiskIndex,Vanuatu,11.67,,2025,2025,higher_worse,TRUE,TRUE,193,44,3,FALSE,FALSE
Vanuatu,VUT,Oceania,Melanesia,nd_gain,ND-GAIN Country Index,Vanuatu,37.6971941593008,,2024,2026 release,lower_worse,TRUE,TRUE,190,35,2,FALSE,TRUE
Vanuatu,VUT,Oceania,Melanesia,hdi,Human Development Index,Vanuatu,0.621,,2023,Human Development Report 2025,lower_worse,TRUE,TRUE,192,48,3,FALSE,FALSE
Vanuatu,VUT,Oceania,Melanesia,mpi,Multidimensional Poverty Index,Vanuatu,0.11676331,,2023 M,Global MPI 2025,higher_worse,TRUE,TRUE,109,39,4,FALSE,FALSE
Vanuatu,VUT,Oceania,Melanesia,ghi,Global Hunger Index,,,,2025,2025,higher_worse,TRUE,TRUE,98,,,,
Vanuatu,VUT,Oceania,Melanesia,ghs,Global Health Security Index,Vanuatu,25.9,,2021,2021,lower_worse,TRUE,TRUE,193,26,2,FALSE,TRUE
Vanuatu,VUT,Oceania,Melanesia,wps,"Women, Peace and Security Index",Vanuatu,0.646,,2025,2025/26,lower_worse,TRUE,TRUE,177,67,4,FALSE,FALSE
Vanuatu,VUT,Oceania,Melanesia,un_mvi,UN Multidimensional Vulnerability Index,Vanuatu,54.4,,2023,High-Level Panel results,higher_worse,TRUE,TRUE,142,63,5,FALSE,FALSE
Vanuatu,VUT,Oceania,Melanesia,debt_distress,Debt-distress classification,Vanuatu,2,Moderate,9/25/2025,31 March 2026,higher_worse,FALSE,FALSE,67,,,,
Vanuatu,VUT,Oceania,Melanesia,searo,Sexual Exploitation and Abuse Risk Overview,,,,December 2025,2026 v1.2,higher_worse,TRUE,TRUE,38,,,,
Vanuatu,VUT,Oceania,Melanesia,disaster_displacement,Disaster Displacement Risk Model,,,,current climate,GDRM 2.0,higher_worse,TRUE,TRUE,0,,,,
Vanuatu,VUT,Oceania,Melanesia,internal_displacement,Internal Displacement Index,,,,2022,IDI 2023 publication,lower_worse,TRUE,TRUE,44,,,,
Viet Nam,VNM,Asia,South-eastern Asia,inform_risk,INFORM Risk,Viet Nam,4,,2026,2026 v0.7.2,higher_worse,TRUE,TRUE,191,84,5,FALSE,FALSE
Viet Nam,VNM,Asia,South-eastern Asia,inform_severity,INFORM Severity,,,,2026-06,June 2026,higher_worse,TRUE,TRUE,65,,,,
Viet Nam,VNM,Asia,South-eastern Asia,underfunded_crisis,Underfunded Crisis Index,,,,2021-2025 cumulative,2025,lower_worse,TRUE,TRUE,27,,,,
Viet Nam,VNM,Asia,South-eastern Asia,oecd_fragility,OECD Multidimensional Fragility,,,,predominantly 2023,States of Fragility 2025,lower_worse,TRUE,TRUE,61,,,,
Viet Nam,VNM,Asia,South-eastern Asia,worldrisk,WorldRiskIndex,Viet Nam,25.92,,2025,2025,higher_worse,TRUE,TRUE,193,13,1,TRUE,TRUE
Viet Nam,VNM,Asia,South-eastern Asia,nd_gain,ND-GAIN Country Index,Viet Nam,45.899190271821,,2024,2026 release,lower_worse,TRUE,TRUE,190,87,5,FALSE,FALSE
Viet Nam,VNM,Asia,South-eastern Asia,hdi,Human Development Index,Viet Nam,0.766,,2023,Human Development Report 2025,lower_worse,TRUE,TRUE,192,100,6,FALSE,FALSE
Viet Nam,VNM,Asia,South-eastern Asia,mpi,Multidimensional Poverty Index,Viet Nam,0.007729395,,2020/2021 M,Global MPI 2025,higher_worse,TRUE,TRUE,109,83,8,FALSE,FALSE
Viet Nam,VNM,Asia,South-eastern Asia,ghi,Global Hunger Index,Viet Nam,11.1,11.1,2025,2025,higher_worse,TRUE,TRUE,98,64,7,FALSE,FALSE
Viet Nam,VNM,Asia,South-eastern Asia,ghs,Global Health Security Index,Vietnam,42.9,,2021,2021,lower_worse,TRUE,TRUE,193,129,7,FALSE,FALSE
Viet Nam,VNM,Asia,South-eastern Asia,wps,"Women, Peace and Security Index",Viet Nam,0.721,,2025,2025/26,lower_worse,TRUE,TRUE,177,107,6,FALSE,FALSE
Viet Nam,VNM,Asia,South-eastern Asia,un_mvi,UN Multidimensional Vulnerability Index,Viet Nam,42.3,,2023,High-Level Panel results,higher_worse,TRUE,TRUE,142,128,9,FALSE,FALSE
Viet Nam,VNM,Asia,South-eastern Asia,debt_distress,Debt-distress classification,,,,latest DSA as of 2026-03-31,31 March 2026,higher_worse,FALSE,FALSE,67,,,,
Viet Nam,VNM,Asia,South-eastern Asia,searo,Sexual Exploitation and Abuse Risk Overview,,,,December 2025,2026 v1.2,higher_worse,TRUE,TRUE,38,,,,
Viet Nam,VNM,Asia,South-eastern Asia,disaster_displacement,Disaster Displacement Risk Model,,,,current climate,GDRM 2.0,higher_worse,TRUE,TRUE,0,,,,
Viet Nam,VNM,Asia,South-eastern Asia,internal_displacement,Internal Displacement Index,,,,2022,IDI 2023 publication,lower_worse,TRUE,TRUE,44,,,,
Yemen,YEM,Asia,Western Asia,inform_risk,INFORM Risk,Yemen,8.1,,2026,2026 v0.7.2,higher_worse,TRUE,TRUE,191,2,1,TRUE,TRUE
Yemen,YEM,Asia,Western Asia,inform_severity,INFORM Severity,Yemen,9.2,,2026-06,June 2026,higher_worse,TRUE,TRUE,65,4,1,TRUE,TRUE
Yemen,YEM,Asia,Western Asia,underfunded_crisis,Underfunded Crisis Index,Yemen,54.2561285,54.3%,2021-2025 cumulative,2025,lower_worse,TRUE,TRUE,27,16,6,FALSE,FALSE
Yemen,YEM,Asia,Western Asia,oecd_fragility,OECD Multidimensional Fragility,Yemen,-4.29634349561592,,predominantly 2023,States of Fragility 2025,lower_worse,TRUE,TRUE,61,4,1,TRUE,TRUE
Yemen,YEM,Asia,Western Asia,worldrisk,WorldRiskIndex,Yemen,24.83,,2025,2025,higher_worse,TRUE,TRUE,193,16,1,TRUE,TRUE
Yemen,YEM,Asia,Western Asia,nd_gain,ND-GAIN Country Index,Yemen,31.3326371939657,,2024,2026 release,lower_worse,TRUE,TRUE,190,7,1,TRUE,TRUE
Yemen,YEM,Asia,Western Asia,hdi,Human Development Index,Yemen,0.47,,2023,Human Development Report 2025,lower_worse,TRUE,TRUE,192,10,1,TRUE,TRUE
Yemen,YEM,Asia,Western Asia,mpi,Multidimensional Poverty Index,Yemen,0.1878396,,2022/2023 M,Global MPI 2025,higher_worse,TRUE,TRUE,109,33,3,FALSE,FALSE
Yemen,YEM,Asia,Western Asia,ghi,Global Hunger Index,Yemen,,35–49.9*,2025,2025,higher_worse,TRUE,TRUE,98,,,,
Yemen,YEM,Asia,Western Asia,ghs,Global Health Security Index,Yemen,16.1,,2021,2021,lower_worse,TRUE,TRUE,193,2,1,TRUE,TRUE
Yemen,YEM,Asia,Western Asia,wps,"Women, Peace and Security Index",Yemen,0.323,,2025,2025/26,lower_worse,TRUE,TRUE,177,2,1,TRUE,TRUE
Yemen,YEM,Asia,Western Asia,un_mvi,UN Multidimensional Vulnerability Index,Yemen,72.9,,2023,High-Level Panel results,higher_worse,TRUE,TRUE,142,1,1,TRUE,TRUE
Yemen,YEM,Asia,Western Asia,debt_distress,Debt-distress classification,"Yemen, Republic of",2,Moderate,9/24/2014,31 March 2026,higher_worse,FALSE,FALSE,67,,,,
Yemen,YEM,Asia,Western Asia,searo,Sexual Exploitation and Abuse Risk Overview,Yemen,7.4203176603450824,,December 2025,2026 v1.2,higher_worse,TRUE,TRUE,38,1,1,TRUE,TRUE
Yemen,YEM,Asia,Western Asia,disaster_displacement,Disaster Displacement Risk Model,,,,current climate,GDRM 2.0,higher_worse,TRUE,TRUE,0,,,,
Yemen,YEM,Asia,Western Asia,internal_displacement,Internal Displacement Index,Yemen,0.676898030673223,,2022,IDI 2023 publication,lower_worse,TRUE,TRUE,44,8,2,FALSE,TRUE
Zambia,ZMB,Africa,Sub-Saharan Africa,inform_risk,INFORM Risk,Zambia,5.5,,2026,2026 v0.7.2,higher_worse,TRUE,TRUE,191,40,3,FALSE,FALSE
Zambia,ZMB,Africa,Sub-Saharan Africa,inform_severity,INFORM Severity,,,,2026-06,June 2026,higher_worse,TRUE,TRUE,65,,,,
Zambia,ZMB,Africa,Sub-Saharan Africa,underfunded_crisis,Underfunded Crisis Index,,,,2021-2025 cumulative,2025,lower_worse,TRUE,TRUE,27,,,,
Zambia,ZMB,Africa,Sub-Saharan Africa,oecd_fragility,OECD Multidimensional Fragility,Zambia,-1.94501031512259,,predominantly 2023,States of Fragility 2025,lower_worse,TRUE,TRUE,61,39,7,FALSE,FALSE
Zambia,ZMB,Africa,Sub-Saharan Africa,worldrisk,WorldRiskIndex,Zambia,2.94,,2025,2025,higher_worse,TRUE,TRUE,193,124,7,FALSE,FALSE
Zambia,ZMB,Africa,Sub-Saharan Africa,nd_gain,ND-GAIN Country Index,Zambia,39.1001842382185,,2024,2026 release,lower_worse,TRUE,TRUE,190,42,3,FALSE,FALSE
Zambia,ZMB,Africa,Sub-Saharan Africa,hdi,Human Development Index,Zambia,0.595,,2023,Human Development Report 2025,lower_worse,TRUE,TRUE,192,40,3,FALSE,FALSE
Zambia,ZMB,Africa,Sub-Saharan Africa,mpi,Multidimensional Poverty Index,Zambia,0.231685073,,2018 D,Global MPI 2025,higher_worse,TRUE,TRUE,109,23,3,FALSE,FALSE
Zambia,ZMB,Africa,Sub-Saharan Africa,ghi,Global Hunger Index,Zambia,29.6,29.6,2025,2025,higher_worse,TRUE,TRUE,98,14,2,FALSE,TRUE
Zambia,ZMB,Africa,Sub-Saharan Africa,ghs,Global Health Security Index,Zambia,26.5,,2021,2021,lower_worse,TRUE,TRUE,193,35,2,FALSE,TRUE
Zambia,ZMB,Africa,Sub-Saharan Africa,wps,"Women, Peace and Security Index",Zambia,0.566,,2025,2025/26,lower_worse,TRUE,TRUE,177,40,3,FALSE,FALSE
Zambia,ZMB,Africa,Sub-Saharan Africa,un_mvi,UN Multidimensional Vulnerability Index,Zambia,48.6,,2023,High-Level Panel results,higher_worse,TRUE,TRUE,142,90,7,FALSE,FALSE
Zambia,ZMB,Africa,Sub-Saharan Africa,debt_distress,Debt-distress classification,Zambia,3,High,2/2/2026,31 March 2026,higher_worse,FALSE,FALSE,67,,,,
Zambia,ZMB,Africa,Sub-Saharan Africa,searo,Sexual Exploitation and Abuse Risk Overview,Zambia,5.720945260306349,,December 2025,2026 v1.2,higher_worse,TRUE,TRUE,38,27,7,FALSE,FALSE
Zambia,ZMB,Africa,Sub-Saharan Africa,disaster_displacement,Disaster Displacement Risk Model,,,,current climate,GDRM 2.0,higher_worse,TRUE,TRUE,0,,,,
Zambia,ZMB,Africa,Sub-Saharan Africa,internal_displacement,Internal Displacement Index,,,,2022,IDI 2023 publication,lower_worse,TRUE,TRUE,44,,,,
Zimbabwe,ZWE,Africa,Sub-Saharan Africa,inform_risk,INFORM Risk,Zimbabwe,5.3,,2026,2026 v0.7.2,higher_worse,TRUE,TRUE,191,46,3,FALSE,FALSE
Zimbabwe,ZWE,Africa,Sub-Saharan Africa,inform_severity,INFORM Severity,,,,2026-06,June 2026,higher_worse,TRUE,TRUE,65,,,,
Zimbabwe,ZWE,Africa,Sub-Saharan Africa,underfunded_crisis,Underfunded Crisis Index,,,,2021-2025 cumulative,2025,lower_worse,TRUE,TRUE,27,,,,
Zimbabwe,ZWE,Africa,Sub-Saharan Africa,oecd_fragility,OECD Multidimensional Fragility,Zimbabwe,-2.5817656495108,,predominantly 2023,States of Fragility 2025,lower_worse,TRUE,TRUE,61,23,4,FALSE,FALSE
Zimbabwe,ZWE,Africa,Sub-Saharan Africa,worldrisk,WorldRiskIndex,Zimbabwe,2.38,,2025,2025,higher_worse,TRUE,TRUE,193,143,8,FALSE,FALSE
Zimbabwe,ZWE,Africa,Sub-Saharan Africa,nd_gain,ND-GAIN Country Index,Zimbabwe,35.4242305315131,,2024,2026 release,lower_worse,TRUE,TRUE,190,19,1,TRUE,TRUE
Zimbabwe,ZWE,Africa,Sub-Saharan Africa,hdi,Human Development Index,Zimbabwe,0.598,,2023,Human Development Report 2025,lower_worse,TRUE,TRUE,192,41,3,FALSE,FALSE
Zimbabwe,ZWE,Africa,Sub-Saharan Africa,mpi,Multidimensional Poverty Index,Zimbabwe,0.109941785,,2019 M,Global MPI 2025,higher_worse,TRUE,TRUE,109,43,4,FALSE,FALSE
Zimbabwe,ZWE,Africa,Sub-Saharan Africa,ghi,Global Hunger Index,Zimbabwe,20.9,20.9,2025,2025,higher_worse,TRUE,TRUE,98,34,4,FALSE,FALSE
Zimbabwe,ZWE,Africa,Sub-Saharan Africa,ghs,Global Health Security Index,Zimbabwe,32.4,,2021,2021,lower_worse,TRUE,TRUE,193,77,4,FALSE,FALSE
Zimbabwe,ZWE,Africa,Sub-Saharan Africa,wps,"Women, Peace and Security Index",Zimbabwe,0.59,,2025,2025/26,lower_worse,TRUE,TRUE,177,46,3,FALSE,FALSE
Zimbabwe,ZWE,Africa,Sub-Saharan Africa,un_mvi,UN Multidimensional Vulnerability Index,Zimbabwe,58.1,,2023,High-Level Panel results,higher_worse,TRUE,TRUE,142,42,3,FALSE,FALSE
Zimbabwe,ZWE,Africa,Sub-Saharan Africa,debt_distress,Debt-distress classification,Zimbabwe,4,In debt distress,10/2/2025,31 March 2026,higher_worse,FALSE,FALSE,67,,,,
Zimbabwe,ZWE,Africa,Sub-Saharan Africa,searo,Sexual Exploitation and Abuse Risk Overview,Zimbabwe,6.108051556308791,,December 2025,2026 v1.2,higher_worse,TRUE,TRUE,38,16,4,FALSE,FALSE
Zimbabwe,ZWE,Africa,Sub-Saharan Africa,disaster_displacement,Disaster Displacement Risk Model,,,,current climate,GDRM 2.0,higher_worse,TRUE,TRUE,0,,,,
Zimbabwe,ZWE,Africa,Sub-Saharan Africa,internal_displacement,Internal Displacement Index,,,,2022,IDI 2023 publication,lower_worse,TRUE,TRUE,44,,,,
